domain,fold,split,filepath,label
arm2,0,train,data/raw/ai4simulate/airplane/airplane_0001.png,airplane
arm2,0,train,data/raw/ai4simulate/airplane/airplane_0002.png,airplane
arm2,0,train,data/raw/ai4simulate/airplane/airplane_0003.png,airplane
arm2,0,train,data/raw/ai4simulate/airplane/airplane_0004.png,airplane
arm2,0,train,data/raw/ai4simulate/airplane/airplane_0006.png,airplane
arm2,0,train,data/raw/ai4simulate/airplane/airplane_0007.png,airplane
arm2,0,train,data/raw/ai4simulate/airplane/airplane_0008.png,airplane
arm2,0,train,data/raw/ai4simulate/airplane/airplane_0010.png,airplane
arm2,0,train,data/raw/ai4simulate/airplane/airplane_0011.png,airplane
arm2,0,train,data/raw/ai4simulate/airplane/airplane_0012.png,airplane
arm2,0,train,data/raw/ai4simulate/airplane/airplane_0013.png,airplane
arm2,0,train,data/raw/ai4simulate/airplane/airplane_0014.png,airplane
arm2,0,train,data/raw/ai4simulate/airplane/airplane_0017.png,airplane
arm2,0,train,data/raw/ai4simulate/airplane/airplane_0018.png,airplane
arm2,0,train,data/raw/ai4simulate/airplane/airplane_0019.png,airplane
arm2,0,train,data/raw/ai4simulate/airplane/airplane_0020.png,airplane
arm2,0,train,data/raw/ai4simulate/airplane/airplane_0021.png,airplane
arm2,0,train,data/raw/ai4simulate/airplane/airplane_0022.png,airplane
arm2,0,train,data/raw/ai4simulate/airplane/airplane_0023.png,airplane
arm2,0,train,data/raw/ai4simulate/airplane/airplane_0024.png,airplane
arm2,0,train,data/raw/ai4simulate/airplane/airplane_0025.png,airplane
arm2,0,train,data/raw/ai4simulate/airplane/airplane_0027.png,airplane
arm2,0,train,data/raw/ai4simulate/airplane/airplane_0028.png,airplane
arm2,0,train,data/raw/ai4simulate/airplane/airplane_0029.png,airplane
arm2,0,train,data/raw/ai4simulate/airplane/airplane_0030.png,airplane
arm2,0,train,data/raw/ai4simulate/airplane/airplane_0032.png,airplane
arm2,0,train,data/raw/ai4simulate/airplane/airplane_0034.png,airplane
arm2,0,train,data/raw/ai4simulate/airplane/airplane_0035.png,airplane
arm2,0,train,data/raw/ai4simulate/airplane/airplane_0037.png,airplane
arm2,0,train,data/raw/ai4simulate/airplane/airplane_0038.png,airplane
arm2,0,train,data/raw/ai4simulate/airplane/airplane_0040.png,airplane
arm2,0,train,data/raw/ai4simulate/airplane/airplane_0041.png,airplane
arm2,0,train,data/raw/ai4simulate/airplane/airplane_0042.png,airplane
arm2,0,train,data/raw/ai4simulate/airplane/airplane_0043.png,airplane
arm2,0,train,data/raw/ai4simulate/airplane/airplane_0044.png,airplane
arm2,0,train,data/raw/ai4simulate/airplane/airplane_0045.png,airplane
arm2,0,train,data/raw/ai4simulate/airplane/airplane_0047.png,airplane
arm2,0,train,data/raw/ai4simulate/airplane/airplane_0050.png,airplane
arm2,0,train,data/raw/ai4simulate/airplane/airplane_0052.png,airplane
arm2,0,train,data/raw/ai4simulate/airplane/airplane_0054.png,airplane
arm2,0,train,data/raw/ai4simulate/airplane/airplane_0055.png,airplane
arm2,0,train,data/raw/ai4simulate/airplane/airplane_0056.png,airplane
arm2,0,train,data/raw/ai4simulate/airplane/airplane_0057.png,airplane
arm2,0,train,data/raw/ai4simulate/airplane/airplane_0058.png,airplane
arm2,0,train,data/raw/ai4simulate/airplane/airplane_0059.png,airplane
arm2,0,train,data/raw/ai4simulate/airplane/airplane_0060.png,airplane
arm2,0,train,data/raw/ai4simulate/airplane/airplane_0061.png,airplane
arm2,0,train,data/raw/ai4simulate/airplane/airplane_0062.png,airplane
arm2,0,train,data/raw/ai4simulate/airplane/airplane_0063.png,airplane
arm2,0,train,data/raw/ai4simulate/airplane/airplane_0065.png,airplane
arm2,0,train,data/raw/ai4simulate/airplane/airplane_0066.png,airplane
arm2,0,train,data/raw/ai4simulate/airplane/airplane_0067.png,airplane
arm2,0,train,data/raw/ai4simulate/airplane/airplane_0068.png,airplane
arm2,0,train,data/raw/ai4simulate/airplane/airplane_0069.png,airplane
arm2,0,train,data/raw/ai4simulate/airplane/airplane_0070.png,airplane
arm2,0,train,data/raw/ai4simulate/airplane/airplane_0071.png,airplane
arm2,0,train,data/raw/ai4simulate/airplane/airplane_0072.png,airplane
arm2,0,train,data/raw/ai4simulate/airplane/airplane_0073.png,airplane
arm2,0,train,data/raw/ai4simulate/airplane/airplane_0074.png,airplane
arm2,0,train,data/raw/ai4simulate/airplane/airplane_0075.png,airplane
arm2,0,train,data/raw/ai4simulate/airplane/airplane_0076.png,airplane
arm2,0,train,data/raw/ai4simulate/airplane/airplane_0077.png,airplane
arm2,0,train,data/raw/ai4simulate/airplane/airplane_0079.png,airplane
arm2,0,train,data/raw/ai4simulate/airplane/airplane_0080.png,airplane
arm2,0,train,data/raw/ai4simulate/airplane/airplane_0082.png,airplane
arm2,0,train,data/raw/ai4simulate/airplane/airplane_0083.png,airplane
arm2,0,train,data/raw/ai4simulate/airplane/airplane_0084.png,airplane
arm2,0,train,data/raw/ai4simulate/airplane/airplane_0085.png,airplane
arm2,0,train,data/raw/ai4simulate/airplane/airplane_0086.png,airplane
arm2,0,train,data/raw/ai4simulate/airplane/airplane_0087.png,airplane
arm2,0,train,data/raw/ai4simulate/airplane/airplane_0088.png,airplane
arm2,0,train,data/raw/ai4simulate/airplane/airplane_0090.png,airplane
arm2,0,train,data/raw/ai4simulate/ship/ship_0091.png,ship
arm2,0,train,data/raw/ai4simulate/ship/ship_0092.png,ship
arm2,0,train,data/raw/ai4simulate/ship/ship_0094.png,ship
arm2,0,train,data/raw/ai4simulate/ship/ship_0096.png,ship
arm2,0,train,data/raw/ai4simulate/ship/ship_0097.png,ship
arm2,0,train,data/raw/ai4simulate/ship/ship_0099.png,ship
arm2,0,train,data/raw/ai4simulate/ship/ship_0100.png,ship
arm2,0,train,data/raw/ai4simulate/ship/ship_0102.png,ship
arm2,0,train,data/raw/ai4simulate/ship/ship_0104.png,ship
arm2,0,train,data/raw/ai4simulate/ship/ship_0105.png,ship
arm2,0,train,data/raw/ai4simulate/ship/ship_0106.png,ship
arm2,0,train,data/raw/ai4simulate/ship/ship_0108.png,ship
arm2,0,train,data/raw/ai4simulate/ship/ship_0109.png,ship
arm2,0,train,data/raw/ai4simulate/ship/ship_0110.png,ship
arm2,0,train,data/raw/ai4simulate/ship/ship_0111.png,ship
arm2,0,train,data/raw/ai4simulate/ship/ship_0112.png,ship
arm2,0,train,data/raw/ai4simulate/ship/ship_0113.png,ship
arm2,0,train,data/raw/ai4simulate/ship/ship_0114.png,ship
arm2,0,train,data/raw/ai4simulate/ship/ship_0115.png,ship
arm2,0,train,data/raw/ai4simulate/ship/ship_0116.png,ship
arm2,0,train,data/raw/ai4simulate/ship/ship_0117.png,ship
arm2,0,train,data/raw/ai4simulate/ship/ship_0118.png,ship
arm2,0,train,data/raw/ai4simulate/ship/ship_0119.png,ship
arm2,0,train,data/raw/ai4simulate/ship/ship_0120.png,ship
arm2,0,train,data/raw/ai4simulate/ship/ship_0123.png,ship
arm2,0,train,data/raw/ai4simulate/ship/ship_0124.png,ship
arm2,0,train,data/raw/ai4simulate/ship/ship_0127.png,ship
arm2,0,train,data/raw/ai4simulate/ship/ship_0131.png,ship
arm2,0,train,data/raw/ai4simulate/ship/ship_0132.png,ship
arm2,0,train,data/raw/ai4simulate/ship/ship_0133.png,ship
arm2,0,train,data/raw/ai4simulate/ship/ship_0134.png,ship
arm2,0,train,data/raw/ai4simulate/ship/ship_0135.png,ship
arm2,0,train,data/raw/ai4simulate/ship/ship_0136.png,ship
arm2,0,train,data/raw/ai4simulate/ship/ship_0138.png,ship
arm2,0,train,data/raw/ai4simulate/ship/ship_0139.png,ship
arm2,0,train,data/raw/ai4simulate/ship/ship_0141.png,ship
arm2,0,train,data/raw/ai4simulate/ship/ship_0142.png,ship
arm2,0,train,data/raw/ai4simulate/ship/ship_0143.png,ship
arm2,0,train,data/raw/ai4simulate/ship/ship_0144.png,ship
arm2,0,train,data/raw/ai4simulate/ship/ship_0145.png,ship
arm2,0,train,data/raw/ai4simulate/ship/ship_0146.png,ship
arm2,0,train,data/raw/ai4simulate/ship/ship_0147.png,ship
arm2,0,train,data/raw/ai4simulate/ship/ship_0148.png,ship
arm2,0,train,data/raw/ai4simulate/ship/ship_0150.png,ship
arm2,0,train,data/raw/ai4simulate/ship/ship_0151.png,ship
arm2,0,train,data/raw/ai4simulate/ship/ship_0152.png,ship
arm2,0,train,data/raw/ai4simulate/ship/ship_0153.png,ship
arm2,0,train,data/raw/ai4simulate/ship/ship_0154.png,ship
arm2,0,train,data/raw/ai4simulate/ship/ship_0156.png,ship
arm2,0,train,data/raw/ai4simulate/ship/ship_0157.png,ship
arm2,0,train,data/raw/ai4simulate/ship/ship_0158.png,ship
arm2,0,train,data/raw/ai4simulate/ship/ship_0160.png,ship
arm2,0,train,data/raw/ai4simulate/ship/ship_0161.png,ship
arm2,0,train,data/raw/ai4simulate/ship/ship_0162.png,ship
arm2,0,train,data/raw/ai4simulate/ship/ship_0163.png,ship
arm2,0,train,data/raw/ai4simulate/ship/ship_0166.png,ship
arm2,0,train,data/raw/ai4simulate/ship/ship_0169.png,ship
arm2,0,train,data/raw/ai4simulate/ship/ship_0171.png,ship
arm2,0,train,data/raw/ai4simulate/ship/ship_0172.png,ship
arm2,0,train,data/raw/ai4simulate/ship/ship_0173.png,ship
arm2,0,train,data/raw/ai4simulate/ship/ship_0174.png,ship
arm2,0,train,data/raw/ai4simulate/ship/ship_0175.png,ship
arm2,0,train,data/raw/ai4simulate/ship/ship_0176.png,ship
arm2,0,train,data/raw/ai4simulate/ship/ship_0178.png,ship
arm2,0,train,data/raw/ai4simulate/ship/ship_0179.png,ship
arm2,0,train,data/raw/ai4simulate/ship/ship_0181.png,ship
arm2,0,train,data/raw/ai4simulate/ship/ship_0185.png,ship
arm2,0,train,data/raw/ai4simulate/ship/ship_0186.png,ship
arm2,0,train,data/raw/ai4simulate/ship/ship_0187.png,ship
arm2,0,train,data/raw/ai4simulate/ship/ship_0188.png,ship
arm2,0,train,data/raw/ai4simulate/ship/ship_0189.png,ship
arm2,0,train,data/raw/ai4simulate/ship/ship_0190.png,ship
arm2,0,train,data/raw/ai4simulate/ship/ship_0191.png,ship
arm2,0,train,data/raw/ai4simulate/ship/ship_0192.png,ship
arm2,0,train,data/raw/ai4simulate/ship/ship_0193.png,ship
arm2,0,train,data/raw/ai4simulate/ship/ship_0194.png,ship
arm2,0,train,data/raw/ai4simulate/ship/ship_0195.png,ship
arm2,0,train,data/raw/ai4simulate/ship/ship_0196.png,ship
arm2,0,train,data/raw/ai4simulate/ship/ship_0198.png,ship
arm2,0,train,data/raw/ai4simulate/ship/ship_0199.png,ship
arm2,0,train,data/raw/ai4simulate/ship/ship_0200.png,ship
arm2,0,train,data/raw/ai4simulate/ship/ship_0201.png,ship
arm2,0,train,data/raw/ai4simulate/ship/ship_0202.png,ship
arm2,0,train,data/raw/ai4simulate/ship/ship_0203.png,ship
arm2,0,train,data/raw/ai4simulate/ship/ship_0204.png,ship
arm2,0,train,data/raw/ai4simulate/ship/ship_0205.png,ship
arm2,0,train,data/raw/ai4simulate/ship/ship_0206.png,ship
arm2,0,train,data/raw/ai4simulate/ship/ship_0207.png,ship
arm2,0,train,data/raw/ai4simulate/ship/ship_0208.png,ship
arm2,0,train,data/raw/ai4simulate/ship/ship_0209.png,ship
arm2,0,train,data/raw/ai4simulate/ship/ship_0210.png,ship
arm2,0,train,data/raw/ai4simulate/ship/ship_0211.png,ship
arm2,0,train,data/raw/ai4simulate/ship/ship_0212.png,ship
arm2,0,train,data/raw/ai4simulate/ship/ship_0213.png,ship
arm2,0,train,data/raw/ai4simulate/ship/ship_0214.png,ship
arm2,0,train,data/raw/ai4simulate/ship/ship_0215.png,ship
arm2,0,train,data/raw/ai4simulate/ship/ship_0216.png,ship
arm2,0,train,data/raw/ai4simulate/ship/ship_0217.png,ship
arm2,0,train,data/raw/ai4simulate/ship/ship_0218.png,ship
arm2,0,train,data/raw/ai4simulate/ship/ship_0219.png,ship
arm2,0,train,data/raw/ai4simulate/ship/ship_0220.png,ship
arm2,0,train,data/raw/ai4simulate/ship/ship_0223.png,ship
arm2,0,train,data/raw/ai4simulate/ship/ship_0225.png,ship
arm2,0,train,data/raw/ai4simulate/ship/ship_0226.png,ship
arm2,0,train,data/raw/ai4simulate/ship/ship_0228.png,ship
arm2,0,train,data/raw/ai4simulate/ship/ship_0230.png,ship
arm2,0,train,data/raw/ai4simulate/ship/ship_0232.png,ship
arm2,0,train,data/raw/ai4simulate/ship/ship_0233.png,ship
arm2,0,train,data/raw/ai4simulate/ship/ship_0234.png,ship
arm2,0,train,data/raw/ai4simulate/ship/ship_0235.png,ship
arm2,0,train,data/raw/ai4simulate/ship/ship_0236.png,ship
arm2,0,train,data/raw/ai4simulate/ship/ship_0237.png,ship
arm2,0,train,data/raw/ai4simulate/ship/ship_0239.png,ship
arm2,0,train,data/raw/ai4simulate/ship/ship_0240.png,ship
arm2,0,train,data/raw/ai4simulate/ship/ship_0241.png,ship
arm2,0,train,data/raw/ai4simulate/ship/ship_0242.png,ship
arm2,0,train,data/raw/ai4simulate/ship/ship_0244.png,ship
arm2,0,train,data/raw/ai4simulate/ship/ship_0247.png,ship
arm2,0,train,data/raw/ai4simulate/ship/ship_0249.png,ship
arm2,0,train,data/raw/ai4simulate/ship/ship_0250.png,ship
arm2,0,train,data/raw/ai4simulate/ship/ship_0251.png,ship
arm2,0,train,data/raw/ai4simulate/ship/ship_0252.png,ship
arm2,0,train,data/raw/ai4simulate/ship/ship_0253.png,ship
arm2,0,train,data/raw/ai4simulate/ship/ship_0255.png,ship
arm2,0,train,data/raw/ai4simulate/ship/ship_0256.png,ship
arm2,0,train,data/raw/ai4simulate/ship/ship_0257.png,ship
arm2,0,train,data/raw/ai4simulate/ship/ship_0259.png,ship
arm2,0,train,data/raw/ai4simulate/ship/ship_0261.png,ship
arm2,0,train,data/raw/ai4simulate/ship/ship_0262.png,ship
arm2,0,train,data/raw/ai4simulate/ship/ship_0265.png,ship
arm2,0,train,data/raw/ai4simulate/ship/ship_0267.png,ship
arm2,0,train,data/raw/ai4simulate/ship/ship_0268.png,ship
arm2,0,train,data/raw/ai4simulate/ship/ship_0270.png,ship
arm2,0,train,data/raw/ai4simulate/ship/ship_0271.png,ship
arm2,0,train,data/raw/ai4simulate/ship/ship_0272.png,ship
arm2,0,train,data/raw/ai4simulate/ship/ship_0274.png,ship
arm2,0,train,data/raw/ai4simulate/ship/ship_0275.png,ship
arm2,0,train,data/raw/ai4simulate/ship/ship_0278.png,ship
arm2,0,train,data/raw/ai4simulate/ship/ship_0280.png,ship
arm2,0,train,data/raw/ai4simulate/ship/ship_0282.png,ship
arm2,0,train,data/raw/ai4simulate/ship/ship_0284.png,ship
arm2,0,train,data/raw/ai4simulate/ship/ship_0285.png,ship
arm2,0,train,data/raw/ai4simulate/ship/ship_0286.png,ship
arm2,0,train,data/raw/ai4simulate/ship/ship_0287.png,ship
arm2,0,train,data/raw/ai4simulate/ship/ship_0288.png,ship
arm2,0,train,data/raw/ai4simulate/ship/ship_0289.png,ship
arm2,0,train,data/raw/ai4simulate/ship/ship_0290.png,ship
arm2,0,train,data/raw/ai4simulate/ship/ship_0291.png,ship
arm2,0,train,data/raw/ai4simulate/ship/ship_0292.png,ship
arm2,0,train,data/raw/ai4simulate/ship/ship_0293.png,ship
arm2,0,train,data/raw/ai4simulate/ship/ship_0294.png,ship
arm2,0,train,data/raw/ai4simulate/ship/ship_0295.png,ship
arm2,0,train,data/raw/ai4simulate/ship/ship_0296.png,ship
arm2,0,train,data/raw/ai4simulate/ship/ship_0298.png,ship
arm2,0,train,data/raw/ai4simulate/ship/ship_0299.png,ship
arm2,0,train,data/raw/ai4simulate/ship/ship_0301.png,ship
arm2,0,train,data/raw/ai4simulate/ship/ship_0302.png,ship
arm2,0,train,data/raw/ai4simulate/ship/ship_0303.png,ship
arm2,0,train,data/raw/ai4simulate/ship/ship_0304.png,ship
arm2,0,train,data/raw/ai4simulate/ship/ship_0305.png,ship
arm2,0,train,data/raw/ai4simulate/ship/ship_0306.png,ship
arm2,0,train,data/raw/ai4simulate/ship/ship_0307.png,ship
arm2,0,train,data/raw/ai4simulate/ship/ship_0308.png,ship
arm2,0,train,data/raw/ai4simulate/ship/ship_0309.png,ship
arm2,0,train,data/raw/ai4simulate/ship/ship_0310.png,ship
arm2,0,train,data/raw/ai4simulate/ship/ship_0311.png,ship
arm2,0,train,data/raw/ai4simulate/ship/ship_0312.png,ship
arm2,0,train,data/raw/ai4simulate/ship/ship_0313.png,ship
arm2,0,train,data/raw/ai4simulate/ship/ship_0314.png,ship
arm2,0,train,data/raw/ai4simulate/ship/ship_0315.png,ship
arm2,0,train,data/raw/ai4simulate/ship/ship_0316.png,ship
arm2,0,train,data/raw/ai4simulate/ship/ship_0317.png,ship
arm2,0,train,data/raw/ai4simulate/ship/ship_0318.png,ship
arm2,0,train,data/raw/ai4simulate/ship/ship_0319.png,ship
arm2,0,train,data/raw/ai4simulate/ship/ship_0320.png,ship
arm2,0,train,data/raw/ai4simulate/ship/ship_0321.png,ship
arm2,0,train,data/raw/ai4simulate/ship/ship_0322.png,ship
arm2,0,train,data/raw/ai4simulate/ship/ship_0324.png,ship
arm2,0,train,data/raw/ai4simulate/ship/ship_0325.png,ship
arm2,0,train,data/raw/ai4simulate/ship/ship_0326.png,ship
arm2,0,train,data/raw/ai4simulate/ship/ship_0327.png,ship
arm2,0,train,data/raw/ai4simulate/ship/ship_0328.png,ship
arm2,0,train,data/raw/ai4simulate/ship/ship_0329.png,ship
arm2,0,train,data/raw/ai4simulate/ship/ship_0330.png,ship
arm2,0,train,data/raw/ai4simulate/ship/ship_0331.png,ship
arm2,0,train,data/raw/ai4simulate/ship/ship_0332.png,ship
arm2,0,train,data/raw/ai4simulate/ship/ship_0333.png,ship
arm2,0,train,data/raw/ai4simulate/ship/ship_0334.png,ship
arm2,0,train,data/raw/ai4simulate/ship/ship_0335.png,ship
arm2,0,train,data/raw/ai4simulate/ship/ship_0336.png,ship
arm2,0,train,data/raw/ai4simulate/ship/ship_0338.png,ship
arm2,0,train,data/raw/ai4simulate/ship/ship_0339.png,ship
arm2,0,train,data/raw/ai4simulate/ship/ship_0341.png,ship
arm2,0,train,data/raw/ai4simulate/ship/ship_0342.png,ship
arm2,0,train,data/raw/ai4simulate/ship/ship_0343.png,ship
arm2,0,train,data/raw/ai4simulate/ship/ship_0344.png,ship
arm2,0,train,data/raw/ai4simulate/ship/ship_0345.png,ship
arm2,0,train,data/raw/ai4simulate/ship/ship_0346.png,ship
arm2,0,train,data/raw/ai4simulate/ship/ship_0348.png,ship
arm2,0,train,data/raw/ai4simulate/ship/ship_0349.png,ship
arm2,0,train,data/raw/ai4simulate/ship/ship_0350.png,ship
arm2,0,train,data/raw/ai4simulate/ship/ship_0351.png,ship
arm2,0,train,data/raw/ai4simulate/ship/ship_0352.png,ship
arm2,0,train,data/raw/ai4simulate/ship/ship_0353.png,ship
arm2,0,train,data/raw/ai4simulate/ship/ship_0355.png,ship
arm2,0,train,data/raw/ai4simulate/ship/ship_0356.png,ship
arm2,0,train,data/raw/ai4simulate/ship/ship_0357.png,ship
arm2,0,train,data/raw/ai4simulate/ship/ship_0358.png,ship
arm2,0,train,data/raw/ai4simulate/ship/ship_0359.png,ship
arm2,0,train,data/raw/ai4simulate/ship/ship_0360.png,ship
arm2,0,train,data/raw/ai4simulate/ship/ship_0361.png,ship
arm2,0,train,data/raw/ai4simulate/ship/ship_0362.png,ship
arm2,0,train,data/raw/ai4simulate/ship/ship_0363.png,ship
arm2,0,train,data/raw/ai4simulate/ship/ship_0364.png,ship
arm2,0,train,data/raw/ai4simulate/ship/ship_0365.png,ship
arm2,0,train,data/raw/ai4simulate/ship/ship_0366.png,ship
arm2,0,train,data/raw/ai4simulate/ship/ship_0367.png,ship
arm2,0,train,data/raw/ai4simulate/ship/ship_0368.png,ship
arm2,0,train,data/raw/ai4simulate/ship/ship_0369.png,ship
arm2,0,train,data/raw/ai4simulate/ship/ship_0370.png,ship
arm2,0,train,data/raw/ai4simulate/ship/ship_0371.png,ship
arm2,0,train,data/raw/ai4simulate/ship/ship_0372.png,ship
arm2,0,train,data/raw/ai4simulate/ship/ship_0373.png,ship
arm2,0,train,data/raw/ai4simulate/ship/ship_0374.png,ship
arm2,0,train,data/raw/ai4simulate/ship/ship_0375.png,ship
arm2,0,train,data/raw/ai4simulate/ship/ship_0376.png,ship
arm2,0,train,data/raw/ai4simulate/ship/ship_0377.png,ship
arm2,0,train,data/raw/ai4simulate/ship/ship_0378.png,ship
arm2,0,train,data/raw/ai4simulate/ship/ship_0380.png,ship
arm2,0,train,data/raw/ai4simulate/ship/ship_0381.png,ship
arm2,0,train,data/raw/ai4simulate/ship/ship_0382.png,ship
arm2,0,train,data/raw/ai4simulate/ship/ship_0383.png,ship
arm2,0,train,data/raw/ai4simulate/ship/ship_0385.png,ship
arm2,0,train,data/raw/ai4simulate/ship/ship_0386.png,ship
arm2,0,train,data/raw/ai4simulate/ship/ship_0388.png,ship
arm2,0,train,data/raw/ai4simulate/ship/ship_0389.png,ship
arm2,0,train,data/raw/ai4simulate/ship/ship_0390.png,ship
arm2,0,train,data/raw/ai4simulate/ship/ship_0391.png,ship
arm2,0,train,data/raw/ai4simulate/ship/ship_0392.png,ship
arm2,0,train,data/raw/ai4simulate/ship/ship_0393.png,ship
arm2,0,train,data/raw/ai4simulate/ship/ship_0394.png,ship
arm2,0,train,data/raw/ai4simulate/ship/ship_0395.png,ship
arm2,0,train,data/raw/ai4simulate/ship/ship_0396.png,ship
arm2,0,train,data/raw/ai4simulate/ship/ship_0397.png,ship
arm2,0,train,data/raw/ai4simulate/ship/ship_0398.png,ship
arm2,0,train,data/raw/ai4simulate/ship/ship_0399.png,ship
arm2,0,train,data/raw/ai4simulate/ship/ship_0400.png,ship
arm2,0,train,data/raw/ai4simulate/ship/ship_0401.png,ship
arm2,0,train,data/raw/ai4simulate/ship/ship_0402.png,ship
arm2,0,train,data/raw/ai4simulate/ship/ship_0403.png,ship
arm2,0,train,data/raw/ai4simulate/ship/ship_0404.png,ship
arm2,0,train,data/raw/ai4simulate/ship/ship_0405.png,ship
arm2,0,train,data/raw/ai4simulate/ship/ship_0406.png,ship
arm2,0,train,data/raw/ai4simulate/ship/ship_0407.png,ship
arm2,0,train,data/raw/ai4simulate/ship/ship_0408.png,ship
arm2,0,train,data/raw/ai4simulate/ship/ship_0409.png,ship
arm2,0,train,data/raw/ai4simulate/ship/ship_0410.png,ship
arm2,0,train,data/raw/ai4simulate/ship/ship_0411.png,ship
arm2,0,train,data/raw/ai4simulate/ship/ship_0412.png,ship
arm2,0,train,data/raw/ai4simulate/ship/ship_0413.png,ship
arm2,0,train,data/raw/ai4simulate/ship/ship_0414.png,ship
arm2,0,train,data/raw/ai4simulate/ship/ship_0415.png,ship
arm2,0,train,data/raw/ai4simulate/ship/ship_0416.png,ship
arm2,0,train,data/raw/ai4simulate/ship/ship_0417.png,ship
arm2,0,train,data/raw/ai4simulate/ship/ship_0418.png,ship
arm2,0,train,data/raw/ai4simulate/ship/ship_0419.png,ship
arm2,0,train,data/raw/ai4simulate/ship/ship_0421.png,ship
arm2,0,train,data/raw/ai4simulate/ship/ship_0422.png,ship
arm2,0,train,data/raw/ai4simulate/ship/ship_0423.png,ship
arm2,0,train,data/raw/ai4simulate/ship/ship_0424.png,ship
arm2,0,train,data/raw/ai4simulate/ship/ship_0425.png,ship
arm2,0,train,data/raw/ai4simulate/ship/ship_0427.png,ship
arm2,0,train,data/raw/ai4simulate/ship/ship_0429.png,ship
arm2,0,train,data/raw/ai4simulate/ship/ship_0430.png,ship
arm2,0,train,data/raw/ai4simulate/ship/ship_0431.png,ship
arm2,0,train,data/raw/ai4simulate/ship/ship_0432.png,ship
arm2,0,train,data/raw/ai4simulate/ship/ship_0433.png,ship
arm2,0,train,data/raw/ai4simulate/ship/ship_0434.png,ship
arm2,0,train,data/raw/ai4simulate/ship/ship_0438.png,ship
arm2,0,train,data/raw/ai4simulate/ship/ship_0439.png,ship
arm2,0,train,data/raw/ai4simulate/ship/ship_0440.png,ship
arm2,0,train,data/raw/ai4simulate/ship/ship_0441.png,ship
arm2,0,train,data/raw/ai4simulate/ship/ship_0442.png,ship
arm2,0,train,data/raw/ai4simulate/ship/ship_0443.png,ship
arm2,0,train,data/raw/ai4simulate/ship/ship_0445.png,ship
arm2,0,train,data/raw/ai4simulate/ship/ship_0446.png,ship
arm2,0,train,data/raw/ai4simulate/ship/ship_0447.png,ship
arm2,0,train,data/raw/ai4simulate/ship/ship_0448.png,ship
arm2,0,train,data/raw/ai4simulate/ship/ship_0449.png,ship
arm2,0,train,data/raw/ai4simulate/ship/ship_0451.png,ship
arm2,0,train,data/raw/ai4simulate/ship/ship_0453.png,ship
arm2,0,train,data/raw/ai4simulate/ship/ship_0454.png,ship
arm2,0,train,data/raw/ai4simulate/ship/ship_0455.png,ship
arm2,0,train,data/raw/ai4simulate/ship/ship_0456.png,ship
arm2,0,train,data/raw/ai4simulate/ship/ship_0457.png,ship
arm2,0,train,data/raw/ai4simulate/ship/ship_0459.png,ship
arm2,0,train,data/raw/ai4simulate/ship/ship_0460.png,ship
arm2,0,train,data/raw/ai4simulate/ship/ship_0461.png,ship
arm2,0,train,data/raw/ai4simulate/ship/ship_0462.png,ship
arm2,0,train,data/raw/ai4simulate/ship/ship_0464.png,ship
arm2,0,train,data/raw/ai4simulate/ship/ship_0465.png,ship
arm2,0,train,data/raw/ai4simulate/ship/ship_0466.png,ship
arm2,0,train,data/raw/ai4simulate/ship/ship_0467.png,ship
arm2,0,train,data/raw/ai4simulate/ship/ship_0468.png,ship
arm2,0,train,data/raw/ai4simulate/ship/ship_0469.png,ship
arm2,0,train,data/raw/ai4simulate/ship/ship_0473.png,ship
arm2,0,train,data/raw/ai4simulate/ship/ship_0474.png,ship
arm2,0,train,data/raw/ai4simulate/ship/ship_0475.png,ship
arm2,0,train,data/raw/ai4simulate/ship/ship_0476.png,ship
arm2,0,train,data/raw/ai4simulate/ship/ship_0479.png,ship
arm2,0,train,data/raw/ai4simulate/ship/ship_0480.png,ship
arm2,0,train,data/raw/ai4simulate/ship/ship_0481.png,ship
arm2,0,train,data/raw/ai4simulate/ship/ship_0482.png,ship
arm2,0,train,data/raw/ai4simulate/ship/ship_0483.png,ship
arm2,0,train,data/raw/ai4simulate/ship/ship_0484.png,ship
arm2,0,train,data/raw/ai4simulate/ship/ship_0485.png,ship
arm2,0,train,data/raw/ai4simulate/ship/ship_0486.png,ship
arm2,0,train,data/raw/ai4simulate/ship/ship_0488.png,ship
arm2,0,train,data/raw/ai4simulate/ship/ship_0489.png,ship
arm2,0,train,data/raw/ai4simulate/ship/ship_0490.png,ship
arm2,0,test,data/raw/ai4simulate/airplane/airplane_0005.png,airplane
arm2,0,test,data/raw/ai4simulate/airplane/airplane_0009.png,airplane
arm2,0,test,data/raw/ai4simulate/airplane/airplane_0015.png,airplane
arm2,0,test,data/raw/ai4simulate/airplane/airplane_0016.png,airplane
arm2,0,test,data/raw/ai4simulate/airplane/airplane_0026.png,airplane
arm2,0,test,data/raw/ai4simulate/airplane/airplane_0031.png,airplane
arm2,0,test,data/raw/ai4simulate/airplane/airplane_0033.png,airplane
arm2,0,test,data/raw/ai4simulate/airplane/airplane_0036.png,airplane
arm2,0,test,data/raw/ai4simulate/airplane/airplane_0039.png,airplane
arm2,0,test,data/raw/ai4simulate/airplane/airplane_0046.png,airplane
arm2,0,test,data/raw/ai4simulate/airplane/airplane_0048.png,airplane
arm2,0,test,data/raw/ai4simulate/airplane/airplane_0049.png,airplane
arm2,0,test,data/raw/ai4simulate/airplane/airplane_0051.png,airplane
arm2,0,test,data/raw/ai4simulate/airplane/airplane_0053.png,airplane
arm2,0,test,data/raw/ai4simulate/airplane/airplane_0064.png,airplane
arm2,0,test,data/raw/ai4simulate/airplane/airplane_0078.png,airplane
arm2,0,test,data/raw/ai4simulate/airplane/airplane_0081.png,airplane
arm2,0,test,data/raw/ai4simulate/airplane/airplane_0089.png,airplane
arm2,0,test,data/raw/ai4simulate/ship/ship_0093.png,ship
arm2,0,test,data/raw/ai4simulate/ship/ship_0095.png,ship
arm2,0,test,data/raw/ai4simulate/ship/ship_0098.png,ship
arm2,0,test,data/raw/ai4simulate/ship/ship_0101.png,ship
arm2,0,test,data/raw/ai4simulate/ship/ship_0103.png,ship
arm2,0,test,data/raw/ai4simulate/ship/ship_0107.png,ship
arm2,0,test,data/raw/ai4simulate/ship/ship_0121.png,ship
arm2,0,test,data/raw/ai4simulate/ship/ship_0122.png,ship
arm2,0,test,data/raw/ai4simulate/ship/ship_0125.png,ship
arm2,0,test,data/raw/ai4simulate/ship/ship_0126.png,ship
arm2,0,test,data/raw/ai4simulate/ship/ship_0128.png,ship
arm2,0,test,data/raw/ai4simulate/ship/ship_0129.png,ship
arm2,0,test,data/raw/ai4simulate/ship/ship_0130.png,ship
arm2,0,test,data/raw/ai4simulate/ship/ship_0137.png,ship
arm2,0,test,data/raw/ai4simulate/ship/ship_0140.png,ship
arm2,0,test,data/raw/ai4simulate/ship/ship_0149.png,ship
arm2,0,test,data/raw/ai4simulate/ship/ship_0155.png,ship
arm2,0,test,data/raw/ai4simulate/ship/ship_0159.png,ship
arm2,0,test,data/raw/ai4simulate/ship/ship_0164.png,ship
arm2,0,test,data/raw/ai4simulate/ship/ship_0165.png,ship
arm2,0,test,data/raw/ai4simulate/ship/ship_0167.png,ship
arm2,0,test,data/raw/ai4simulate/ship/ship_0168.png,ship
arm2,0,test,data/raw/ai4simulate/ship/ship_0170.png,ship
arm2,0,test,data/raw/ai4simulate/ship/ship_0177.png,ship
arm2,0,test,data/raw/ai4simulate/ship/ship_0180.png,ship
arm2,0,test,data/raw/ai4simulate/ship/ship_0182.png,ship
arm2,0,test,data/raw/ai4simulate/ship/ship_0183.png,ship
arm2,0,test,data/raw/ai4simulate/ship/ship_0184.png,ship
arm2,0,test,data/raw/ai4simulate/ship/ship_0197.png,ship
arm2,0,test,data/raw/ai4simulate/ship/ship_0221.png,ship
arm2,0,test,data/raw/ai4simulate/ship/ship_0222.png,ship
arm2,0,test,data/raw/ai4simulate/ship/ship_0224.png,ship
arm2,0,test,data/raw/ai4simulate/ship/ship_0227.png,ship
arm2,0,test,data/raw/ai4simulate/ship/ship_0229.png,ship
arm2,0,test,data/raw/ai4simulate/ship/ship_0231.png,ship
arm2,0,test,data/raw/ai4simulate/ship/ship_0238.png,ship
arm2,0,test,data/raw/ai4simulate/ship/ship_0243.png,ship
arm2,0,test,data/raw/ai4simulate/ship/ship_0245.png,ship
arm2,0,test,data/raw/ai4simulate/ship/ship_0246.png,ship
arm2,0,test,data/raw/ai4simulate/ship/ship_0248.png,ship
arm2,0,test,data/raw/ai4simulate/ship/ship_0254.png,ship
arm2,0,test,data/raw/ai4simulate/ship/ship_0258.png,ship
arm2,0,test,data/raw/ai4simulate/ship/ship_0260.png,ship
arm2,0,test,data/raw/ai4simulate/ship/ship_0263.png,ship
arm2,0,test,data/raw/ai4simulate/ship/ship_0264.png,ship
arm2,0,test,data/raw/ai4simulate/ship/ship_0266.png,ship
arm2,0,test,data/raw/ai4simulate/ship/ship_0269.png,ship
arm2,0,test,data/raw/ai4simulate/ship/ship_0273.png,ship
arm2,0,test,data/raw/ai4simulate/ship/ship_0276.png,ship
arm2,0,test,data/raw/ai4simulate/ship/ship_0277.png,ship
arm2,0,test,data/raw/ai4simulate/ship/ship_0279.png,ship
arm2,0,test,data/raw/ai4simulate/ship/ship_0281.png,ship
arm2,0,test,data/raw/ai4simulate/ship/ship_0283.png,ship
arm2,0,test,data/raw/ai4simulate/ship/ship_0297.png,ship
arm2,0,test,data/raw/ai4simulate/ship/ship_0300.png,ship
arm2,0,test,data/raw/ai4simulate/ship/ship_0323.png,ship
arm2,0,test,data/raw/ai4simulate/ship/ship_0337.png,ship
arm2,0,test,data/raw/ai4simulate/ship/ship_0340.png,ship
arm2,0,test,data/raw/ai4simulate/ship/ship_0347.png,ship
arm2,0,test,data/raw/ai4simulate/ship/ship_0354.png,ship
arm2,0,test,data/raw/ai4simulate/ship/ship_0379.png,ship
arm2,0,test,data/raw/ai4simulate/ship/ship_0384.png,ship
arm2,0,test,data/raw/ai4simulate/ship/ship_0387.png,ship
arm2,0,test,data/raw/ai4simulate/ship/ship_0420.png,ship
arm2,0,test,data/raw/ai4simulate/ship/ship_0426.png,ship
arm2,0,test,data/raw/ai4simulate/ship/ship_0428.png,ship
arm2,0,test,data/raw/ai4simulate/ship/ship_0435.png,ship
arm2,0,test,data/raw/ai4simulate/ship/ship_0436.png,ship
arm2,0,test,data/raw/ai4simulate/ship/ship_0437.png,ship
arm2,0,test,data/raw/ai4simulate/ship/ship_0444.png,ship
arm2,0,test,data/raw/ai4simulate/ship/ship_0450.png,ship
arm2,0,test,data/raw/ai4simulate/ship/ship_0452.png,ship
arm2,0,test,data/raw/ai4simulate/ship/ship_0458.png,ship
arm2,0,test,data/raw/ai4simulate/ship/ship_0463.png,ship
arm2,0,test,data/raw/ai4simulate/ship/ship_0470.png,ship
arm2,0,test,data/raw/ai4simulate/ship/ship_0471.png,ship
arm2,0,test,data/raw/ai4simulate/ship/ship_0472.png,ship
arm2,0,test,data/raw/ai4simulate/ship/ship_0477.png,ship
arm2,0,test,data/raw/ai4simulate/ship/ship_0478.png,ship
arm2,0,test,data/raw/ai4simulate/ship/ship_0487.png,ship
arm2,1,train,data/raw/ai4simulate/airplane/airplane_0001.png,airplane
arm2,1,train,data/raw/ai4simulate/airplane/airplane_0003.png,airplane
arm2,1,train,data/raw/ai4simulate/airplane/airplane_0004.png,airplane
arm2,1,train,data/raw/ai4simulate/airplane/airplane_0005.png,airplane
arm2,1,train,data/raw/ai4simulate/airplane/airplane_0007.png,airplane
arm2,1,train,data/raw/ai4simulate/airplane/airplane_0008.png,airplane
arm2,1,train,data/raw/ai4simulate/airplane/airplane_0009.png,airplane
arm2,1,train,data/raw/ai4simulate/airplane/airplane_0010.png,airplane
arm2,1,train,data/raw/ai4simulate/airplane/airplane_0011.png,airplane
arm2,1,train,data/raw/ai4simulate/airplane/airplane_0013.png,airplane
arm2,1,train,data/raw/ai4simulate/airplane/airplane_0014.png,airplane
arm2,1,train,data/raw/ai4simulate/airplane/airplane_0015.png,airplane
arm2,1,train,data/raw/ai4simulate/airplane/airplane_0016.png,airplane
arm2,1,train,data/raw/ai4simulate/airplane/airplane_0019.png,airplane
arm2,1,train,data/raw/ai4simulate/airplane/airplane_0020.png,airplane
arm2,1,train,data/raw/ai4simulate/airplane/airplane_0021.png,airplane
arm2,1,train,data/raw/ai4simulate/airplane/airplane_0022.png,airplane
arm2,1,train,data/raw/ai4simulate/airplane/airplane_0023.png,airplane
arm2,1,train,data/raw/ai4simulate/airplane/airplane_0026.png,airplane
arm2,1,train,data/raw/ai4simulate/airplane/airplane_0027.png,airplane
arm2,1,train,data/raw/ai4simulate/airplane/airplane_0028.png,airplane
arm2,1,train,data/raw/ai4simulate/airplane/airplane_0030.png,airplane
arm2,1,train,data/raw/ai4simulate/airplane/airplane_0031.png,airplane
arm2,1,train,data/raw/ai4simulate/airplane/airplane_0032.png,airplane
arm2,1,train,data/raw/ai4simulate/airplane/airplane_0033.png,airplane
arm2,1,train,data/raw/ai4simulate/airplane/airplane_0034.png,airplane
arm2,1,train,data/raw/ai4simulate/airplane/airplane_0035.png,airplane
arm2,1,train,data/raw/ai4simulate/airplane/airplane_0036.png,airplane
arm2,1,train,data/raw/ai4simulate/airplane/airplane_0037.png,airplane
arm2,1,train,data/raw/ai4simulate/airplane/airplane_0039.png,airplane
arm2,1,train,data/raw/ai4simulate/airplane/airplane_0040.png,airplane
arm2,1,train,data/raw/ai4simulate/airplane/airplane_0043.png,airplane
arm2,1,train,data/raw/ai4simulate/airplane/airplane_0045.png,airplane
arm2,1,train,data/raw/ai4simulate/airplane/airplane_0046.png,airplane
arm2,1,train,data/raw/ai4simulate/airplane/airplane_0048.png,airplane
arm2,1,train,data/raw/ai4simulate/airplane/airplane_0049.png,airplane
arm2,1,train,data/raw/ai4simulate/airplane/airplane_0050.png,airplane
arm2,1,train,data/raw/ai4simulate/airplane/airplane_0051.png,airplane
arm2,1,train,data/raw/ai4simulate/airplane/airplane_0052.png,airplane
arm2,1,train,data/raw/ai4simulate/airplane/airplane_0053.png,airplane
arm2,1,train,data/raw/ai4simulate/airplane/airplane_0054.png,airplane
arm2,1,train,data/raw/ai4simulate/airplane/airplane_0055.png,airplane
arm2,1,train,data/raw/ai4simulate/airplane/airplane_0056.png,airplane
arm2,1,train,data/raw/ai4simulate/airplane/airplane_0057.png,airplane
arm2,1,train,data/raw/ai4simulate/airplane/airplane_0058.png,airplane
arm2,1,train,data/raw/ai4simulate/airplane/airplane_0059.png,airplane
arm2,1,train,data/raw/ai4simulate/airplane/airplane_0060.png,airplane
arm2,1,train,data/raw/ai4simulate/airplane/airplane_0061.png,airplane
arm2,1,train,data/raw/ai4simulate/airplane/airplane_0062.png,airplane
arm2,1,train,data/raw/ai4simulate/airplane/airplane_0063.png,airplane
arm2,1,train,data/raw/ai4simulate/airplane/airplane_0064.png,airplane
arm2,1,train,data/raw/ai4simulate/airplane/airplane_0065.png,airplane
arm2,1,train,data/raw/ai4simulate/airplane/airplane_0066.png,airplane
arm2,1,train,data/raw/ai4simulate/airplane/airplane_0067.png,airplane
arm2,1,train,data/raw/ai4simulate/airplane/airplane_0068.png,airplane
arm2,1,train,data/raw/ai4simulate/airplane/airplane_0069.png,airplane
arm2,1,train,data/raw/ai4simulate/airplane/airplane_0070.png,airplane
arm2,1,train,data/raw/ai4simulate/airplane/airplane_0072.png,airplane
arm2,1,train,data/raw/ai4simulate/airplane/airplane_0073.png,airplane
arm2,1,train,data/raw/ai4simulate/airplane/airplane_0074.png,airplane
arm2,1,train,data/raw/ai4simulate/airplane/airplane_0075.png,airplane
arm2,1,train,data/raw/ai4simulate/airplane/airplane_0076.png,airplane
arm2,1,train,data/raw/ai4simulate/airplane/airplane_0078.png,airplane
arm2,1,train,data/raw/ai4simulate/airplane/airplane_0079.png,airplane
arm2,1,train,data/raw/ai4simulate/airplane/airplane_0081.png,airplane
arm2,1,train,data/raw/ai4simulate/airplane/airplane_0083.png,airplane
arm2,1,train,data/raw/ai4simulate/airplane/airplane_0084.png,airplane
arm2,1,train,data/raw/ai4simulate/airplane/airplane_0085.png,airplane
arm2,1,train,data/raw/ai4simulate/airplane/airplane_0087.png,airplane
arm2,1,train,data/raw/ai4simulate/airplane/airplane_0088.png,airplane
arm2,1,train,data/raw/ai4simulate/airplane/airplane_0089.png,airplane
arm2,1,train,data/raw/ai4simulate/airplane/airplane_0090.png,airplane
arm2,1,train,data/raw/ai4simulate/ship/ship_0091.png,ship
arm2,1,train,data/raw/ai4simulate/ship/ship_0092.png,ship
arm2,1,train,data/raw/ai4simulate/ship/ship_0093.png,ship
arm2,1,train,data/raw/ai4simulate/ship/ship_0094.png,ship
arm2,1,train,data/raw/ai4simulate/ship/ship_0095.png,ship
arm2,1,train,data/raw/ai4simulate/ship/ship_0096.png,ship
arm2,1,train,data/raw/ai4simulate/ship/ship_0098.png,ship
arm2,1,train,data/raw/ai4simulate/ship/ship_0101.png,ship
arm2,1,train,data/raw/ai4simulate/ship/ship_0103.png,ship
arm2,1,train,data/raw/ai4simulate/ship/ship_0105.png,ship
arm2,1,train,data/raw/ai4simulate/ship/ship_0107.png,ship
arm2,1,train,data/raw/ai4simulate/ship/ship_0109.png,ship
arm2,1,train,data/raw/ai4simulate/ship/ship_0111.png,ship
arm2,1,train,data/raw/ai4simulate/ship/ship_0112.png,ship
arm2,1,train,data/raw/ai4simulate/ship/ship_0113.png,ship
arm2,1,train,data/raw/ai4simulate/ship/ship_0114.png,ship
arm2,1,train,data/raw/ai4simulate/ship/ship_0115.png,ship
arm2,1,train,data/raw/ai4simulate/ship/ship_0116.png,ship
arm2,1,train,data/raw/ai4simulate/ship/ship_0117.png,ship
arm2,1,train,data/raw/ai4simulate/ship/ship_0119.png,ship
arm2,1,train,data/raw/ai4simulate/ship/ship_0121.png,ship
arm2,1,train,data/raw/ai4simulate/ship/ship_0122.png,ship
arm2,1,train,data/raw/ai4simulate/ship/ship_0123.png,ship
arm2,1,train,data/raw/ai4simulate/ship/ship_0124.png,ship
arm2,1,train,data/raw/ai4simulate/ship/ship_0125.png,ship
arm2,1,train,data/raw/ai4simulate/ship/ship_0126.png,ship
arm2,1,train,data/raw/ai4simulate/ship/ship_0127.png,ship
arm2,1,train,data/raw/ai4simulate/ship/ship_0128.png,ship
arm2,1,train,data/raw/ai4simulate/ship/ship_0129.png,ship
arm2,1,train,data/raw/ai4simulate/ship/ship_0130.png,ship
arm2,1,train,data/raw/ai4simulate/ship/ship_0133.png,ship
arm2,1,train,data/raw/ai4simulate/ship/ship_0135.png,ship
arm2,1,train,data/raw/ai4simulate/ship/ship_0136.png,ship
arm2,1,train,data/raw/ai4simulate/ship/ship_0137.png,ship
arm2,1,train,data/raw/ai4simulate/ship/ship_0138.png,ship
arm2,1,train,data/raw/ai4simulate/ship/ship_0139.png,ship
arm2,1,train,data/raw/ai4simulate/ship/ship_0140.png,ship
arm2,1,train,data/raw/ai4simulate/ship/ship_0143.png,ship
arm2,1,train,data/raw/ai4simulate/ship/ship_0145.png,ship
arm2,1,train,data/raw/ai4simulate/ship/ship_0146.png,ship
arm2,1,train,data/raw/ai4simulate/ship/ship_0148.png,ship
arm2,1,train,data/raw/ai4simulate/ship/ship_0149.png,ship
arm2,1,train,data/raw/ai4simulate/ship/ship_0150.png,ship
arm2,1,train,data/raw/ai4simulate/ship/ship_0151.png,ship
arm2,1,train,data/raw/ai4simulate/ship/ship_0152.png,ship
arm2,1,train,data/raw/ai4simulate/ship/ship_0153.png,ship
arm2,1,train,data/raw/ai4simulate/ship/ship_0154.png,ship
arm2,1,train,data/raw/ai4simulate/ship/ship_0155.png,ship
arm2,1,train,data/raw/ai4simulate/ship/ship_0156.png,ship
arm2,1,train,data/raw/ai4simulate/ship/ship_0159.png,ship
arm2,1,train,data/raw/ai4simulate/ship/ship_0160.png,ship
arm2,1,train,data/raw/ai4simulate/ship/ship_0162.png,ship
arm2,1,train,data/raw/ai4simulate/ship/ship_0163.png,ship
arm2,1,train,data/raw/ai4simulate/ship/ship_0164.png,ship
arm2,1,train,data/raw/ai4simulate/ship/ship_0165.png,ship
arm2,1,train,data/raw/ai4simulate/ship/ship_0167.png,ship
arm2,1,train,data/raw/ai4simulate/ship/ship_0168.png,ship
arm2,1,train,data/raw/ai4simulate/ship/ship_0169.png,ship
arm2,1,train,data/raw/ai4simulate/ship/ship_0170.png,ship
arm2,1,train,data/raw/ai4simulate/ship/ship_0171.png,ship
arm2,1,train,data/raw/ai4simulate/ship/ship_0172.png,ship
arm2,1,train,data/raw/ai4simulate/ship/ship_0173.png,ship
arm2,1,train,data/raw/ai4simulate/ship/ship_0176.png,ship
arm2,1,train,data/raw/ai4simulate/ship/ship_0177.png,ship
arm2,1,train,data/raw/ai4simulate/ship/ship_0178.png,ship
arm2,1,train,data/raw/ai4simulate/ship/ship_0179.png,ship
arm2,1,train,data/raw/ai4simulate/ship/ship_0180.png,ship
arm2,1,train,data/raw/ai4simulate/ship/ship_0181.png,ship
arm2,1,train,data/raw/ai4simulate/ship/ship_0182.png,ship
arm2,1,train,data/raw/ai4simulate/ship/ship_0183.png,ship
arm2,1,train,data/raw/ai4simulate/ship/ship_0184.png,ship
arm2,1,train,data/raw/ai4simulate/ship/ship_0186.png,ship
arm2,1,train,data/raw/ai4simulate/ship/ship_0187.png,ship
arm2,1,train,data/raw/ai4simulate/ship/ship_0188.png,ship
arm2,1,train,data/raw/ai4simulate/ship/ship_0189.png,ship
arm2,1,train,data/raw/ai4simulate/ship/ship_0190.png,ship
arm2,1,train,data/raw/ai4simulate/ship/ship_0191.png,ship
arm2,1,train,data/raw/ai4simulate/ship/ship_0192.png,ship
arm2,1,train,data/raw/ai4simulate/ship/ship_0193.png,ship
arm2,1,train,data/raw/ai4simulate/ship/ship_0194.png,ship
arm2,1,train,data/raw/ai4simulate/ship/ship_0196.png,ship
arm2,1,train,data/raw/ai4simulate/ship/ship_0197.png,ship
arm2,1,train,data/raw/ai4simulate/ship/ship_0198.png,ship
arm2,1,train,data/raw/ai4simulate/ship/ship_0199.png,ship
arm2,1,train,data/raw/ai4simulate/ship/ship_0200.png,ship
arm2,1,train,data/raw/ai4simulate/ship/ship_0201.png,ship
arm2,1,train,data/raw/ai4simulate/ship/ship_0202.png,ship
arm2,1,train,data/raw/ai4simulate/ship/ship_0203.png,ship
arm2,1,train,data/raw/ai4simulate/ship/ship_0204.png,ship
arm2,1,train,data/raw/ai4simulate/ship/ship_0205.png,ship
arm2,1,train,data/raw/ai4simulate/ship/ship_0206.png,ship
arm2,1,train,data/raw/ai4simulate/ship/ship_0207.png,ship
arm2,1,train,data/raw/ai4simulate/ship/ship_0209.png,ship
arm2,1,train,data/raw/ai4simulate/ship/ship_0210.png,ship
arm2,1,train,data/raw/ai4simulate/ship/ship_0211.png,ship
arm2,1,train,data/raw/ai4simulate/ship/ship_0213.png,ship
arm2,1,train,data/raw/ai4simulate/ship/ship_0214.png,ship
arm2,1,train,data/raw/ai4simulate/ship/ship_0215.png,ship
arm2,1,train,data/raw/ai4simulate/ship/ship_0217.png,ship
arm2,1,train,data/raw/ai4simulate/ship/ship_0219.png,ship
arm2,1,train,data/raw/ai4simulate/ship/ship_0220.png,ship
arm2,1,train,data/raw/ai4simulate/ship/ship_0221.png,ship
arm2,1,train,data/raw/ai4simulate/ship/ship_0222.png,ship
arm2,1,train,data/raw/ai4simulate/ship/ship_0223.png,ship
arm2,1,train,data/raw/ai4simulate/ship/ship_0224.png,ship
arm2,1,train,data/raw/ai4simulate/ship/ship_0225.png,ship
arm2,1,train,data/raw/ai4simulate/ship/ship_0226.png,ship
arm2,1,train,data/raw/ai4simulate/ship/ship_0227.png,ship
arm2,1,train,data/raw/ai4simulate/ship/ship_0228.png,ship
arm2,1,train,data/raw/ai4simulate/ship/ship_0229.png,ship
arm2,1,train,data/raw/ai4simulate/ship/ship_0230.png,ship
arm2,1,train,data/raw/ai4simulate/ship/ship_0231.png,ship
arm2,1,train,data/raw/ai4simulate/ship/ship_0232.png,ship
arm2,1,train,data/raw/ai4simulate/ship/ship_0233.png,ship
arm2,1,train,data/raw/ai4simulate/ship/ship_0234.png,ship
arm2,1,train,data/raw/ai4simulate/ship/ship_0235.png,ship
arm2,1,train,data/raw/ai4simulate/ship/ship_0237.png,ship
arm2,1,train,data/raw/ai4simulate/ship/ship_0238.png,ship
arm2,1,train,data/raw/ai4simulate/ship/ship_0240.png,ship
arm2,1,train,data/raw/ai4simulate/ship/ship_0241.png,ship
arm2,1,train,data/raw/ai4simulate/ship/ship_0242.png,ship
arm2,1,train,data/raw/ai4simulate/ship/ship_0243.png,ship
arm2,1,train,data/raw/ai4simulate/ship/ship_0244.png,ship
arm2,1,train,data/raw/ai4simulate/ship/ship_0245.png,ship
arm2,1,train,data/raw/ai4simulate/ship/ship_0246.png,ship
arm2,1,train,data/raw/ai4simulate/ship/ship_0247.png,ship
arm2,1,train,data/raw/ai4simulate/ship/ship_0248.png,ship
arm2,1,train,data/raw/ai4simulate/ship/ship_0249.png,ship
arm2,1,train,data/raw/ai4simulate/ship/ship_0250.png,ship
arm2,1,train,data/raw/ai4simulate/ship/ship_0252.png,ship
arm2,1,train,data/raw/ai4simulate/ship/ship_0253.png,ship
arm2,1,train,data/raw/ai4simulate/ship/ship_0254.png,ship
arm2,1,train,data/raw/ai4simulate/ship/ship_0255.png,ship
arm2,1,train,data/raw/ai4simulate/ship/ship_0256.png,ship
arm2,1,train,data/raw/ai4simulate/ship/ship_0257.png,ship
arm2,1,train,data/raw/ai4simulate/ship/ship_0258.png,ship
arm2,1,train,data/raw/ai4simulate/ship/ship_0260.png,ship
arm2,1,train,data/raw/ai4simulate/ship/ship_0261.png,ship
arm2,1,train,data/raw/ai4simulate/ship/ship_0262.png,ship
arm2,1,train,data/raw/ai4simulate/ship/ship_0263.png,ship
arm2,1,train,data/raw/ai4simulate/ship/ship_0264.png,ship
arm2,1,train,data/raw/ai4simulate/ship/ship_0265.png,ship
arm2,1,train,data/raw/ai4simulate/ship/ship_0266.png,ship
arm2,1,train,data/raw/ai4simulate/ship/ship_0267.png,ship
arm2,1,train,data/raw/ai4simulate/ship/ship_0268.png,ship
arm2,1,train,data/raw/ai4simulate/ship/ship_0269.png,ship
arm2,1,train,data/raw/ai4simulate/ship/ship_0271.png,ship
arm2,1,train,data/raw/ai4simulate/ship/ship_0272.png,ship
arm2,1,train,data/raw/ai4simulate/ship/ship_0273.png,ship
arm2,1,train,data/raw/ai4simulate/ship/ship_0274.png,ship
arm2,1,train,data/raw/ai4simulate/ship/ship_0275.png,ship
arm2,1,train,data/raw/ai4simulate/ship/ship_0276.png,ship
arm2,1,train,data/raw/ai4simulate/ship/ship_0277.png,ship
arm2,1,train,data/raw/ai4simulate/ship/ship_0278.png,ship
arm2,1,train,data/raw/ai4simulate/ship/ship_0279.png,ship
arm2,1,train,data/raw/ai4simulate/ship/ship_0281.png,ship
arm2,1,train,data/raw/ai4simulate/ship/ship_0283.png,ship
arm2,1,train,data/raw/ai4simulate/ship/ship_0286.png,ship
arm2,1,train,data/raw/ai4simulate/ship/ship_0287.png,ship
arm2,1,train,data/raw/ai4simulate/ship/ship_0288.png,ship
arm2,1,train,data/raw/ai4simulate/ship/ship_0289.png,ship
arm2,1,train,data/raw/ai4simulate/ship/ship_0291.png,ship
arm2,1,train,data/raw/ai4simulate/ship/ship_0292.png,ship
arm2,1,train,data/raw/ai4simulate/ship/ship_0293.png,ship
arm2,1,train,data/raw/ai4simulate/ship/ship_0294.png,ship
arm2,1,train,data/raw/ai4simulate/ship/ship_0295.png,ship
arm2,1,train,data/raw/ai4simulate/ship/ship_0296.png,ship
arm2,1,train,data/raw/ai4simulate/ship/ship_0297.png,ship
arm2,1,train,data/raw/ai4simulate/ship/ship_0299.png,ship
arm2,1,train,data/raw/ai4simulate/ship/ship_0300.png,ship
arm2,1,train,data/raw/ai4simulate/ship/ship_0301.png,ship
arm2,1,train,data/raw/ai4simulate/ship/ship_0302.png,ship
arm2,1,train,data/raw/ai4simulate/ship/ship_0303.png,ship
arm2,1,train,data/raw/ai4simulate/ship/ship_0304.png,ship
arm2,1,train,data/raw/ai4simulate/ship/ship_0305.png,ship
arm2,1,train,data/raw/ai4simulate/ship/ship_0306.png,ship
arm2,1,train,data/raw/ai4simulate/ship/ship_0307.png,ship
arm2,1,train,data/raw/ai4simulate/ship/ship_0310.png,ship
arm2,1,train,data/raw/ai4simulate/ship/ship_0314.png,ship
arm2,1,train,data/raw/ai4simulate/ship/ship_0315.png,ship
arm2,1,train,data/raw/ai4simulate/ship/ship_0316.png,ship
arm2,1,train,data/raw/ai4simulate/ship/ship_0319.png,ship
arm2,1,train,data/raw/ai4simulate/ship/ship_0320.png,ship
arm2,1,train,data/raw/ai4simulate/ship/ship_0321.png,ship
arm2,1,train,data/raw/ai4simulate/ship/ship_0322.png,ship
arm2,1,train,data/raw/ai4simulate/ship/ship_0323.png,ship
arm2,1,train,data/raw/ai4simulate/ship/ship_0324.png,ship
arm2,1,train,data/raw/ai4simulate/ship/ship_0325.png,ship
arm2,1,train,data/raw/ai4simulate/ship/ship_0326.png,ship
arm2,1,train,data/raw/ai4simulate/ship/ship_0328.png,ship
arm2,1,train,data/raw/ai4simulate/ship/ship_0329.png,ship
arm2,1,train,data/raw/ai4simulate/ship/ship_0330.png,ship
arm2,1,train,data/raw/ai4simulate/ship/ship_0331.png,ship
arm2,1,train,data/raw/ai4simulate/ship/ship_0332.png,ship
arm2,1,train,data/raw/ai4simulate/ship/ship_0333.png,ship
arm2,1,train,data/raw/ai4simulate/ship/ship_0334.png,ship
arm2,1,train,data/raw/ai4simulate/ship/ship_0335.png,ship
arm2,1,train,data/raw/ai4simulate/ship/ship_0336.png,ship
arm2,1,train,data/raw/ai4simulate/ship/ship_0337.png,ship
arm2,1,train,data/raw/ai4simulate/ship/ship_0338.png,ship
arm2,1,train,data/raw/ai4simulate/ship/ship_0339.png,ship
arm2,1,train,data/raw/ai4simulate/ship/ship_0340.png,ship
arm2,1,train,data/raw/ai4simulate/ship/ship_0341.png,ship
arm2,1,train,data/raw/ai4simulate/ship/ship_0343.png,ship
arm2,1,train,data/raw/ai4simulate/ship/ship_0344.png,ship
arm2,1,train,data/raw/ai4simulate/ship/ship_0345.png,ship
arm2,1,train,data/raw/ai4simulate/ship/ship_0346.png,ship
arm2,1,train,data/raw/ai4simulate/ship/ship_0347.png,ship
arm2,1,train,data/raw/ai4simulate/ship/ship_0349.png,ship
arm2,1,train,data/raw/ai4simulate/ship/ship_0350.png,ship
arm2,1,train,data/raw/ai4simulate/ship/ship_0351.png,ship
arm2,1,train,data/raw/ai4simulate/ship/ship_0353.png,ship
arm2,1,train,data/raw/ai4simulate/ship/ship_0354.png,ship
arm2,1,train,data/raw/ai4simulate/ship/ship_0355.png,ship
arm2,1,train,data/raw/ai4simulate/ship/ship_0356.png,ship
arm2,1,train,data/raw/ai4simulate/ship/ship_0357.png,ship
arm2,1,train,data/raw/ai4simulate/ship/ship_0359.png,ship
arm2,1,train,data/raw/ai4simulate/ship/ship_0361.png,ship
arm2,1,train,data/raw/ai4simulate/ship/ship_0362.png,ship
arm2,1,train,data/raw/ai4simulate/ship/ship_0364.png,ship
arm2,1,train,data/raw/ai4simulate/ship/ship_0367.png,ship
arm2,1,train,data/raw/ai4simulate/ship/ship_0368.png,ship
arm2,1,train,data/raw/ai4simulate/ship/ship_0370.png,ship
arm2,1,train,data/raw/ai4simulate/ship/ship_0372.png,ship
arm2,1,train,data/raw/ai4simulate/ship/ship_0373.png,ship
arm2,1,train,data/raw/ai4simulate/ship/ship_0374.png,ship
arm2,1,train,data/raw/ai4simulate/ship/ship_0375.png,ship
arm2,1,train,data/raw/ai4simulate/ship/ship_0376.png,ship
arm2,1,train,data/raw/ai4simulate/ship/ship_0377.png,ship
arm2,1,train,data/raw/ai4simulate/ship/ship_0378.png,ship
arm2,1,train,data/raw/ai4simulate/ship/ship_0379.png,ship
arm2,1,train,data/raw/ai4simulate/ship/ship_0380.png,ship
arm2,1,train,data/raw/ai4simulate/ship/ship_0382.png,ship
arm2,1,train,data/raw/ai4simulate/ship/ship_0383.png,ship
arm2,1,train,data/raw/ai4simulate/ship/ship_0384.png,ship
arm2,1,train,data/raw/ai4simulate/ship/ship_0385.png,ship
arm2,1,train,data/raw/ai4simulate/ship/ship_0387.png,ship
arm2,1,train,data/raw/ai4simulate/ship/ship_0388.png,ship
arm2,1,train,data/raw/ai4simulate/ship/ship_0389.png,ship
arm2,1,train,data/raw/ai4simulate/ship/ship_0390.png,ship
arm2,1,train,data/raw/ai4simulate/ship/ship_0391.png,ship
arm2,1,train,data/raw/ai4simulate/ship/ship_0392.png,ship
arm2,1,train,data/raw/ai4simulate/ship/ship_0393.png,ship
arm2,1,train,data/raw/ai4simulate/ship/ship_0394.png,ship
arm2,1,train,data/raw/ai4simulate/ship/ship_0395.png,ship
arm2,1,train,data/raw/ai4simulate/ship/ship_0396.png,ship
arm2,1,train,data/raw/ai4simulate/ship/ship_0398.png,ship
arm2,1,train,data/raw/ai4simulate/ship/ship_0399.png,ship
arm2,1,train,data/raw/ai4simulate/ship/ship_0400.png,ship
arm2,1,train,data/raw/ai4simulate/ship/ship_0401.png,ship
arm2,1,train,data/raw/ai4simulate/ship/ship_0403.png,ship
arm2,1,train,data/raw/ai4simulate/ship/ship_0404.png,ship
arm2,1,train,data/raw/ai4simulate/ship/ship_0405.png,ship
arm2,1,train,data/raw/ai4simulate/ship/ship_0406.png,ship
arm2,1,train,data/raw/ai4simulate/ship/ship_0407.png,ship
arm2,1,train,data/raw/ai4simulate/ship/ship_0409.png,ship
arm2,1,train,data/raw/ai4simulate/ship/ship_0410.png,ship
arm2,1,train,data/raw/ai4simulate/ship/ship_0411.png,ship
arm2,1,train,data/raw/ai4simulate/ship/ship_0414.png,ship
arm2,1,train,data/raw/ai4simulate/ship/ship_0415.png,ship
arm2,1,train,data/raw/ai4simulate/ship/ship_0416.png,ship
arm2,1,train,data/raw/ai4simulate/ship/ship_0417.png,ship
arm2,1,train,data/raw/ai4simulate/ship/ship_0419.png,ship
arm2,1,train,data/raw/ai4simulate/ship/ship_0420.png,ship
arm2,1,train,data/raw/ai4simulate/ship/ship_0422.png,ship
arm2,1,train,data/raw/ai4simulate/ship/ship_0423.png,ship
arm2,1,train,data/raw/ai4simulate/ship/ship_0425.png,ship
arm2,1,train,data/raw/ai4simulate/ship/ship_0426.png,ship
arm2,1,train,data/raw/ai4simulate/ship/ship_0427.png,ship
arm2,1,train,data/raw/ai4simulate/ship/ship_0428.png,ship
arm2,1,train,data/raw/ai4simulate/ship/ship_0429.png,ship
arm2,1,train,data/raw/ai4simulate/ship/ship_0431.png,ship
arm2,1,train,data/raw/ai4simulate/ship/ship_0432.png,ship
arm2,1,train,data/raw/ai4simulate/ship/ship_0433.png,ship
arm2,1,train,data/raw/ai4simulate/ship/ship_0435.png,ship
arm2,1,train,data/raw/ai4simulate/ship/ship_0436.png,ship
arm2,1,train,data/raw/ai4simulate/ship/ship_0437.png,ship
arm2,1,train,data/raw/ai4simulate/ship/ship_0438.png,ship
arm2,1,train,data/raw/ai4simulate/ship/ship_0440.png,ship
arm2,1,train,data/raw/ai4simulate/ship/ship_0441.png,ship
arm2,1,train,data/raw/ai4simulate/ship/ship_0442.png,ship
arm2,1,train,data/raw/ai4simulate/ship/ship_0444.png,ship
arm2,1,train,data/raw/ai4simulate/ship/ship_0445.png,ship
arm2,1,train,data/raw/ai4simulate/ship/ship_0446.png,ship
arm2,1,train,data/raw/ai4simulate/ship/ship_0447.png,ship
arm2,1,train,data/raw/ai4simulate/ship/ship_0448.png,ship
arm2,1,train,data/raw/ai4simulate/ship/ship_0449.png,ship
arm2,1,train,data/raw/ai4simulate/ship/ship_0450.png,ship
arm2,1,train,data/raw/ai4simulate/ship/ship_0451.png,ship
arm2,1,train,data/raw/ai4simulate/ship/ship_0452.png,ship
arm2,1,train,data/raw/ai4simulate/ship/ship_0453.png,ship
arm2,1,train,data/raw/ai4simulate/ship/ship_0454.png,ship
arm2,1,train,data/raw/ai4simulate/ship/ship_0455.png,ship
arm2,1,train,data/raw/ai4simulate/ship/ship_0456.png,ship
arm2,1,train,data/raw/ai4simulate/ship/ship_0457.png,ship
arm2,1,train,data/raw/ai4simulate/ship/ship_0458.png,ship
arm2,1,train,data/raw/ai4simulate/ship/ship_0459.png,ship
arm2,1,train,data/raw/ai4simulate/ship/ship_0462.png,ship
arm2,1,train,data/raw/ai4simulate/ship/ship_0463.png,ship
arm2,1,train,data/raw/ai4simulate/ship/ship_0464.png,ship
arm2,1,train,data/raw/ai4simulate/ship/ship_0465.png,ship
arm2,1,train,data/raw/ai4simulate/ship/ship_0466.png,ship
arm2,1,train,data/raw/ai4simulate/ship/ship_0468.png,ship
arm2,1,train,data/raw/ai4simulate/ship/ship_0469.png,ship
arm2,1,train,data/raw/ai4simulate/ship/ship_0470.png,ship
arm2,1,train,data/raw/ai4simulate/ship/ship_0471.png,ship
arm2,1,train,data/raw/ai4simulate/ship/ship_0472.png,ship
arm2,1,train,data/raw/ai4simulate/ship/ship_0473.png,ship
arm2,1,train,data/raw/ai4simulate/ship/ship_0474.png,ship
arm2,1,train,data/raw/ai4simulate/ship/ship_0475.png,ship
arm2,1,train,data/raw/ai4simulate/ship/ship_0477.png,ship
arm2,1,train,data/raw/ai4simulate/ship/ship_0478.png,ship
arm2,1,train,data/raw/ai4simulate/ship/ship_0479.png,ship
arm2,1,train,data/raw/ai4simulate/ship/ship_0480.png,ship
arm2,1,train,data/raw/ai4simulate/ship/ship_0481.png,ship
arm2,1,train,data/raw/ai4simulate/ship/ship_0482.png,ship
arm2,1,train,data/raw/ai4simulate/ship/ship_0483.png,ship
arm2,1,train,data/raw/ai4simulate/ship/ship_0484.png,ship
arm2,1,train,data/raw/ai4simulate/ship/ship_0487.png,ship
arm2,1,train,data/raw/ai4simulate/ship/ship_0490.png,ship
arm2,1,test,data/raw/ai4simulate/airplane/airplane_0002.png,airplane
arm2,1,test,data/raw/ai4simulate/airplane/airplane_0006.png,airplane
arm2,1,test,data/raw/ai4simulate/airplane/airplane_0012.png,airplane
arm2,1,test,data/raw/ai4simulate/airplane/airplane_0017.png,airplane
arm2,1,test,data/raw/ai4simulate/airplane/airplane_0018.png,airplane
arm2,1,test,data/raw/ai4simulate/airplane/airplane_0024.png,airplane
arm2,1,test,data/raw/ai4simulate/airplane/airplane_0025.png,airplane
arm2,1,test,data/raw/ai4simulate/airplane/airplane_0029.png,airplane
arm2,1,test,data/raw/ai4simulate/airplane/airplane_0038.png,airplane
arm2,1,test,data/raw/ai4simulate/airplane/airplane_0041.png,airplane
arm2,1,test,data/raw/ai4simulate/airplane/airplane_0042.png,airplane
arm2,1,test,data/raw/ai4simulate/airplane/airplane_0044.png,airplane
arm2,1,test,data/raw/ai4simulate/airplane/airplane_0047.png,airplane
arm2,1,test,data/raw/ai4simulate/airplane/airplane_0071.png,airplane
arm2,1,test,data/raw/ai4simulate/airplane/airplane_0077.png,airplane
arm2,1,test,data/raw/ai4simulate/airplane/airplane_0080.png,airplane
arm2,1,test,data/raw/ai4simulate/airplane/airplane_0082.png,airplane
arm2,1,test,data/raw/ai4simulate/airplane/airplane_0086.png,airplane
arm2,1,test,data/raw/ai4simulate/ship/ship_0097.png,ship
arm2,1,test,data/raw/ai4simulate/ship/ship_0099.png,ship
arm2,1,test,data/raw/ai4simulate/ship/ship_0100.png,ship
arm2,1,test,data/raw/ai4simulate/ship/ship_0102.png,ship
arm2,1,test,data/raw/ai4simulate/ship/ship_0104.png,ship
arm2,1,test,data/raw/ai4simulate/ship/ship_0106.png,ship
arm2,1,test,data/raw/ai4simulate/ship/ship_0108.png,ship
arm2,1,test,data/raw/ai4simulate/ship/ship_0110.png,ship
arm2,1,test,data/raw/ai4simulate/ship/ship_0118.png,ship
arm2,1,test,data/raw/ai4simulate/ship/ship_0120.png,ship
arm2,1,test,data/raw/ai4simulate/ship/ship_0131.png,ship
arm2,1,test,data/raw/ai4simulate/ship/ship_0132.png,ship
arm2,1,test,data/raw/ai4simulate/ship/ship_0134.png,ship
arm2,1,test,data/raw/ai4simulate/ship/ship_0141.png,ship
arm2,1,test,data/raw/ai4simulate/ship/ship_0142.png,ship
arm2,1,test,data/raw/ai4simulate/ship/ship_0144.png,ship
arm2,1,test,data/raw/ai4simulate/ship/ship_0147.png,ship
arm2,1,test,data/raw/ai4simulate/ship/ship_0157.png,ship
arm2,1,test,data/raw/ai4simulate/ship/ship_0158.png,ship
arm2,1,test,data/raw/ai4simulate/ship/ship_0161.png,ship
arm2,1,test,data/raw/ai4simulate/ship/ship_0166.png,ship
arm2,1,test,data/raw/ai4simulate/ship/ship_0174.png,ship
arm2,1,test,data/raw/ai4simulate/ship/ship_0175.png,ship
arm2,1,test,data/raw/ai4simulate/ship/ship_0185.png,ship
arm2,1,test,data/raw/ai4simulate/ship/ship_0195.png,ship
arm2,1,test,data/raw/ai4simulate/ship/ship_0208.png,ship
arm2,1,test,data/raw/ai4simulate/ship/ship_0212.png,ship
arm2,1,test,data/raw/ai4simulate/ship/ship_0216.png,ship
arm2,1,test,data/raw/ai4simulate/ship/ship_0218.png,ship
arm2,1,test,data/raw/ai4simulate/ship/ship_0236.png,ship
arm2,1,test,data/raw/ai4simulate/ship/ship_0239.png,ship
arm2,1,test,data/raw/ai4simulate/ship/ship_0251.png,ship
arm2,1,test,data/raw/ai4simulate/ship/ship_0259.png,ship
arm2,1,test,data/raw/ai4simulate/ship/ship_0270.png,ship
arm2,1,test,data/raw/ai4simulate/ship/ship_0280.png,ship
arm2,1,test,data/raw/ai4simulate/ship/ship_0282.png,ship
arm2,1,test,data/raw/ai4simulate/ship/ship_0284.png,ship
arm2,1,test,data/raw/ai4simulate/ship/ship_0285.png,ship
arm2,1,test,data/raw/ai4simulate/ship/ship_0290.png,ship
arm2,1,test,data/raw/ai4simulate/ship/ship_0298.png,ship
arm2,1,test,data/raw/ai4simulate/ship/ship_0308.png,ship
arm2,1,test,data/raw/ai4simulate/ship/ship_0309.png,ship
arm2,1,test,data/raw/ai4simulate/ship/ship_0311.png,ship
arm2,1,test,data/raw/ai4simulate/ship/ship_0312.png,ship
arm2,1,test,data/raw/ai4simulate/ship/ship_0313.png,ship
arm2,1,test,data/raw/ai4simulate/ship/ship_0317.png,ship
arm2,1,test,data/raw/ai4simulate/ship/ship_0318.png,ship
arm2,1,test,data/raw/ai4simulate/ship/ship_0327.png,ship
arm2,1,test,data/raw/ai4simulate/ship/ship_0342.png,ship
arm2,1,test,data/raw/ai4simulate/ship/ship_0348.png,ship
arm2,1,test,data/raw/ai4simulate/ship/ship_0352.png,ship
arm2,1,test,data/raw/ai4simulate/ship/ship_0358.png,ship
arm2,1,test,data/raw/ai4simulate/ship/ship_0360.png,ship
arm2,1,test,data/raw/ai4simulate/ship/ship_0363.png,ship
arm2,1,test,data/raw/ai4simulate/ship/ship_0365.png,ship
arm2,1,test,data/raw/ai4simulate/ship/ship_0366.png,ship
arm2,1,test,data/raw/ai4simulate/ship/ship_0369.png,ship
arm2,1,test,data/raw/ai4simulate/ship/ship_0371.png,ship
arm2,1,test,data/raw/ai4simulate/ship/ship_0381.png,ship
arm2,1,test,data/raw/ai4simulate/ship/ship_0386.png,ship
arm2,1,test,data/raw/ai4simulate/ship/ship_0397.png,ship
arm2,1,test,data/raw/ai4simulate/ship/ship_0402.png,ship
arm2,1,test,data/raw/ai4simulate/ship/ship_0408.png,ship
arm2,1,test,data/raw/ai4simulate/ship/ship_0412.png,ship
arm2,1,test,data/raw/ai4simulate/ship/ship_0413.png,ship
arm2,1,test,data/raw/ai4simulate/ship/ship_0418.png,ship
arm2,1,test,data/raw/ai4simulate/ship/ship_0421.png,ship
arm2,1,test,data/raw/ai4simulate/ship/ship_0424.png,ship
arm2,1,test,data/raw/ai4simulate/ship/ship_0430.png,ship
arm2,1,test,data/raw/ai4simulate/ship/ship_0434.png,ship
arm2,1,test,data/raw/ai4simulate/ship/ship_0439.png,ship
arm2,1,test,data/raw/ai4simulate/ship/ship_0443.png,ship
arm2,1,test,data/raw/ai4simulate/ship/ship_0460.png,ship
arm2,1,test,data/raw/ai4simulate/ship/ship_0461.png,ship
arm2,1,test,data/raw/ai4simulate/ship/ship_0467.png,ship
arm2,1,test,data/raw/ai4simulate/ship/ship_0476.png,ship
arm2,1,test,data/raw/ai4simulate/ship/ship_0485.png,ship
arm2,1,test,data/raw/ai4simulate/ship/ship_0486.png,ship
arm2,1,test,data/raw/ai4simulate/ship/ship_0488.png,ship
arm2,1,test,data/raw/ai4simulate/ship/ship_0489.png,ship
arm2,2,train,data/raw/ai4simulate/airplane/airplane_0002.png,airplane
arm2,2,train,data/raw/ai4simulate/airplane/airplane_0003.png,airplane
arm2,2,train,data/raw/ai4simulate/airplane/airplane_0004.png,airplane
arm2,2,train,data/raw/ai4simulate/airplane/airplane_0005.png,airplane
arm2,2,train,data/raw/ai4simulate/airplane/airplane_0006.png,airplane
arm2,2,train,data/raw/ai4simulate/airplane/airplane_0008.png,airplane
arm2,2,train,data/raw/ai4simulate/airplane/airplane_0009.png,airplane
arm2,2,train,data/raw/ai4simulate/airplane/airplane_0011.png,airplane
arm2,2,train,data/raw/ai4simulate/airplane/airplane_0012.png,airplane
arm2,2,train,data/raw/ai4simulate/airplane/airplane_0013.png,airplane
arm2,2,train,data/raw/ai4simulate/airplane/airplane_0014.png,airplane
arm2,2,train,data/raw/ai4simulate/airplane/airplane_0015.png,airplane
arm2,2,train,data/raw/ai4simulate/airplane/airplane_0016.png,airplane
arm2,2,train,data/raw/ai4simulate/airplane/airplane_0017.png,airplane
arm2,2,train,data/raw/ai4simulate/airplane/airplane_0018.png,airplane
arm2,2,train,data/raw/ai4simulate/airplane/airplane_0020.png,airplane
arm2,2,train,data/raw/ai4simulate/airplane/airplane_0021.png,airplane
arm2,2,train,data/raw/ai4simulate/airplane/airplane_0022.png,airplane
arm2,2,train,data/raw/ai4simulate/airplane/airplane_0023.png,airplane
arm2,2,train,data/raw/ai4simulate/airplane/airplane_0024.png,airplane
arm2,2,train,data/raw/ai4simulate/airplane/airplane_0025.png,airplane
arm2,2,train,data/raw/ai4simulate/airplane/airplane_0026.png,airplane
arm2,2,train,data/raw/ai4simulate/airplane/airplane_0027.png,airplane
arm2,2,train,data/raw/ai4simulate/airplane/airplane_0028.png,airplane
arm2,2,train,data/raw/ai4simulate/airplane/airplane_0029.png,airplane
arm2,2,train,data/raw/ai4simulate/airplane/airplane_0030.png,airplane
arm2,2,train,data/raw/ai4simulate/airplane/airplane_0031.png,airplane
arm2,2,train,data/raw/ai4simulate/airplane/airplane_0032.png,airplane
arm2,2,train,data/raw/ai4simulate/airplane/airplane_0033.png,airplane
arm2,2,train,data/raw/ai4simulate/airplane/airplane_0036.png,airplane
arm2,2,train,data/raw/ai4simulate/airplane/airplane_0038.png,airplane
arm2,2,train,data/raw/ai4simulate/airplane/airplane_0039.png,airplane
arm2,2,train,data/raw/ai4simulate/airplane/airplane_0040.png,airplane
arm2,2,train,data/raw/ai4simulate/airplane/airplane_0041.png,airplane
arm2,2,train,data/raw/ai4simulate/airplane/airplane_0042.png,airplane
arm2,2,train,data/raw/ai4simulate/airplane/airplane_0043.png,airplane
arm2,2,train,data/raw/ai4simulate/airplane/airplane_0044.png,airplane
arm2,2,train,data/raw/ai4simulate/airplane/airplane_0046.png,airplane
arm2,2,train,data/raw/ai4simulate/airplane/airplane_0047.png,airplane
arm2,2,train,data/raw/ai4simulate/airplane/airplane_0048.png,airplane
arm2,2,train,data/raw/ai4simulate/airplane/airplane_0049.png,airplane
arm2,2,train,data/raw/ai4simulate/airplane/airplane_0051.png,airplane
arm2,2,train,data/raw/ai4simulate/airplane/airplane_0052.png,airplane
arm2,2,train,data/raw/ai4simulate/airplane/airplane_0053.png,airplane
arm2,2,train,data/raw/ai4simulate/airplane/airplane_0054.png,airplane
arm2,2,train,data/raw/ai4simulate/airplane/airplane_0056.png,airplane
arm2,2,train,data/raw/ai4simulate/airplane/airplane_0057.png,airplane
arm2,2,train,data/raw/ai4simulate/airplane/airplane_0058.png,airplane
arm2,2,train,data/raw/ai4simulate/airplane/airplane_0062.png,airplane
arm2,2,train,data/raw/ai4simulate/airplane/airplane_0063.png,airplane
arm2,2,train,data/raw/ai4simulate/airplane/airplane_0064.png,airplane
arm2,2,train,data/raw/ai4simulate/airplane/airplane_0065.png,airplane
arm2,2,train,data/raw/ai4simulate/airplane/airplane_0067.png,airplane
arm2,2,train,data/raw/ai4simulate/airplane/airplane_0069.png,airplane
arm2,2,train,data/raw/ai4simulate/airplane/airplane_0070.png,airplane
arm2,2,train,data/raw/ai4simulate/airplane/airplane_0071.png,airplane
arm2,2,train,data/raw/ai4simulate/airplane/airplane_0072.png,airplane
arm2,2,train,data/raw/ai4simulate/airplane/airplane_0073.png,airplane
arm2,2,train,data/raw/ai4simulate/airplane/airplane_0074.png,airplane
arm2,2,train,data/raw/ai4simulate/airplane/airplane_0075.png,airplane
arm2,2,train,data/raw/ai4simulate/airplane/airplane_0077.png,airplane
arm2,2,train,data/raw/ai4simulate/airplane/airplane_0078.png,airplane
arm2,2,train,data/raw/ai4simulate/airplane/airplane_0080.png,airplane
arm2,2,train,data/raw/ai4simulate/airplane/airplane_0081.png,airplane
arm2,2,train,data/raw/ai4simulate/airplane/airplane_0082.png,airplane
arm2,2,train,data/raw/ai4simulate/airplane/airplane_0083.png,airplane
arm2,2,train,data/raw/ai4simulate/airplane/airplane_0084.png,airplane
arm2,2,train,data/raw/ai4simulate/airplane/airplane_0085.png,airplane
arm2,2,train,data/raw/ai4simulate/airplane/airplane_0086.png,airplane
arm2,2,train,data/raw/ai4simulate/airplane/airplane_0087.png,airplane
arm2,2,train,data/raw/ai4simulate/airplane/airplane_0088.png,airplane
arm2,2,train,data/raw/ai4simulate/airplane/airplane_0089.png,airplane
arm2,2,train,data/raw/ai4simulate/ship/ship_0091.png,ship
arm2,2,train,data/raw/ai4simulate/ship/ship_0092.png,ship
arm2,2,train,data/raw/ai4simulate/ship/ship_0093.png,ship
arm2,2,train,data/raw/ai4simulate/ship/ship_0095.png,ship
arm2,2,train,data/raw/ai4simulate/ship/ship_0096.png,ship
arm2,2,train,data/raw/ai4simulate/ship/ship_0097.png,ship
arm2,2,train,data/raw/ai4simulate/ship/ship_0098.png,ship
arm2,2,train,data/raw/ai4simulate/ship/ship_0099.png,ship
arm2,2,train,data/raw/ai4simulate/ship/ship_0100.png,ship
arm2,2,train,data/raw/ai4simulate/ship/ship_0101.png,ship
arm2,2,train,data/raw/ai4simulate/ship/ship_0102.png,ship
arm2,2,train,data/raw/ai4simulate/ship/ship_0103.png,ship
arm2,2,train,data/raw/ai4simulate/ship/ship_0104.png,ship
arm2,2,train,data/raw/ai4simulate/ship/ship_0106.png,ship
arm2,2,train,data/raw/ai4simulate/ship/ship_0107.png,ship
arm2,2,train,data/raw/ai4simulate/ship/ship_0108.png,ship
arm2,2,train,data/raw/ai4simulate/ship/ship_0109.png,ship
arm2,2,train,data/raw/ai4simulate/ship/ship_0110.png,ship
arm2,2,train,data/raw/ai4simulate/ship/ship_0111.png,ship
arm2,2,train,data/raw/ai4simulate/ship/ship_0112.png,ship
arm2,2,train,data/raw/ai4simulate/ship/ship_0113.png,ship
arm2,2,train,data/raw/ai4simulate/ship/ship_0114.png,ship
arm2,2,train,data/raw/ai4simulate/ship/ship_0115.png,ship
arm2,2,train,data/raw/ai4simulate/ship/ship_0116.png,ship
arm2,2,train,data/raw/ai4simulate/ship/ship_0117.png,ship
arm2,2,train,data/raw/ai4simulate/ship/ship_0118.png,ship
arm2,2,train,data/raw/ai4simulate/ship/ship_0120.png,ship
arm2,2,train,data/raw/ai4simulate/ship/ship_0121.png,ship
arm2,2,train,data/raw/ai4simulate/ship/ship_0122.png,ship
arm2,2,train,data/raw/ai4simulate/ship/ship_0123.png,ship
arm2,2,train,data/raw/ai4simulate/ship/ship_0124.png,ship
arm2,2,train,data/raw/ai4simulate/ship/ship_0125.png,ship
arm2,2,train,data/raw/ai4simulate/ship/ship_0126.png,ship
arm2,2,train,data/raw/ai4simulate/ship/ship_0127.png,ship
arm2,2,train,data/raw/ai4simulate/ship/ship_0128.png,ship
arm2,2,train,data/raw/ai4simulate/ship/ship_0129.png,ship
arm2,2,train,data/raw/ai4simulate/ship/ship_0130.png,ship
arm2,2,train,data/raw/ai4simulate/ship/ship_0131.png,ship
arm2,2,train,data/raw/ai4simulate/ship/ship_0132.png,ship
arm2,2,train,data/raw/ai4simulate/ship/ship_0133.png,ship
arm2,2,train,data/raw/ai4simulate/ship/ship_0134.png,ship
arm2,2,train,data/raw/ai4simulate/ship/ship_0135.png,ship
arm2,2,train,data/raw/ai4simulate/ship/ship_0136.png,ship
arm2,2,train,data/raw/ai4simulate/ship/ship_0137.png,ship
arm2,2,train,data/raw/ai4simulate/ship/ship_0139.png,ship
arm2,2,train,data/raw/ai4simulate/ship/ship_0140.png,ship
arm2,2,train,data/raw/ai4simulate/ship/ship_0141.png,ship
arm2,2,train,data/raw/ai4simulate/ship/ship_0142.png,ship
arm2,2,train,data/raw/ai4simulate/ship/ship_0144.png,ship
arm2,2,train,data/raw/ai4simulate/ship/ship_0147.png,ship
arm2,2,train,data/raw/ai4simulate/ship/ship_0149.png,ship
arm2,2,train,data/raw/ai4simulate/ship/ship_0150.png,ship
arm2,2,train,data/raw/ai4simulate/ship/ship_0151.png,ship
arm2,2,train,data/raw/ai4simulate/ship/ship_0153.png,ship
arm2,2,train,data/raw/ai4simulate/ship/ship_0154.png,ship
arm2,2,train,data/raw/ai4simulate/ship/ship_0155.png,ship
arm2,2,train,data/raw/ai4simulate/ship/ship_0156.png,ship
arm2,2,train,data/raw/ai4simulate/ship/ship_0157.png,ship
arm2,2,train,data/raw/ai4simulate/ship/ship_0158.png,ship
arm2,2,train,data/raw/ai4simulate/ship/ship_0159.png,ship
arm2,2,train,data/raw/ai4simulate/ship/ship_0160.png,ship
arm2,2,train,data/raw/ai4simulate/ship/ship_0161.png,ship
arm2,2,train,data/raw/ai4simulate/ship/ship_0162.png,ship
arm2,2,train,data/raw/ai4simulate/ship/ship_0164.png,ship
arm2,2,train,data/raw/ai4simulate/ship/ship_0165.png,ship
arm2,2,train,data/raw/ai4simulate/ship/ship_0166.png,ship
arm2,2,train,data/raw/ai4simulate/ship/ship_0167.png,ship
arm2,2,train,data/raw/ai4simulate/ship/ship_0168.png,ship
arm2,2,train,data/raw/ai4simulate/ship/ship_0169.png,ship
arm2,2,train,data/raw/ai4simulate/ship/ship_0170.png,ship
arm2,2,train,data/raw/ai4simulate/ship/ship_0171.png,ship
arm2,2,train,data/raw/ai4simulate/ship/ship_0174.png,ship
arm2,2,train,data/raw/ai4simulate/ship/ship_0175.png,ship
arm2,2,train,data/raw/ai4simulate/ship/ship_0176.png,ship
arm2,2,train,data/raw/ai4simulate/ship/ship_0177.png,ship
arm2,2,train,data/raw/ai4simulate/ship/ship_0179.png,ship
arm2,2,train,data/raw/ai4simulate/ship/ship_0180.png,ship
arm2,2,train,data/raw/ai4simulate/ship/ship_0181.png,ship
arm2,2,train,data/raw/ai4simulate/ship/ship_0182.png,ship
arm2,2,train,data/raw/ai4simulate/ship/ship_0183.png,ship
arm2,2,train,data/raw/ai4simulate/ship/ship_0184.png,ship
arm2,2,train,data/raw/ai4simulate/ship/ship_0185.png,ship
arm2,2,train,data/raw/ai4simulate/ship/ship_0188.png,ship
arm2,2,train,data/raw/ai4simulate/ship/ship_0189.png,ship
arm2,2,train,data/raw/ai4simulate/ship/ship_0190.png,ship
arm2,2,train,data/raw/ai4simulate/ship/ship_0191.png,ship
arm2,2,train,data/raw/ai4simulate/ship/ship_0193.png,ship
arm2,2,train,data/raw/ai4simulate/ship/ship_0195.png,ship
arm2,2,train,data/raw/ai4simulate/ship/ship_0197.png,ship
arm2,2,train,data/raw/ai4simulate/ship/ship_0198.png,ship
arm2,2,train,data/raw/ai4simulate/ship/ship_0199.png,ship
arm2,2,train,data/raw/ai4simulate/ship/ship_0201.png,ship
arm2,2,train,data/raw/ai4simulate/ship/ship_0205.png,ship
arm2,2,train,data/raw/ai4simulate/ship/ship_0206.png,ship
arm2,2,train,data/raw/ai4simulate/ship/ship_0208.png,ship
arm2,2,train,data/raw/ai4simulate/ship/ship_0211.png,ship
arm2,2,train,data/raw/ai4simulate/ship/ship_0212.png,ship
arm2,2,train,data/raw/ai4simulate/ship/ship_0214.png,ship
arm2,2,train,data/raw/ai4simulate/ship/ship_0215.png,ship
arm2,2,train,data/raw/ai4simulate/ship/ship_0216.png,ship
arm2,2,train,data/raw/ai4simulate/ship/ship_0217.png,ship
arm2,2,train,data/raw/ai4simulate/ship/ship_0218.png,ship
arm2,2,train,data/raw/ai4simulate/ship/ship_0219.png,ship
arm2,2,train,data/raw/ai4simulate/ship/ship_0221.png,ship
arm2,2,train,data/raw/ai4simulate/ship/ship_0222.png,ship
arm2,2,train,data/raw/ai4simulate/ship/ship_0223.png,ship
arm2,2,train,data/raw/ai4simulate/ship/ship_0224.png,ship
arm2,2,train,data/raw/ai4simulate/ship/ship_0225.png,ship
arm2,2,train,data/raw/ai4simulate/ship/ship_0226.png,ship
arm2,2,train,data/raw/ai4simulate/ship/ship_0227.png,ship
arm2,2,train,data/raw/ai4simulate/ship/ship_0228.png,ship
arm2,2,train,data/raw/ai4simulate/ship/ship_0229.png,ship
arm2,2,train,data/raw/ai4simulate/ship/ship_0230.png,ship
arm2,2,train,data/raw/ai4simulate/ship/ship_0231.png,ship
arm2,2,train,data/raw/ai4simulate/ship/ship_0232.png,ship
arm2,2,train,data/raw/ai4simulate/ship/ship_0233.png,ship
arm2,2,train,data/raw/ai4simulate/ship/ship_0235.png,ship
arm2,2,train,data/raw/ai4simulate/ship/ship_0236.png,ship
arm2,2,train,data/raw/ai4simulate/ship/ship_0237.png,ship
arm2,2,train,data/raw/ai4simulate/ship/ship_0238.png,ship
arm2,2,train,data/raw/ai4simulate/ship/ship_0239.png,ship
arm2,2,train,data/raw/ai4simulate/ship/ship_0242.png,ship
arm2,2,train,data/raw/ai4simulate/ship/ship_0243.png,ship
arm2,2,train,data/raw/ai4simulate/ship/ship_0244.png,ship
arm2,2,train,data/raw/ai4simulate/ship/ship_0245.png,ship
arm2,2,train,data/raw/ai4simulate/ship/ship_0246.png,ship
arm2,2,train,data/raw/ai4simulate/ship/ship_0247.png,ship
arm2,2,train,data/raw/ai4simulate/ship/ship_0248.png,ship
arm2,2,train,data/raw/ai4simulate/ship/ship_0249.png,ship
arm2,2,train,data/raw/ai4simulate/ship/ship_0251.png,ship
arm2,2,train,data/raw/ai4simulate/ship/ship_0252.png,ship
arm2,2,train,data/raw/ai4simulate/ship/ship_0253.png,ship
arm2,2,train,data/raw/ai4simulate/ship/ship_0254.png,ship
arm2,2,train,data/raw/ai4simulate/ship/ship_0255.png,ship
arm2,2,train,data/raw/ai4simulate/ship/ship_0256.png,ship
arm2,2,train,data/raw/ai4simulate/ship/ship_0257.png,ship
arm2,2,train,data/raw/ai4simulate/ship/ship_0258.png,ship
arm2,2,train,data/raw/ai4simulate/ship/ship_0259.png,ship
arm2,2,train,data/raw/ai4simulate/ship/ship_0260.png,ship
arm2,2,train,data/raw/ai4simulate/ship/ship_0262.png,ship
arm2,2,train,data/raw/ai4simulate/ship/ship_0263.png,ship
arm2,2,train,data/raw/ai4simulate/ship/ship_0264.png,ship
arm2,2,train,data/raw/ai4simulate/ship/ship_0265.png,ship
arm2,2,train,data/raw/ai4simulate/ship/ship_0266.png,ship
arm2,2,train,data/raw/ai4simulate/ship/ship_0267.png,ship
arm2,2,train,data/raw/ai4simulate/ship/ship_0269.png,ship
arm2,2,train,data/raw/ai4simulate/ship/ship_0270.png,ship
arm2,2,train,data/raw/ai4simulate/ship/ship_0271.png,ship
arm2,2,train,data/raw/ai4simulate/ship/ship_0272.png,ship
arm2,2,train,data/raw/ai4simulate/ship/ship_0273.png,ship
arm2,2,train,data/raw/ai4simulate/ship/ship_0274.png,ship
arm2,2,train,data/raw/ai4simulate/ship/ship_0276.png,ship
arm2,2,train,data/raw/ai4simulate/ship/ship_0277.png,ship
arm2,2,train,data/raw/ai4simulate/ship/ship_0279.png,ship
arm2,2,train,data/raw/ai4simulate/ship/ship_0280.png,ship
arm2,2,train,data/raw/ai4simulate/ship/ship_0281.png,ship
arm2,2,train,data/raw/ai4simulate/ship/ship_0282.png,ship
arm2,2,train,data/raw/ai4simulate/ship/ship_0283.png,ship
arm2,2,train,data/raw/ai4simulate/ship/ship_0284.png,ship
arm2,2,train,data/raw/ai4simulate/ship/ship_0285.png,ship
arm2,2,train,data/raw/ai4simulate/ship/ship_0286.png,ship
arm2,2,train,data/raw/ai4simulate/ship/ship_0290.png,ship
arm2,2,train,data/raw/ai4simulate/ship/ship_0292.png,ship
arm2,2,train,data/raw/ai4simulate/ship/ship_0293.png,ship
arm2,2,train,data/raw/ai4simulate/ship/ship_0294.png,ship
arm2,2,train,data/raw/ai4simulate/ship/ship_0295.png,ship
arm2,2,train,data/raw/ai4simulate/ship/ship_0296.png,ship
arm2,2,train,data/raw/ai4simulate/ship/ship_0297.png,ship
arm2,2,train,data/raw/ai4simulate/ship/ship_0298.png,ship
arm2,2,train,data/raw/ai4simulate/ship/ship_0299.png,ship
arm2,2,train,data/raw/ai4simulate/ship/ship_0300.png,ship
arm2,2,train,data/raw/ai4simulate/ship/ship_0304.png,ship
arm2,2,train,data/raw/ai4simulate/ship/ship_0305.png,ship
arm2,2,train,data/raw/ai4simulate/ship/ship_0308.png,ship
arm2,2,train,data/raw/ai4simulate/ship/ship_0309.png,ship
arm2,2,train,data/raw/ai4simulate/ship/ship_0310.png,ship
arm2,2,train,data/raw/ai4simulate/ship/ship_0311.png,ship
arm2,2,train,data/raw/ai4simulate/ship/ship_0312.png,ship
arm2,2,train,data/raw/ai4simulate/ship/ship_0313.png,ship
arm2,2,train,data/raw/ai4simulate/ship/ship_0314.png,ship
arm2,2,train,data/raw/ai4simulate/ship/ship_0316.png,ship
arm2,2,train,data/raw/ai4simulate/ship/ship_0317.png,ship
arm2,2,train,data/raw/ai4simulate/ship/ship_0318.png,ship
arm2,2,train,data/raw/ai4simulate/ship/ship_0322.png,ship
arm2,2,train,data/raw/ai4simulate/ship/ship_0323.png,ship
arm2,2,train,data/raw/ai4simulate/ship/ship_0324.png,ship
arm2,2,train,data/raw/ai4simulate/ship/ship_0327.png,ship
arm2,2,train,data/raw/ai4simulate/ship/ship_0328.png,ship
arm2,2,train,data/raw/ai4simulate/ship/ship_0329.png,ship
arm2,2,train,data/raw/ai4simulate/ship/ship_0330.png,ship
arm2,2,train,data/raw/ai4simulate/ship/ship_0331.png,ship
arm2,2,train,data/raw/ai4simulate/ship/ship_0333.png,ship
arm2,2,train,data/raw/ai4simulate/ship/ship_0334.png,ship
arm2,2,train,data/raw/ai4simulate/ship/ship_0335.png,ship
arm2,2,train,data/raw/ai4simulate/ship/ship_0336.png,ship
arm2,2,train,data/raw/ai4simulate/ship/ship_0337.png,ship
arm2,2,train,data/raw/ai4simulate/ship/ship_0338.png,ship
arm2,2,train,data/raw/ai4simulate/ship/ship_0339.png,ship
arm2,2,train,data/raw/ai4simulate/ship/ship_0340.png,ship
arm2,2,train,data/raw/ai4simulate/ship/ship_0342.png,ship
arm2,2,train,data/raw/ai4simulate/ship/ship_0343.png,ship
arm2,2,train,data/raw/ai4simulate/ship/ship_0344.png,ship
arm2,2,train,data/raw/ai4simulate/ship/ship_0345.png,ship
arm2,2,train,data/raw/ai4simulate/ship/ship_0346.png,ship
arm2,2,train,data/raw/ai4simulate/ship/ship_0347.png,ship
arm2,2,train,data/raw/ai4simulate/ship/ship_0348.png,ship
arm2,2,train,data/raw/ai4simulate/ship/ship_0349.png,ship
arm2,2,train,data/raw/ai4simulate/ship/ship_0350.png,ship
arm2,2,train,data/raw/ai4simulate/ship/ship_0351.png,ship
arm2,2,train,data/raw/ai4simulate/ship/ship_0352.png,ship
arm2,2,train,data/raw/ai4simulate/ship/ship_0353.png,ship
arm2,2,train,data/raw/ai4simulate/ship/ship_0354.png,ship
arm2,2,train,data/raw/ai4simulate/ship/ship_0355.png,ship
arm2,2,train,data/raw/ai4simulate/ship/ship_0357.png,ship
arm2,2,train,data/raw/ai4simulate/ship/ship_0358.png,ship
arm2,2,train,data/raw/ai4simulate/ship/ship_0359.png,ship
arm2,2,train,data/raw/ai4simulate/ship/ship_0360.png,ship
arm2,2,train,data/raw/ai4simulate/ship/ship_0361.png,ship
arm2,2,train,data/raw/ai4simulate/ship/ship_0362.png,ship
arm2,2,train,data/raw/ai4simulate/ship/ship_0363.png,ship
arm2,2,train,data/raw/ai4simulate/ship/ship_0364.png,ship
arm2,2,train,data/raw/ai4simulate/ship/ship_0365.png,ship
arm2,2,train,data/raw/ai4simulate/ship/ship_0366.png,ship
arm2,2,train,data/raw/ai4simulate/ship/ship_0368.png,ship
arm2,2,train,data/raw/ai4simulate/ship/ship_0369.png,ship
arm2,2,train,data/raw/ai4simulate/ship/ship_0370.png,ship
arm2,2,train,data/raw/ai4simulate/ship/ship_0371.png,ship
arm2,2,train,data/raw/ai4simulate/ship/ship_0374.png,ship
arm2,2,train,data/raw/ai4simulate/ship/ship_0375.png,ship
arm2,2,train,data/raw/ai4simulate/ship/ship_0376.png,ship
arm2,2,train,data/raw/ai4simulate/ship/ship_0377.png,ship
arm2,2,train,data/raw/ai4simulate/ship/ship_0378.png,ship
arm2,2,train,data/raw/ai4simulate/ship/ship_0379.png,ship
arm2,2,train,data/raw/ai4simulate/ship/ship_0380.png,ship
arm2,2,train,data/raw/ai4simulate/ship/ship_0381.png,ship
arm2,2,train,data/raw/ai4simulate/ship/ship_0382.png,ship
arm2,2,train,data/raw/ai4simulate/ship/ship_0384.png,ship
arm2,2,train,data/raw/ai4simulate/ship/ship_0386.png,ship
arm2,2,train,data/raw/ai4simulate/ship/ship_0387.png,ship
arm2,2,train,data/raw/ai4simulate/ship/ship_0388.png,ship
arm2,2,train,data/raw/ai4simulate/ship/ship_0389.png,ship
arm2,2,train,data/raw/ai4simulate/ship/ship_0390.png,ship
arm2,2,train,data/raw/ai4simulate/ship/ship_0391.png,ship
arm2,2,train,data/raw/ai4simulate/ship/ship_0392.png,ship
arm2,2,train,data/raw/ai4simulate/ship/ship_0393.png,ship
arm2,2,train,data/raw/ai4simulate/ship/ship_0394.png,ship
arm2,2,train,data/raw/ai4simulate/ship/ship_0395.png,ship
arm2,2,train,data/raw/ai4simulate/ship/ship_0396.png,ship
arm2,2,train,data/raw/ai4simulate/ship/ship_0397.png,ship
arm2,2,train,data/raw/ai4simulate/ship/ship_0399.png,ship
arm2,2,train,data/raw/ai4simulate/ship/ship_0400.png,ship
arm2,2,train,data/raw/ai4simulate/ship/ship_0401.png,ship
arm2,2,train,data/raw/ai4simulate/ship/ship_0402.png,ship
arm2,2,train,data/raw/ai4simulate/ship/ship_0403.png,ship
arm2,2,train,data/raw/ai4simulate/ship/ship_0405.png,ship
arm2,2,train,data/raw/ai4simulate/ship/ship_0406.png,ship
arm2,2,train,data/raw/ai4simulate/ship/ship_0408.png,ship
arm2,2,train,data/raw/ai4simulate/ship/ship_0410.png,ship
arm2,2,train,data/raw/ai4simulate/ship/ship_0412.png,ship
arm2,2,train,data/raw/ai4simulate/ship/ship_0413.png,ship
arm2,2,train,data/raw/ai4simulate/ship/ship_0414.png,ship
arm2,2,train,data/raw/ai4simulate/ship/ship_0417.png,ship
arm2,2,train,data/raw/ai4simulate/ship/ship_0418.png,ship
arm2,2,train,data/raw/ai4simulate/ship/ship_0419.png,ship
arm2,2,train,data/raw/ai4simulate/ship/ship_0420.png,ship
arm2,2,train,data/raw/ai4simulate/ship/ship_0421.png,ship
arm2,2,train,data/raw/ai4simulate/ship/ship_0422.png,ship
arm2,2,train,data/raw/ai4simulate/ship/ship_0423.png,ship
arm2,2,train,data/raw/ai4simulate/ship/ship_0424.png,ship
arm2,2,train,data/raw/ai4simulate/ship/ship_0425.png,ship
arm2,2,train,data/raw/ai4simulate/ship/ship_0426.png,ship
arm2,2,train,data/raw/ai4simulate/ship/ship_0428.png,ship
arm2,2,train,data/raw/ai4simulate/ship/ship_0429.png,ship
arm2,2,train,data/raw/ai4simulate/ship/ship_0430.png,ship
arm2,2,train,data/raw/ai4simulate/ship/ship_0431.png,ship
arm2,2,train,data/raw/ai4simulate/ship/ship_0433.png,ship
arm2,2,train,data/raw/ai4simulate/ship/ship_0434.png,ship
arm2,2,train,data/raw/ai4simulate/ship/ship_0435.png,ship
arm2,2,train,data/raw/ai4simulate/ship/ship_0436.png,ship
arm2,2,train,data/raw/ai4simulate/ship/ship_0437.png,ship
arm2,2,train,data/raw/ai4simulate/ship/ship_0439.png,ship
arm2,2,train,data/raw/ai4simulate/ship/ship_0441.png,ship
arm2,2,train,data/raw/ai4simulate/ship/ship_0443.png,ship
arm2,2,train,data/raw/ai4simulate/ship/ship_0444.png,ship
arm2,2,train,data/raw/ai4simulate/ship/ship_0445.png,ship
arm2,2,train,data/raw/ai4simulate/ship/ship_0446.png,ship
arm2,2,train,data/raw/ai4simulate/ship/ship_0447.png,ship
arm2,2,train,data/raw/ai4simulate/ship/ship_0448.png,ship
arm2,2,train,data/raw/ai4simulate/ship/ship_0450.png,ship
arm2,2,train,data/raw/ai4simulate/ship/ship_0451.png,ship
arm2,2,train,data/raw/ai4simulate/ship/ship_0452.png,ship
arm2,2,train,data/raw/ai4simulate/ship/ship_0454.png,ship
arm2,2,train,data/raw/ai4simulate/ship/ship_0455.png,ship
arm2,2,train,data/raw/ai4simulate/ship/ship_0456.png,ship
arm2,2,train,data/raw/ai4simulate/ship/ship_0458.png,ship
arm2,2,train,data/raw/ai4simulate/ship/ship_0459.png,ship
arm2,2,train,data/raw/ai4simulate/ship/ship_0460.png,ship
arm2,2,train,data/raw/ai4simulate/ship/ship_0461.png,ship
arm2,2,train,data/raw/ai4simulate/ship/ship_0463.png,ship
arm2,2,train,data/raw/ai4simulate/ship/ship_0465.png,ship
arm2,2,train,data/raw/ai4simulate/ship/ship_0467.png,ship
arm2,2,train,data/raw/ai4simulate/ship/ship_0468.png,ship
arm2,2,train,data/raw/ai4simulate/ship/ship_0470.png,ship
arm2,2,train,data/raw/ai4simulate/ship/ship_0471.png,ship
arm2,2,train,data/raw/ai4simulate/ship/ship_0472.png,ship
arm2,2,train,data/raw/ai4simulate/ship/ship_0473.png,ship
arm2,2,train,data/raw/ai4simulate/ship/ship_0474.png,ship
arm2,2,train,data/raw/ai4simulate/ship/ship_0476.png,ship
arm2,2,train,data/raw/ai4simulate/ship/ship_0477.png,ship
arm2,2,train,data/raw/ai4simulate/ship/ship_0478.png,ship
arm2,2,train,data/raw/ai4simulate/ship/ship_0480.png,ship
arm2,2,train,data/raw/ai4simulate/ship/ship_0481.png,ship
arm2,2,train,data/raw/ai4simulate/ship/ship_0482.png,ship
arm2,2,train,data/raw/ai4simulate/ship/ship_0484.png,ship
arm2,2,train,data/raw/ai4simulate/ship/ship_0485.png,ship
arm2,2,train,data/raw/ai4simulate/ship/ship_0486.png,ship
arm2,2,train,data/raw/ai4simulate/ship/ship_0487.png,ship
arm2,2,train,data/raw/ai4simulate/ship/ship_0488.png,ship
arm2,2,train,data/raw/ai4simulate/ship/ship_0489.png,ship
arm2,2,train,data/raw/ai4simulate/ship/ship_0490.png,ship
arm2,2,test,data/raw/ai4simulate/airplane/airplane_0001.png,airplane
arm2,2,test,data/raw/ai4simulate/airplane/airplane_0007.png,airplane
arm2,2,test,data/raw/ai4simulate/airplane/airplane_0010.png,airplane
arm2,2,test,data/raw/ai4simulate/airplane/airplane_0019.png,airplane
arm2,2,test,data/raw/ai4simulate/airplane/airplane_0034.png,airplane
arm2,2,test,data/raw/ai4simulate/airplane/airplane_0035.png,airplane
arm2,2,test,data/raw/ai4simulate/airplane/airplane_0037.png,airplane
arm2,2,test,data/raw/ai4simulate/airplane/airplane_0045.png,airplane
arm2,2,test,data/raw/ai4simulate/airplane/airplane_0050.png,airplane
arm2,2,test,data/raw/ai4simulate/airplane/airplane_0055.png,airplane
arm2,2,test,data/raw/ai4simulate/airplane/airplane_0059.png,airplane
arm2,2,test,data/raw/ai4simulate/airplane/airplane_0060.png,airplane
arm2,2,test,data/raw/ai4simulate/airplane/airplane_0061.png,airplane
arm2,2,test,data/raw/ai4simulate/airplane/airplane_0066.png,airplane
arm2,2,test,data/raw/ai4simulate/airplane/airplane_0068.png,airplane
arm2,2,test,data/raw/ai4simulate/airplane/airplane_0076.png,airplane
arm2,2,test,data/raw/ai4simulate/airplane/airplane_0079.png,airplane
arm2,2,test,data/raw/ai4simulate/airplane/airplane_0090.png,airplane
arm2,2,test,data/raw/ai4simulate/ship/ship_0094.png,ship
arm2,2,test,data/raw/ai4simulate/ship/ship_0105.png,ship
arm2,2,test,data/raw/ai4simulate/ship/ship_0119.png,ship
arm2,2,test,data/raw/ai4simulate/ship/ship_0138.png,ship
arm2,2,test,data/raw/ai4simulate/ship/ship_0143.png,ship
arm2,2,test,data/raw/ai4simulate/ship/ship_0145.png,ship
arm2,2,test,data/raw/ai4simulate/ship/ship_0146.png,ship
arm2,2,test,data/raw/ai4simulate/ship/ship_0148.png,ship
arm2,2,test,data/raw/ai4simulate/ship/ship_0152.png,ship
arm2,2,test,data/raw/ai4simulate/ship/ship_0163.png,ship
arm2,2,test,data/raw/ai4simulate/ship/ship_0172.png,ship
arm2,2,test,data/raw/ai4simulate/ship/ship_0173.png,ship
arm2,2,test,data/raw/ai4simulate/ship/ship_0178.png,ship
arm2,2,test,data/raw/ai4simulate/ship/ship_0186.png,ship
arm2,2,test,data/raw/ai4simulate/ship/ship_0187.png,ship
arm2,2,test,data/raw/ai4simulate/ship/ship_0192.png,ship
arm2,2,test,data/raw/ai4simulate/ship/ship_0194.png,ship
arm2,2,test,data/raw/ai4simulate/ship/ship_0196.png,ship
arm2,2,test,data/raw/ai4simulate/ship/ship_0200.png,ship
arm2,2,test,data/raw/ai4simulate/ship/ship_0202.png,ship
arm2,2,test,data/raw/ai4simulate/ship/ship_0203.png,ship
arm2,2,test,data/raw/ai4simulate/ship/ship_0204.png,ship
arm2,2,test,data/raw/ai4simulate/ship/ship_0207.png,ship
arm2,2,test,data/raw/ai4simulate/ship/ship_0209.png,ship
arm2,2,test,data/raw/ai4simulate/ship/ship_0210.png,ship
arm2,2,test,data/raw/ai4simulate/ship/ship_0213.png,ship
arm2,2,test,data/raw/ai4simulate/ship/ship_0220.png,ship
arm2,2,test,data/raw/ai4simulate/ship/ship_0234.png,ship
arm2,2,test,data/raw/ai4simulate/ship/ship_0240.png,ship
arm2,2,test,data/raw/ai4simulate/ship/ship_0241.png,ship
arm2,2,test,data/raw/ai4simulate/ship/ship_0250.png,ship
arm2,2,test,data/raw/ai4simulate/ship/ship_0261.png,ship
arm2,2,test,data/raw/ai4simulate/ship/ship_0268.png,ship
arm2,2,test,data/raw/ai4simulate/ship/ship_0275.png,ship
arm2,2,test,data/raw/ai4simulate/ship/ship_0278.png,ship
arm2,2,test,data/raw/ai4simulate/ship/ship_0287.png,ship
arm2,2,test,data/raw/ai4simulate/ship/ship_0288.png,ship
arm2,2,test,data/raw/ai4simulate/ship/ship_0289.png,ship
arm2,2,test,data/raw/ai4simulate/ship/ship_0291.png,ship
arm2,2,test,data/raw/ai4simulate/ship/ship_0301.png,ship
arm2,2,test,data/raw/ai4simulate/ship/ship_0302.png,ship
arm2,2,test,data/raw/ai4simulate/ship/ship_0303.png,ship
arm2,2,test,data/raw/ai4simulate/ship/ship_0306.png,ship
arm2,2,test,data/raw/ai4simulate/ship/ship_0307.png,ship
arm2,2,test,data/raw/ai4simulate/ship/ship_0315.png,ship
arm2,2,test,data/raw/ai4simulate/ship/ship_0319.png,ship
arm2,2,test,data/raw/ai4simulate/ship/ship_0320.png,ship
arm2,2,test,data/raw/ai4simulate/ship/ship_0321.png,ship
arm2,2,test,data/raw/ai4simulate/ship/ship_0325.png,ship
arm2,2,test,data/raw/ai4simulate/ship/ship_0326.png,ship
arm2,2,test,data/raw/ai4simulate/ship/ship_0332.png,ship
arm2,2,test,data/raw/ai4simulate/ship/ship_0341.png,ship
arm2,2,test,data/raw/ai4simulate/ship/ship_0356.png,ship
arm2,2,test,data/raw/ai4simulate/ship/ship_0367.png,ship
arm2,2,test,data/raw/ai4simulate/ship/ship_0372.png,ship
arm2,2,test,data/raw/ai4simulate/ship/ship_0373.png,ship
arm2,2,test,data/raw/ai4simulate/ship/ship_0383.png,ship
arm2,2,test,data/raw/ai4simulate/ship/ship_0385.png,ship
arm2,2,test,data/raw/ai4simulate/ship/ship_0398.png,ship
arm2,2,test,data/raw/ai4simulate/ship/ship_0404.png,ship
arm2,2,test,data/raw/ai4simulate/ship/ship_0407.png,ship
arm2,2,test,data/raw/ai4simulate/ship/ship_0409.png,ship
arm2,2,test,data/raw/ai4simulate/ship/ship_0411.png,ship
arm2,2,test,data/raw/ai4simulate/ship/ship_0415.png,ship
arm2,2,test,data/raw/ai4simulate/ship/ship_0416.png,ship
arm2,2,test,data/raw/ai4simulate/ship/ship_0427.png,ship
arm2,2,test,data/raw/ai4simulate/ship/ship_0432.png,ship
arm2,2,test,data/raw/ai4simulate/ship/ship_0438.png,ship
arm2,2,test,data/raw/ai4simulate/ship/ship_0440.png,ship
arm2,2,test,data/raw/ai4simulate/ship/ship_0442.png,ship
arm2,2,test,data/raw/ai4simulate/ship/ship_0449.png,ship
arm2,2,test,data/raw/ai4simulate/ship/ship_0453.png,ship
arm2,2,test,data/raw/ai4simulate/ship/ship_0457.png,ship
arm2,2,test,data/raw/ai4simulate/ship/ship_0462.png,ship
arm2,2,test,data/raw/ai4simulate/ship/ship_0464.png,ship
arm2,2,test,data/raw/ai4simulate/ship/ship_0466.png,ship
arm2,2,test,data/raw/ai4simulate/ship/ship_0469.png,ship
arm2,2,test,data/raw/ai4simulate/ship/ship_0475.png,ship
arm2,2,test,data/raw/ai4simulate/ship/ship_0479.png,ship
arm2,2,test,data/raw/ai4simulate/ship/ship_0483.png,ship
arm2,3,train,data/raw/ai4simulate/airplane/airplane_0001.png,airplane
arm2,3,train,data/raw/ai4simulate/airplane/airplane_0002.png,airplane
arm2,3,train,data/raw/ai4simulate/airplane/airplane_0005.png,airplane
arm2,3,train,data/raw/ai4simulate/airplane/airplane_0006.png,airplane
arm2,3,train,data/raw/ai4simulate/airplane/airplane_0007.png,airplane
arm2,3,train,data/raw/ai4simulate/airplane/airplane_0009.png,airplane
arm2,3,train,data/raw/ai4simulate/airplane/airplane_0010.png,airplane
arm2,3,train,data/raw/ai4simulate/airplane/airplane_0011.png,airplane
arm2,3,train,data/raw/ai4simulate/airplane/airplane_0012.png,airplane
arm2,3,train,data/raw/ai4simulate/airplane/airplane_0014.png,airplane
arm2,3,train,data/raw/ai4simulate/airplane/airplane_0015.png,airplane
arm2,3,train,data/raw/ai4simulate/airplane/airplane_0016.png,airplane
arm2,3,train,data/raw/ai4simulate/airplane/airplane_0017.png,airplane
arm2,3,train,data/raw/ai4simulate/airplane/airplane_0018.png,airplane
arm2,3,train,data/raw/ai4simulate/airplane/airplane_0019.png,airplane
arm2,3,train,data/raw/ai4simulate/airplane/airplane_0021.png,airplane
arm2,3,train,data/raw/ai4simulate/airplane/airplane_0023.png,airplane
arm2,3,train,data/raw/ai4simulate/airplane/airplane_0024.png,airplane
arm2,3,train,data/raw/ai4simulate/airplane/airplane_0025.png,airplane
arm2,3,train,data/raw/ai4simulate/airplane/airplane_0026.png,airplane
arm2,3,train,data/raw/ai4simulate/airplane/airplane_0029.png,airplane
arm2,3,train,data/raw/ai4simulate/airplane/airplane_0030.png,airplane
arm2,3,train,data/raw/ai4simulate/airplane/airplane_0031.png,airplane
arm2,3,train,data/raw/ai4simulate/airplane/airplane_0033.png,airplane
arm2,3,train,data/raw/ai4simulate/airplane/airplane_0034.png,airplane
arm2,3,train,data/raw/ai4simulate/airplane/airplane_0035.png,airplane
arm2,3,train,data/raw/ai4simulate/airplane/airplane_0036.png,airplane
arm2,3,train,data/raw/ai4simulate/airplane/airplane_0037.png,airplane
arm2,3,train,data/raw/ai4simulate/airplane/airplane_0038.png,airplane
arm2,3,train,data/raw/ai4simulate/airplane/airplane_0039.png,airplane
arm2,3,train,data/raw/ai4simulate/airplane/airplane_0040.png,airplane
arm2,3,train,data/raw/ai4simulate/airplane/airplane_0041.png,airplane
arm2,3,train,data/raw/ai4simulate/airplane/airplane_0042.png,airplane
arm2,3,train,data/raw/ai4simulate/airplane/airplane_0043.png,airplane
arm2,3,train,data/raw/ai4simulate/airplane/airplane_0044.png,airplane
arm2,3,train,data/raw/ai4simulate/airplane/airplane_0045.png,airplane
arm2,3,train,data/raw/ai4simulate/airplane/airplane_0046.png,airplane
arm2,3,train,data/raw/ai4simulate/airplane/airplane_0047.png,airplane
arm2,3,train,data/raw/ai4simulate/airplane/airplane_0048.png,airplane
arm2,3,train,data/raw/ai4simulate/airplane/airplane_0049.png,airplane
arm2,3,train,data/raw/ai4simulate/airplane/airplane_0050.png,airplane
arm2,3,train,data/raw/ai4simulate/airplane/airplane_0051.png,airplane
arm2,3,train,data/raw/ai4simulate/airplane/airplane_0052.png,airplane
arm2,3,train,data/raw/ai4simulate/airplane/airplane_0053.png,airplane
arm2,3,train,data/raw/ai4simulate/airplane/airplane_0055.png,airplane
arm2,3,train,data/raw/ai4simulate/airplane/airplane_0056.png,airplane
arm2,3,train,data/raw/ai4simulate/airplane/airplane_0057.png,airplane
arm2,3,train,data/raw/ai4simulate/airplane/airplane_0059.png,airplane
arm2,3,train,data/raw/ai4simulate/airplane/airplane_0060.png,airplane
arm2,3,train,data/raw/ai4simulate/airplane/airplane_0061.png,airplane
arm2,3,train,data/raw/ai4simulate/airplane/airplane_0063.png,airplane
arm2,3,train,data/raw/ai4simulate/airplane/airplane_0064.png,airplane
arm2,3,train,data/raw/ai4simulate/airplane/airplane_0065.png,airplane
arm2,3,train,data/raw/ai4simulate/airplane/airplane_0066.png,airplane
arm2,3,train,data/raw/ai4simulate/airplane/airplane_0068.png,airplane
arm2,3,train,data/raw/ai4simulate/airplane/airplane_0069.png,airplane
arm2,3,train,data/raw/ai4simulate/airplane/airplane_0071.png,airplane
arm2,3,train,data/raw/ai4simulate/airplane/airplane_0072.png,airplane
arm2,3,train,data/raw/ai4simulate/airplane/airplane_0075.png,airplane
arm2,3,train,data/raw/ai4simulate/airplane/airplane_0076.png,airplane
arm2,3,train,data/raw/ai4simulate/airplane/airplane_0077.png,airplane
arm2,3,train,data/raw/ai4simulate/airplane/airplane_0078.png,airplane
arm2,3,train,data/raw/ai4simulate/airplane/airplane_0079.png,airplane
arm2,3,train,data/raw/ai4simulate/airplane/airplane_0080.png,airplane
arm2,3,train,data/raw/ai4simulate/airplane/airplane_0081.png,airplane
arm2,3,train,data/raw/ai4simulate/airplane/airplane_0082.png,airplane
arm2,3,train,data/raw/ai4simulate/airplane/airplane_0083.png,airplane
arm2,3,train,data/raw/ai4simulate/airplane/airplane_0084.png,airplane
arm2,3,train,data/raw/ai4simulate/airplane/airplane_0085.png,airplane
arm2,3,train,data/raw/ai4simulate/airplane/airplane_0086.png,airplane
arm2,3,train,data/raw/ai4simulate/airplane/airplane_0089.png,airplane
arm2,3,train,data/raw/ai4simulate/airplane/airplane_0090.png,airplane
arm2,3,train,data/raw/ai4simulate/ship/ship_0092.png,ship
arm2,3,train,data/raw/ai4simulate/ship/ship_0093.png,ship
arm2,3,train,data/raw/ai4simulate/ship/ship_0094.png,ship
arm2,3,train,data/raw/ai4simulate/ship/ship_0095.png,ship
arm2,3,train,data/raw/ai4simulate/ship/ship_0097.png,ship
arm2,3,train,data/raw/ai4simulate/ship/ship_0098.png,ship
arm2,3,train,data/raw/ai4simulate/ship/ship_0099.png,ship
arm2,3,train,data/raw/ai4simulate/ship/ship_0100.png,ship
arm2,3,train,data/raw/ai4simulate/ship/ship_0101.png,ship
arm2,3,train,data/raw/ai4simulate/ship/ship_0102.png,ship
arm2,3,train,data/raw/ai4simulate/ship/ship_0103.png,ship
arm2,3,train,data/raw/ai4simulate/ship/ship_0104.png,ship
arm2,3,train,data/raw/ai4simulate/ship/ship_0105.png,ship
arm2,3,train,data/raw/ai4simulate/ship/ship_0106.png,ship
arm2,3,train,data/raw/ai4simulate/ship/ship_0107.png,ship
arm2,3,train,data/raw/ai4simulate/ship/ship_0108.png,ship
arm2,3,train,data/raw/ai4simulate/ship/ship_0109.png,ship
arm2,3,train,data/raw/ai4simulate/ship/ship_0110.png,ship
arm2,3,train,data/raw/ai4simulate/ship/ship_0115.png,ship
arm2,3,train,data/raw/ai4simulate/ship/ship_0118.png,ship
arm2,3,train,data/raw/ai4simulate/ship/ship_0119.png,ship
arm2,3,train,data/raw/ai4simulate/ship/ship_0120.png,ship
arm2,3,train,data/raw/ai4simulate/ship/ship_0121.png,ship
arm2,3,train,data/raw/ai4simulate/ship/ship_0122.png,ship
arm2,3,train,data/raw/ai4simulate/ship/ship_0123.png,ship
arm2,3,train,data/raw/ai4simulate/ship/ship_0124.png,ship
arm2,3,train,data/raw/ai4simulate/ship/ship_0125.png,ship
arm2,3,train,data/raw/ai4simulate/ship/ship_0126.png,ship
arm2,3,train,data/raw/ai4simulate/ship/ship_0127.png,ship
arm2,3,train,data/raw/ai4simulate/ship/ship_0128.png,ship
arm2,3,train,data/raw/ai4simulate/ship/ship_0129.png,ship
arm2,3,train,data/raw/ai4simulate/ship/ship_0130.png,ship
arm2,3,train,data/raw/ai4simulate/ship/ship_0131.png,ship
arm2,3,train,data/raw/ai4simulate/ship/ship_0132.png,ship
arm2,3,train,data/raw/ai4simulate/ship/ship_0134.png,ship
arm2,3,train,data/raw/ai4simulate/ship/ship_0137.png,ship
arm2,3,train,data/raw/ai4simulate/ship/ship_0138.png,ship
arm2,3,train,data/raw/ai4simulate/ship/ship_0139.png,ship
arm2,3,train,data/raw/ai4simulate/ship/ship_0140.png,ship
arm2,3,train,data/raw/ai4simulate/ship/ship_0141.png,ship
arm2,3,train,data/raw/ai4simulate/ship/ship_0142.png,ship
arm2,3,train,data/raw/ai4simulate/ship/ship_0143.png,ship
arm2,3,train,data/raw/ai4simulate/ship/ship_0144.png,ship
arm2,3,train,data/raw/ai4simulate/ship/ship_0145.png,ship
arm2,3,train,data/raw/ai4simulate/ship/ship_0146.png,ship
arm2,3,train,data/raw/ai4simulate/ship/ship_0147.png,ship
arm2,3,train,data/raw/ai4simulate/ship/ship_0148.png,ship
arm2,3,train,data/raw/ai4simulate/ship/ship_0149.png,ship
arm2,3,train,data/raw/ai4simulate/ship/ship_0150.png,ship
arm2,3,train,data/raw/ai4simulate/ship/ship_0151.png,ship
arm2,3,train,data/raw/ai4simulate/ship/ship_0152.png,ship
arm2,3,train,data/raw/ai4simulate/ship/ship_0155.png,ship
arm2,3,train,data/raw/ai4simulate/ship/ship_0156.png,ship
arm2,3,train,data/raw/ai4simulate/ship/ship_0157.png,ship
arm2,3,train,data/raw/ai4simulate/ship/ship_0158.png,ship
arm2,3,train,data/raw/ai4simulate/ship/ship_0159.png,ship
arm2,3,train,data/raw/ai4simulate/ship/ship_0160.png,ship
arm2,3,train,data/raw/ai4simulate/ship/ship_0161.png,ship
arm2,3,train,data/raw/ai4simulate/ship/ship_0163.png,ship
arm2,3,train,data/raw/ai4simulate/ship/ship_0164.png,ship
arm2,3,train,data/raw/ai4simulate/ship/ship_0165.png,ship
arm2,3,train,data/raw/ai4simulate/ship/ship_0166.png,ship
arm2,3,train,data/raw/ai4simulate/ship/ship_0167.png,ship
arm2,3,train,data/raw/ai4simulate/ship/ship_0168.png,ship
arm2,3,train,data/raw/ai4simulate/ship/ship_0170.png,ship
arm2,3,train,data/raw/ai4simulate/ship/ship_0172.png,ship
arm2,3,train,data/raw/ai4simulate/ship/ship_0173.png,ship
arm2,3,train,data/raw/ai4simulate/ship/ship_0174.png,ship
arm2,3,train,data/raw/ai4simulate/ship/ship_0175.png,ship
arm2,3,train,data/raw/ai4simulate/ship/ship_0177.png,ship
arm2,3,train,data/raw/ai4simulate/ship/ship_0178.png,ship
arm2,3,train,data/raw/ai4simulate/ship/ship_0179.png,ship
arm2,3,train,data/raw/ai4simulate/ship/ship_0180.png,ship
arm2,3,train,data/raw/ai4simulate/ship/ship_0181.png,ship
arm2,3,train,data/raw/ai4simulate/ship/ship_0182.png,ship
arm2,3,train,data/raw/ai4simulate/ship/ship_0183.png,ship
arm2,3,train,data/raw/ai4simulate/ship/ship_0184.png,ship
arm2,3,train,data/raw/ai4simulate/ship/ship_0185.png,ship
arm2,3,train,data/raw/ai4simulate/ship/ship_0186.png,ship
arm2,3,train,data/raw/ai4simulate/ship/ship_0187.png,ship
arm2,3,train,data/raw/ai4simulate/ship/ship_0188.png,ship
arm2,3,train,data/raw/ai4simulate/ship/ship_0189.png,ship
arm2,3,train,data/raw/ai4simulate/ship/ship_0190.png,ship
arm2,3,train,data/raw/ai4simulate/ship/ship_0191.png,ship
arm2,3,train,data/raw/ai4simulate/ship/ship_0192.png,ship
arm2,3,train,data/raw/ai4simulate/ship/ship_0194.png,ship
arm2,3,train,data/raw/ai4simulate/ship/ship_0195.png,ship
arm2,3,train,data/raw/ai4simulate/ship/ship_0196.png,ship
arm2,3,train,data/raw/ai4simulate/ship/ship_0197.png,ship
arm2,3,train,data/raw/ai4simulate/ship/ship_0198.png,ship
arm2,3,train,data/raw/ai4simulate/ship/ship_0200.png,ship
arm2,3,train,data/raw/ai4simulate/ship/ship_0201.png,ship
arm2,3,train,data/raw/ai4simulate/ship/ship_0202.png,ship
arm2,3,train,data/raw/ai4simulate/ship/ship_0203.png,ship
arm2,3,train,data/raw/ai4simulate/ship/ship_0204.png,ship
arm2,3,train,data/raw/ai4simulate/ship/ship_0205.png,ship
arm2,3,train,data/raw/ai4simulate/ship/ship_0206.png,ship
arm2,3,train,data/raw/ai4simulate/ship/ship_0207.png,ship
arm2,3,train,data/raw/ai4simulate/ship/ship_0208.png,ship
arm2,3,train,data/raw/ai4simulate/ship/ship_0209.png,ship
arm2,3,train,data/raw/ai4simulate/ship/ship_0210.png,ship
arm2,3,train,data/raw/ai4simulate/ship/ship_0211.png,ship
arm2,3,train,data/raw/ai4simulate/ship/ship_0212.png,ship
arm2,3,train,data/raw/ai4simulate/ship/ship_0213.png,ship
arm2,3,train,data/raw/ai4simulate/ship/ship_0214.png,ship
arm2,3,train,data/raw/ai4simulate/ship/ship_0216.png,ship
arm2,3,train,data/raw/ai4simulate/ship/ship_0217.png,ship
arm2,3,train,data/raw/ai4simulate/ship/ship_0218.png,ship
arm2,3,train,data/raw/ai4simulate/ship/ship_0220.png,ship
arm2,3,train,data/raw/ai4simulate/ship/ship_0221.png,ship
arm2,3,train,data/raw/ai4simulate/ship/ship_0222.png,ship
arm2,3,train,data/raw/ai4simulate/ship/ship_0223.png,ship
arm2,3,train,data/raw/ai4simulate/ship/ship_0224.png,ship
arm2,3,train,data/raw/ai4simulate/ship/ship_0225.png,ship
arm2,3,train,data/raw/ai4simulate/ship/ship_0226.png,ship
arm2,3,train,data/raw/ai4simulate/ship/ship_0227.png,ship
arm2,3,train,data/raw/ai4simulate/ship/ship_0229.png,ship
arm2,3,train,data/raw/ai4simulate/ship/ship_0231.png,ship
arm2,3,train,data/raw/ai4simulate/ship/ship_0234.png,ship
arm2,3,train,data/raw/ai4simulate/ship/ship_0236.png,ship
arm2,3,train,data/raw/ai4simulate/ship/ship_0237.png,ship
arm2,3,train,data/raw/ai4simulate/ship/ship_0238.png,ship
arm2,3,train,data/raw/ai4simulate/ship/ship_0239.png,ship
arm2,3,train,data/raw/ai4simulate/ship/ship_0240.png,ship
arm2,3,train,data/raw/ai4simulate/ship/ship_0241.png,ship
arm2,3,train,data/raw/ai4simulate/ship/ship_0242.png,ship
arm2,3,train,data/raw/ai4simulate/ship/ship_0243.png,ship
arm2,3,train,data/raw/ai4simulate/ship/ship_0244.png,ship
arm2,3,train,data/raw/ai4simulate/ship/ship_0245.png,ship
arm2,3,train,data/raw/ai4simulate/ship/ship_0246.png,ship
arm2,3,train,data/raw/ai4simulate/ship/ship_0248.png,ship
arm2,3,train,data/raw/ai4simulate/ship/ship_0250.png,ship
arm2,3,train,data/raw/ai4simulate/ship/ship_0251.png,ship
arm2,3,train,data/raw/ai4simulate/ship/ship_0252.png,ship
arm2,3,train,data/raw/ai4simulate/ship/ship_0253.png,ship
arm2,3,train,data/raw/ai4simulate/ship/ship_0254.png,ship
arm2,3,train,data/raw/ai4simulate/ship/ship_0257.png,ship
arm2,3,train,data/raw/ai4simulate/ship/ship_0258.png,ship
arm2,3,train,data/raw/ai4simulate/ship/ship_0259.png,ship
arm2,3,train,data/raw/ai4simulate/ship/ship_0260.png,ship
arm2,3,train,data/raw/ai4simulate/ship/ship_0261.png,ship
arm2,3,train,data/raw/ai4simulate/ship/ship_0263.png,ship
arm2,3,train,data/raw/ai4simulate/ship/ship_0264.png,ship
arm2,3,train,data/raw/ai4simulate/ship/ship_0265.png,ship
arm2,3,train,data/raw/ai4simulate/ship/ship_0266.png,ship
arm2,3,train,data/raw/ai4simulate/ship/ship_0268.png,ship
arm2,3,train,data/raw/ai4simulate/ship/ship_0269.png,ship
arm2,3,train,data/raw/ai4simulate/ship/ship_0270.png,ship
arm2,3,train,data/raw/ai4simulate/ship/ship_0271.png,ship
arm2,3,train,data/raw/ai4simulate/ship/ship_0273.png,ship
arm2,3,train,data/raw/ai4simulate/ship/ship_0274.png,ship
arm2,3,train,data/raw/ai4simulate/ship/ship_0275.png,ship
arm2,3,train,data/raw/ai4simulate/ship/ship_0276.png,ship
arm2,3,train,data/raw/ai4simulate/ship/ship_0277.png,ship
arm2,3,train,data/raw/ai4simulate/ship/ship_0278.png,ship
arm2,3,train,data/raw/ai4simulate/ship/ship_0279.png,ship
arm2,3,train,data/raw/ai4simulate/ship/ship_0280.png,ship
arm2,3,train,data/raw/ai4simulate/ship/ship_0281.png,ship
arm2,3,train,data/raw/ai4simulate/ship/ship_0282.png,ship
arm2,3,train,data/raw/ai4simulate/ship/ship_0283.png,ship
arm2,3,train,data/raw/ai4simulate/ship/ship_0284.png,ship
arm2,3,train,data/raw/ai4simulate/ship/ship_0285.png,ship
arm2,3,train,data/raw/ai4simulate/ship/ship_0287.png,ship
arm2,3,train,data/raw/ai4simulate/ship/ship_0288.png,ship
arm2,3,train,data/raw/ai4simulate/ship/ship_0289.png,ship
arm2,3,train,data/raw/ai4simulate/ship/ship_0290.png,ship
arm2,3,train,data/raw/ai4simulate/ship/ship_0291.png,ship
arm2,3,train,data/raw/ai4simulate/ship/ship_0292.png,ship
arm2,3,train,data/raw/ai4simulate/ship/ship_0293.png,ship
arm2,3,train,data/raw/ai4simulate/ship/ship_0296.png,ship
arm2,3,train,data/raw/ai4simulate/ship/ship_0297.png,ship
arm2,3,train,data/raw/ai4simulate/ship/ship_0298.png,ship
arm2,3,train,data/raw/ai4simulate/ship/ship_0299.png,ship
arm2,3,train,data/raw/ai4simulate/ship/ship_0300.png,ship
arm2,3,train,data/raw/ai4simulate/ship/ship_0301.png,ship
arm2,3,train,data/raw/ai4simulate/ship/ship_0302.png,ship
arm2,3,train,data/raw/ai4simulate/ship/ship_0303.png,ship
arm2,3,train,data/raw/ai4simulate/ship/ship_0305.png,ship
arm2,3,train,data/raw/ai4simulate/ship/ship_0306.png,ship
arm2,3,train,data/raw/ai4simulate/ship/ship_0307.png,ship
arm2,3,train,data/raw/ai4simulate/ship/ship_0308.png,ship
arm2,3,train,data/raw/ai4simulate/ship/ship_0309.png,ship
arm2,3,train,data/raw/ai4simulate/ship/ship_0311.png,ship
arm2,3,train,data/raw/ai4simulate/ship/ship_0312.png,ship
arm2,3,train,data/raw/ai4simulate/ship/ship_0313.png,ship
arm2,3,train,data/raw/ai4simulate/ship/ship_0315.png,ship
arm2,3,train,data/raw/ai4simulate/ship/ship_0317.png,ship
arm2,3,train,data/raw/ai4simulate/ship/ship_0318.png,ship
arm2,3,train,data/raw/ai4simulate/ship/ship_0319.png,ship
arm2,3,train,data/raw/ai4simulate/ship/ship_0320.png,ship
arm2,3,train,data/raw/ai4simulate/ship/ship_0321.png,ship
arm2,3,train,data/raw/ai4simulate/ship/ship_0323.png,ship
arm2,3,train,data/raw/ai4simulate/ship/ship_0324.png,ship
arm2,3,train,data/raw/ai4simulate/ship/ship_0325.png,ship
arm2,3,train,data/raw/ai4simulate/ship/ship_0326.png,ship
arm2,3,train,data/raw/ai4simulate/ship/ship_0327.png,ship
arm2,3,train,data/raw/ai4simulate/ship/ship_0331.png,ship
arm2,3,train,data/raw/ai4simulate/ship/ship_0332.png,ship
arm2,3,train,data/raw/ai4simulate/ship/ship_0335.png,ship
arm2,3,train,data/raw/ai4simulate/ship/ship_0337.png,ship
arm2,3,train,data/raw/ai4simulate/ship/ship_0338.png,ship
arm2,3,train,data/raw/ai4simulate/ship/ship_0339.png,ship
arm2,3,train,data/raw/ai4simulate/ship/ship_0340.png,ship
arm2,3,train,data/raw/ai4simulate/ship/ship_0341.png,ship
arm2,3,train,data/raw/ai4simulate/ship/ship_0342.png,ship
arm2,3,train,data/raw/ai4simulate/ship/ship_0343.png,ship
arm2,3,train,data/raw/ai4simulate/ship/ship_0347.png,ship
arm2,3,train,data/raw/ai4simulate/ship/ship_0348.png,ship
arm2,3,train,data/raw/ai4simulate/ship/ship_0351.png,ship
arm2,3,train,data/raw/ai4simulate/ship/ship_0352.png,ship
arm2,3,train,data/raw/ai4simulate/ship/ship_0353.png,ship
arm2,3,train,data/raw/ai4simulate/ship/ship_0354.png,ship
arm2,3,train,data/raw/ai4simulate/ship/ship_0355.png,ship
arm2,3,train,data/raw/ai4simulate/ship/ship_0356.png,ship
arm2,3,train,data/raw/ai4simulate/ship/ship_0358.png,ship
arm2,3,train,data/raw/ai4simulate/ship/ship_0360.png,ship
arm2,3,train,data/raw/ai4simulate/ship/ship_0363.png,ship
arm2,3,train,data/raw/ai4simulate/ship/ship_0364.png,ship
arm2,3,train,data/raw/ai4simulate/ship/ship_0365.png,ship
arm2,3,train,data/raw/ai4simulate/ship/ship_0366.png,ship
arm2,3,train,data/raw/ai4simulate/ship/ship_0367.png,ship
arm2,3,train,data/raw/ai4simulate/ship/ship_0369.png,ship
arm2,3,train,data/raw/ai4simulate/ship/ship_0370.png,ship
arm2,3,train,data/raw/ai4simulate/ship/ship_0371.png,ship
arm2,3,train,data/raw/ai4simulate/ship/ship_0372.png,ship
arm2,3,train,data/raw/ai4simulate/ship/ship_0373.png,ship
arm2,3,train,data/raw/ai4simulate/ship/ship_0377.png,ship
arm2,3,train,data/raw/ai4simulate/ship/ship_0379.png,ship
arm2,3,train,data/raw/ai4simulate/ship/ship_0381.png,ship
arm2,3,train,data/raw/ai4simulate/ship/ship_0383.png,ship
arm2,3,train,data/raw/ai4simulate/ship/ship_0384.png,ship
arm2,3,train,data/raw/ai4simulate/ship/ship_0385.png,ship
arm2,3,train,data/raw/ai4simulate/ship/ship_0386.png,ship
arm2,3,train,data/raw/ai4simulate/ship/ship_0387.png,ship
arm2,3,train,data/raw/ai4simulate/ship/ship_0389.png,ship
arm2,3,train,data/raw/ai4simulate/ship/ship_0390.png,ship
arm2,3,train,data/raw/ai4simulate/ship/ship_0392.png,ship
arm2,3,train,data/raw/ai4simulate/ship/ship_0395.png,ship
arm2,3,train,data/raw/ai4simulate/ship/ship_0396.png,ship
arm2,3,train,data/raw/ai4simulate/ship/ship_0397.png,ship
arm2,3,train,data/raw/ai4simulate/ship/ship_0398.png,ship
arm2,3,train,data/raw/ai4simulate/ship/ship_0399.png,ship
arm2,3,train,data/raw/ai4simulate/ship/ship_0400.png,ship
arm2,3,train,data/raw/ai4simulate/ship/ship_0401.png,ship
arm2,3,train,data/raw/ai4simulate/ship/ship_0402.png,ship
arm2,3,train,data/raw/ai4simulate/ship/ship_0403.png,ship
arm2,3,train,data/raw/ai4simulate/ship/ship_0404.png,ship
arm2,3,train,data/raw/ai4simulate/ship/ship_0406.png,ship
arm2,3,train,data/raw/ai4simulate/ship/ship_0407.png,ship
arm2,3,train,data/raw/ai4simulate/ship/ship_0408.png,ship
arm2,3,train,data/raw/ai4simulate/ship/ship_0409.png,ship
arm2,3,train,data/raw/ai4simulate/ship/ship_0411.png,ship
arm2,3,train,data/raw/ai4simulate/ship/ship_0412.png,ship
arm2,3,train,data/raw/ai4simulate/ship/ship_0413.png,ship
arm2,3,train,data/raw/ai4simulate/ship/ship_0414.png,ship
arm2,3,train,data/raw/ai4simulate/ship/ship_0415.png,ship
arm2,3,train,data/raw/ai4simulate/ship/ship_0416.png,ship
arm2,3,train,data/raw/ai4simulate/ship/ship_0417.png,ship
arm2,3,train,data/raw/ai4simulate/ship/ship_0418.png,ship
arm2,3,train,data/raw/ai4simulate/ship/ship_0420.png,ship
arm2,3,train,data/raw/ai4simulate/ship/ship_0421.png,ship
arm2,3,train,data/raw/ai4simulate/ship/ship_0422.png,ship
arm2,3,train,data/raw/ai4simulate/ship/ship_0423.png,ship
arm2,3,train,data/raw/ai4simulate/ship/ship_0424.png,ship
arm2,3,train,data/raw/ai4simulate/ship/ship_0425.png,ship
arm2,3,train,data/raw/ai4simulate/ship/ship_0426.png,ship
arm2,3,train,data/raw/ai4simulate/ship/ship_0427.png,ship
arm2,3,train,data/raw/ai4simulate/ship/ship_0428.png,ship
arm2,3,train,data/raw/ai4simulate/ship/ship_0430.png,ship
arm2,3,train,data/raw/ai4simulate/ship/ship_0432.png,ship
arm2,3,train,data/raw/ai4simulate/ship/ship_0433.png,ship
arm2,3,train,data/raw/ai4simulate/ship/ship_0434.png,ship
arm2,3,train,data/raw/ai4simulate/ship/ship_0435.png,ship
arm2,3,train,data/raw/ai4simulate/ship/ship_0436.png,ship
arm2,3,train,data/raw/ai4simulate/ship/ship_0437.png,ship
arm2,3,train,data/raw/ai4simulate/ship/ship_0438.png,ship
arm2,3,train,data/raw/ai4simulate/ship/ship_0439.png,ship
arm2,3,train,data/raw/ai4simulate/ship/ship_0440.png,ship
arm2,3,train,data/raw/ai4simulate/ship/ship_0441.png,ship
arm2,3,train,data/raw/ai4simulate/ship/ship_0442.png,ship
arm2,3,train,data/raw/ai4simulate/ship/ship_0443.png,ship
arm2,3,train,data/raw/ai4simulate/ship/ship_0444.png,ship
arm2,3,train,data/raw/ai4simulate/ship/ship_0446.png,ship
arm2,3,train,data/raw/ai4simulate/ship/ship_0447.png,ship
arm2,3,train,data/raw/ai4simulate/ship/ship_0448.png,ship
arm2,3,train,data/raw/ai4simulate/ship/ship_0449.png,ship
arm2,3,train,data/raw/ai4simulate/ship/ship_0450.png,ship
arm2,3,train,data/raw/ai4simulate/ship/ship_0451.png,ship
arm2,3,train,data/raw/ai4simulate/ship/ship_0452.png,ship
arm2,3,train,data/raw/ai4simulate/ship/ship_0453.png,ship
arm2,3,train,data/raw/ai4simulate/ship/ship_0455.png,ship
arm2,3,train,data/raw/ai4simulate/ship/ship_0457.png,ship
arm2,3,train,data/raw/ai4simulate/ship/ship_0458.png,ship
arm2,3,train,data/raw/ai4simulate/ship/ship_0460.png,ship
arm2,3,train,data/raw/ai4simulate/ship/ship_0461.png,ship
arm2,3,train,data/raw/ai4simulate/ship/ship_0462.png,ship
arm2,3,train,data/raw/ai4simulate/ship/ship_0463.png,ship
arm2,3,train,data/raw/ai4simulate/ship/ship_0464.png,ship
arm2,3,train,data/raw/ai4simulate/ship/ship_0465.png,ship
arm2,3,train,data/raw/ai4simulate/ship/ship_0466.png,ship
arm2,3,train,data/raw/ai4simulate/ship/ship_0467.png,ship
arm2,3,train,data/raw/ai4simulate/ship/ship_0469.png,ship
arm2,3,train,data/raw/ai4simulate/ship/ship_0470.png,ship
arm2,3,train,data/raw/ai4simulate/ship/ship_0471.png,ship
arm2,3,train,data/raw/ai4simulate/ship/ship_0472.png,ship
arm2,3,train,data/raw/ai4simulate/ship/ship_0474.png,ship
arm2,3,train,data/raw/ai4simulate/ship/ship_0475.png,ship
arm2,3,train,data/raw/ai4simulate/ship/ship_0476.png,ship
arm2,3,train,data/raw/ai4simulate/ship/ship_0477.png,ship
arm2,3,train,data/raw/ai4simulate/ship/ship_0478.png,ship
arm2,3,train,data/raw/ai4simulate/ship/ship_0479.png,ship
arm2,3,train,data/raw/ai4simulate/ship/ship_0481.png,ship
arm2,3,train,data/raw/ai4simulate/ship/ship_0483.png,ship
arm2,3,train,data/raw/ai4simulate/ship/ship_0484.png,ship
arm2,3,train,data/raw/ai4simulate/ship/ship_0485.png,ship
arm2,3,train,data/raw/ai4simulate/ship/ship_0486.png,ship
arm2,3,train,data/raw/ai4simulate/ship/ship_0487.png,ship
arm2,3,train,data/raw/ai4simulate/ship/ship_0488.png,ship
arm2,3,train,data/raw/ai4simulate/ship/ship_0489.png,ship
arm2,3,train,data/raw/ai4simulate/ship/ship_0490.png,ship
arm2,3,test,data/raw/ai4simulate/airplane/airplane_0003.png,airplane
arm2,3,test,data/raw/ai4simulate/airplane/airplane_0004.png,airplane
arm2,3,test,data/raw/ai4simulate/airplane/airplane_0008.png,airplane
arm2,3,test,data/raw/ai4simulate/airplane/airplane_0013.png,airplane
arm2,3,test,data/raw/ai4simulate/airplane/airplane_0020.png,airplane
arm2,3,test,data/raw/ai4simulate/airplane/airplane_0022.png,airplane
arm2,3,test,data/raw/ai4simulate/airplane/airplane_0027.png,airplane
arm2,3,test,data/raw/ai4simulate/airplane/airplane_0028.png,airplane
arm2,3,test,data/raw/ai4simulate/airplane/airplane_0032.png,airplane
arm2,3,test,data/raw/ai4simulate/airplane/airplane_0054.png,airplane
arm2,3,test,data/raw/ai4simulate/airplane/airplane_0058.png,airplane
arm2,3,test,data/raw/ai4simulate/airplane/airplane_0062.png,airplane
arm2,3,test,data/raw/ai4simulate/airplane/airplane_0067.png,airplane
arm2,3,test,data/raw/ai4simulate/airplane/airplane_0070.png,airplane
arm2,3,test,data/raw/ai4simulate/airplane/airplane_0073.png,airplane
arm2,3,test,data/raw/ai4simulate/airplane/airplane_0074.png,airplane
arm2,3,test,data/raw/ai4simulate/airplane/airplane_0087.png,airplane
arm2,3,test,data/raw/ai4simulate/airplane/airplane_0088.png,airplane
arm2,3,test,data/raw/ai4simulate/ship/ship_0091.png,ship
arm2,3,test,data/raw/ai4simulate/ship/ship_0096.png,ship
arm2,3,test,data/raw/ai4simulate/ship/ship_0111.png,ship
arm2,3,test,data/raw/ai4simulate/ship/ship_0112.png,ship
arm2,3,test,data/raw/ai4simulate/ship/ship_0113.png,ship
arm2,3,test,data/raw/ai4simulate/ship/ship_0114.png,ship
arm2,3,test,data/raw/ai4simulate/ship/ship_0116.png,ship
arm2,3,test,data/raw/ai4simulate/ship/ship_0117.png,ship
arm2,3,test,data/raw/ai4simulate/ship/ship_0133.png,ship
arm2,3,test,data/raw/ai4simulate/ship/ship_0135.png,ship
arm2,3,test,data/raw/ai4simulate/ship/ship_0136.png,ship
arm2,3,test,data/raw/ai4simulate/ship/ship_0153.png,ship
arm2,3,test,data/raw/ai4simulate/ship/ship_0154.png,ship
arm2,3,test,data/raw/ai4simulate/ship/ship_0162.png,ship
arm2,3,test,data/raw/ai4simulate/ship/ship_0169.png,ship
arm2,3,test,data/raw/ai4simulate/ship/ship_0171.png,ship
arm2,3,test,data/raw/ai4simulate/ship/ship_0176.png,ship
arm2,3,test,data/raw/ai4simulate/ship/ship_0193.png,ship
arm2,3,test,data/raw/ai4simulate/ship/ship_0199.png,ship
arm2,3,test,data/raw/ai4simulate/ship/ship_0215.png,ship
arm2,3,test,data/raw/ai4simulate/ship/ship_0219.png,ship
arm2,3,test,data/raw/ai4simulate/ship/ship_0228.png,ship
arm2,3,test,data/raw/ai4simulate/ship/ship_0230.png,ship
arm2,3,test,data/raw/ai4simulate/ship/ship_0232.png,ship
arm2,3,test,data/raw/ai4simulate/ship/ship_0233.png,ship
arm2,3,test,data/raw/ai4simulate/ship/ship_0235.png,ship
arm2,3,test,data/raw/ai4simulate/ship/ship_0247.png,ship
arm2,3,test,data/raw/ai4simulate/ship/ship_0249.png,ship
arm2,3,test,data/raw/ai4simulate/ship/ship_0255.png,ship
arm2,3,test,data/raw/ai4simulate/ship/ship_0256.png,ship
arm2,3,test,data/raw/ai4simulate/ship/ship_0262.png,ship
arm2,3,test,data/raw/ai4simulate/ship/ship_0267.png,ship
arm2,3,test,data/raw/ai4simulate/ship/ship_0272.png,ship
arm2,3,test,data/raw/ai4simulate/ship/ship_0286.png,ship
arm2,3,test,data/raw/ai4simulate/ship/ship_0294.png,ship
arm2,3,test,data/raw/ai4simulate/ship/ship_0295.png,ship
arm2,3,test,data/raw/ai4simulate/ship/ship_0304.png,ship
arm2,3,test,data/raw/ai4simulate/ship/ship_0310.png,ship
arm2,3,test,data/raw/ai4simulate/ship/ship_0314.png,ship
arm2,3,test,data/raw/ai4simulate/ship/ship_0316.png,ship
arm2,3,test,data/raw/ai4simulate/ship/ship_0322.png,ship
arm2,3,test,data/raw/ai4simulate/ship/ship_0328.png,ship
arm2,3,test,data/raw/ai4simulate/ship/ship_0329.png,ship
arm2,3,test,data/raw/ai4simulate/ship/ship_0330.png,ship
arm2,3,test,data/raw/ai4simulate/ship/ship_0333.png,ship
arm2,3,test,data/raw/ai4simulate/ship/ship_0334.png,ship
arm2,3,test,data/raw/ai4simulate/ship/ship_0336.png,ship
arm2,3,test,data/raw/ai4simulate/ship/ship_0344.png,ship
arm2,3,test,data/raw/ai4simulate/ship/ship_0345.png,ship
arm2,3,test,data/raw/ai4simulate/ship/ship_0346.png,ship
arm2,3,test,data/raw/ai4simulate/ship/ship_0349.png,ship
arm2,3,test,data/raw/ai4simulate/ship/ship_0350.png,ship
arm2,3,test,data/raw/ai4simulate/ship/ship_0357.png,ship
arm2,3,test,data/raw/ai4simulate/ship/ship_0359.png,ship
arm2,3,test,data/raw/ai4simulate/ship/ship_0361.png,ship
arm2,3,test,data/raw/ai4simulate/ship/ship_0362.png,ship
arm2,3,test,data/raw/ai4simulate/ship/ship_0368.png,ship
arm2,3,test,data/raw/ai4simulate/ship/ship_0374.png,ship
arm2,3,test,data/raw/ai4simulate/ship/ship_0375.png,ship
arm2,3,test,data/raw/ai4simulate/ship/ship_0376.png,ship
arm2,3,test,data/raw/ai4simulate/ship/ship_0378.png,ship
arm2,3,test,data/raw/ai4simulate/ship/ship_0380.png,ship
arm2,3,test,data/raw/ai4simulate/ship/ship_0382.png,ship
arm2,3,test,data/raw/ai4simulate/ship/ship_0388.png,ship
arm2,3,test,data/raw/ai4simulate/ship/ship_0391.png,ship
arm2,3,test,data/raw/ai4simulate/ship/ship_0393.png,ship
arm2,3,test,data/raw/ai4simulate/ship/ship_0394.png,ship
arm2,3,test,data/raw/ai4simulate/ship/ship_0405.png,ship
arm2,3,test,data/raw/ai4simulate/ship/ship_0410.png,ship
arm2,3,test,data/raw/ai4simulate/ship/ship_0419.png,ship
arm2,3,test,data/raw/ai4simulate/ship/ship_0429.png,ship
arm2,3,test,data/raw/ai4simulate/ship/ship_0431.png,ship
arm2,3,test,data/raw/ai4simulate/ship/ship_0445.png,ship
arm2,3,test,data/raw/ai4simulate/ship/ship_0454.png,ship
arm2,3,test,data/raw/ai4simulate/ship/ship_0456.png,ship
arm2,3,test,data/raw/ai4simulate/ship/ship_0459.png,ship
arm2,3,test,data/raw/ai4simulate/ship/ship_0468.png,ship
arm2,3,test,data/raw/ai4simulate/ship/ship_0473.png,ship
arm2,3,test,data/raw/ai4simulate/ship/ship_0480.png,ship
arm2,3,test,data/raw/ai4simulate/ship/ship_0482.png,ship
arm2,4,train,data/raw/ai4simulate/airplane/airplane_0001.png,airplane
arm2,4,train,data/raw/ai4simulate/airplane/airplane_0002.png,airplane
arm2,4,train,data/raw/ai4simulate/airplane/airplane_0003.png,airplane
arm2,4,train,data/raw/ai4simulate/airplane/airplane_0004.png,airplane
arm2,4,train,data/raw/ai4simulate/airplane/airplane_0005.png,airplane
arm2,4,train,data/raw/ai4simulate/airplane/airplane_0006.png,airplane
arm2,4,train,data/raw/ai4simulate/airplane/airplane_0007.png,airplane
arm2,4,train,data/raw/ai4simulate/airplane/airplane_0008.png,airplane
arm2,4,train,data/raw/ai4simulate/airplane/airplane_0009.png,airplane
arm2,4,train,data/raw/ai4simulate/airplane/airplane_0010.png,airplane
arm2,4,train,data/raw/ai4simulate/airplane/airplane_0012.png,airplane
arm2,4,train,data/raw/ai4simulate/airplane/airplane_0013.png,airplane
arm2,4,train,data/raw/ai4simulate/airplane/airplane_0015.png,airplane
arm2,4,train,data/raw/ai4simulate/airplane/airplane_0016.png,airplane
arm2,4,train,data/raw/ai4simulate/airplane/airplane_0017.png,airplane
arm2,4,train,data/raw/ai4simulate/airplane/airplane_0018.png,airplane
arm2,4,train,data/raw/ai4simulate/airplane/airplane_0019.png,airplane
arm2,4,train,data/raw/ai4simulate/airplane/airplane_0020.png,airplane
arm2,4,train,data/raw/ai4simulate/airplane/airplane_0022.png,airplane
arm2,4,train,data/raw/ai4simulate/airplane/airplane_0024.png,airplane
arm2,4,train,data/raw/ai4simulate/airplane/airplane_0025.png,airplane
arm2,4,train,data/raw/ai4simulate/airplane/airplane_0026.png,airplane
arm2,4,train,data/raw/ai4simulate/airplane/airplane_0027.png,airplane
arm2,4,train,data/raw/ai4simulate/airplane/airplane_0028.png,airplane
arm2,4,train,data/raw/ai4simulate/airplane/airplane_0029.png,airplane
arm2,4,train,data/raw/ai4simulate/airplane/airplane_0031.png,airplane
arm2,4,train,data/raw/ai4simulate/airplane/airplane_0032.png,airplane
arm2,4,train,data/raw/ai4simulate/airplane/airplane_0033.png,airplane
arm2,4,train,data/raw/ai4simulate/airplane/airplane_0034.png,airplane
arm2,4,train,data/raw/ai4simulate/airplane/airplane_0035.png,airplane
arm2,4,train,data/raw/ai4simulate/airplane/airplane_0036.png,airplane
arm2,4,train,data/raw/ai4simulate/airplane/airplane_0037.png,airplane
arm2,4,train,data/raw/ai4simulate/airplane/airplane_0038.png,airplane
arm2,4,train,data/raw/ai4simulate/airplane/airplane_0039.png,airplane
arm2,4,train,data/raw/ai4simulate/airplane/airplane_0041.png,airplane
arm2,4,train,data/raw/ai4simulate/airplane/airplane_0042.png,airplane
arm2,4,train,data/raw/ai4simulate/airplane/airplane_0044.png,airplane
arm2,4,train,data/raw/ai4simulate/airplane/airplane_0045.png,airplane
arm2,4,train,data/raw/ai4simulate/airplane/airplane_0046.png,airplane
arm2,4,train,data/raw/ai4simulate/airplane/airplane_0047.png,airplane
arm2,4,train,data/raw/ai4simulate/airplane/airplane_0048.png,airplane
arm2,4,train,data/raw/ai4simulate/airplane/airplane_0049.png,airplane
arm2,4,train,data/raw/ai4simulate/airplane/airplane_0050.png,airplane
arm2,4,train,data/raw/ai4simulate/airplane/airplane_0051.png,airplane
arm2,4,train,data/raw/ai4simulate/airplane/airplane_0053.png,airplane
arm2,4,train,data/raw/ai4simulate/airplane/airplane_0054.png,airplane
arm2,4,train,data/raw/ai4simulate/airplane/airplane_0055.png,airplane
arm2,4,train,data/raw/ai4simulate/airplane/airplane_0058.png,airplane
arm2,4,train,data/raw/ai4simulate/airplane/airplane_0059.png,airplane
arm2,4,train,data/raw/ai4simulate/airplane/airplane_0060.png,airplane
arm2,4,train,data/raw/ai4simulate/airplane/airplane_0061.png,airplane
arm2,4,train,data/raw/ai4simulate/airplane/airplane_0062.png,airplane
arm2,4,train,data/raw/ai4simulate/airplane/airplane_0064.png,airplane
arm2,4,train,data/raw/ai4simulate/airplane/airplane_0066.png,airplane
arm2,4,train,data/raw/ai4simulate/airplane/airplane_0067.png,airplane
arm2,4,train,data/raw/ai4simulate/airplane/airplane_0068.png,airplane
arm2,4,train,data/raw/ai4simulate/airplane/airplane_0070.png,airplane
arm2,4,train,data/raw/ai4simulate/airplane/airplane_0071.png,airplane
arm2,4,train,data/raw/ai4simulate/airplane/airplane_0073.png,airplane
arm2,4,train,data/raw/ai4simulate/airplane/airplane_0074.png,airplane
arm2,4,train,data/raw/ai4simulate/airplane/airplane_0076.png,airplane
arm2,4,train,data/raw/ai4simulate/airplane/airplane_0077.png,airplane
arm2,4,train,data/raw/ai4simulate/airplane/airplane_0078.png,airplane
arm2,4,train,data/raw/ai4simulate/airplane/airplane_0079.png,airplane
arm2,4,train,data/raw/ai4simulate/airplane/airplane_0080.png,airplane
arm2,4,train,data/raw/ai4simulate/airplane/airplane_0081.png,airplane
arm2,4,train,data/raw/ai4simulate/airplane/airplane_0082.png,airplane
arm2,4,train,data/raw/ai4simulate/airplane/airplane_0086.png,airplane
arm2,4,train,data/raw/ai4simulate/airplane/airplane_0087.png,airplane
arm2,4,train,data/raw/ai4simulate/airplane/airplane_0088.png,airplane
arm2,4,train,data/raw/ai4simulate/airplane/airplane_0089.png,airplane
arm2,4,train,data/raw/ai4simulate/airplane/airplane_0090.png,airplane
arm2,4,train,data/raw/ai4simulate/ship/ship_0091.png,ship
arm2,4,train,data/raw/ai4simulate/ship/ship_0093.png,ship
arm2,4,train,data/raw/ai4simulate/ship/ship_0094.png,ship
arm2,4,train,data/raw/ai4simulate/ship/ship_0095.png,ship
arm2,4,train,data/raw/ai4simulate/ship/ship_0096.png,ship
arm2,4,train,data/raw/ai4simulate/ship/ship_0097.png,ship
arm2,4,train,data/raw/ai4simulate/ship/ship_0098.png,ship
arm2,4,train,data/raw/ai4simulate/ship/ship_0099.png,ship
arm2,4,train,data/raw/ai4simulate/ship/ship_0100.png,ship
arm2,4,train,data/raw/ai4simulate/ship/ship_0101.png,ship
arm2,4,train,data/raw/ai4simulate/ship/ship_0102.png,ship
arm2,4,train,data/raw/ai4simulate/ship/ship_0103.png,ship
arm2,4,train,data/raw/ai4simulate/ship/ship_0104.png,ship
arm2,4,train,data/raw/ai4simulate/ship/ship_0105.png,ship
arm2,4,train,data/raw/ai4simulate/ship/ship_0106.png,ship
arm2,4,train,data/raw/ai4simulate/ship/ship_0107.png,ship
arm2,4,train,data/raw/ai4simulate/ship/ship_0108.png,ship
arm2,4,train,data/raw/ai4simulate/ship/ship_0110.png,ship
arm2,4,train,data/raw/ai4simulate/ship/ship_0111.png,ship
arm2,4,train,data/raw/ai4simulate/ship/ship_0112.png,ship
arm2,4,train,data/raw/ai4simulate/ship/ship_0113.png,ship
arm2,4,train,data/raw/ai4simulate/ship/ship_0114.png,ship
arm2,4,train,data/raw/ai4simulate/ship/ship_0116.png,ship
arm2,4,train,data/raw/ai4simulate/ship/ship_0117.png,ship
arm2,4,train,data/raw/ai4simulate/ship/ship_0118.png,ship
arm2,4,train,data/raw/ai4simulate/ship/ship_0119.png,ship
arm2,4,train,data/raw/ai4simulate/ship/ship_0120.png,ship
arm2,4,train,data/raw/ai4simulate/ship/ship_0121.png,ship
arm2,4,train,data/raw/ai4simulate/ship/ship_0122.png,ship
arm2,4,train,data/raw/ai4simulate/ship/ship_0125.png,ship
arm2,4,train,data/raw/ai4simulate/ship/ship_0126.png,ship
arm2,4,train,data/raw/ai4simulate/ship/ship_0128.png,ship
arm2,4,train,data/raw/ai4simulate/ship/ship_0129.png,ship
arm2,4,train,data/raw/ai4simulate/ship/ship_0130.png,ship
arm2,4,train,data/raw/ai4simulate/ship/ship_0131.png,ship
arm2,4,train,data/raw/ai4simulate/ship/ship_0132.png,ship
arm2,4,train,data/raw/ai4simulate/ship/ship_0133.png,ship
arm2,4,train,data/raw/ai4simulate/ship/ship_0134.png,ship
arm2,4,train,data/raw/ai4simulate/ship/ship_0135.png,ship
arm2,4,train,data/raw/ai4simulate/ship/ship_0136.png,ship
arm2,4,train,data/raw/ai4simulate/ship/ship_0137.png,ship
arm2,4,train,data/raw/ai4simulate/ship/ship_0138.png,ship
arm2,4,train,data/raw/ai4simulate/ship/ship_0140.png,ship
arm2,4,train,data/raw/ai4simulate/ship/ship_0141.png,ship
arm2,4,train,data/raw/ai4simulate/ship/ship_0142.png,ship
arm2,4,train,data/raw/ai4simulate/ship/ship_0143.png,ship
arm2,4,train,data/raw/ai4simulate/ship/ship_0144.png,ship
arm2,4,train,data/raw/ai4simulate/ship/ship_0145.png,ship
arm2,4,train,data/raw/ai4simulate/ship/ship_0146.png,ship
arm2,4,train,data/raw/ai4simulate/ship/ship_0147.png,ship
arm2,4,train,data/raw/ai4simulate/ship/ship_0148.png,ship
arm2,4,train,data/raw/ai4simulate/ship/ship_0149.png,ship
arm2,4,train,data/raw/ai4simulate/ship/ship_0152.png,ship
arm2,4,train,data/raw/ai4simulate/ship/ship_0153.png,ship
arm2,4,train,data/raw/ai4simulate/ship/ship_0154.png,ship
arm2,4,train,data/raw/ai4simulate/ship/ship_0155.png,ship
arm2,4,train,data/raw/ai4simulate/ship/ship_0157.png,ship
arm2,4,train,data/raw/ai4simulate/ship/ship_0158.png,ship
arm2,4,train,data/raw/ai4simulate/ship/ship_0159.png,ship
arm2,4,train,data/raw/ai4simulate/ship/ship_0161.png,ship
arm2,4,train,data/raw/ai4simulate/ship/ship_0162.png,ship
arm2,4,train,data/raw/ai4simulate/ship/ship_0163.png,ship
arm2,4,train,data/raw/ai4simulate/ship/ship_0164.png,ship
arm2,4,train,data/raw/ai4simulate/ship/ship_0165.png,ship
arm2,4,train,data/raw/ai4simulate/ship/ship_0166.png,ship
arm2,4,train,data/raw/ai4simulate/ship/ship_0167.png,ship
arm2,4,train,data/raw/ai4simulate/ship/ship_0168.png,ship
arm2,4,train,data/raw/ai4simulate/ship/ship_0169.png,ship
arm2,4,train,data/raw/ai4simulate/ship/ship_0170.png,ship
arm2,4,train,data/raw/ai4simulate/ship/ship_0171.png,ship
arm2,4,train,data/raw/ai4simulate/ship/ship_0172.png,ship
arm2,4,train,data/raw/ai4simulate/ship/ship_0173.png,ship
arm2,4,train,data/raw/ai4simulate/ship/ship_0174.png,ship
arm2,4,train,data/raw/ai4simulate/ship/ship_0175.png,ship
arm2,4,train,data/raw/ai4simulate/ship/ship_0176.png,ship
arm2,4,train,data/raw/ai4simulate/ship/ship_0177.png,ship
arm2,4,train,data/raw/ai4simulate/ship/ship_0178.png,ship
arm2,4,train,data/raw/ai4simulate/ship/ship_0180.png,ship
arm2,4,train,data/raw/ai4simulate/ship/ship_0182.png,ship
arm2,4,train,data/raw/ai4simulate/ship/ship_0183.png,ship
arm2,4,train,data/raw/ai4simulate/ship/ship_0184.png,ship
arm2,4,train,data/raw/ai4simulate/ship/ship_0185.png,ship
arm2,4,train,data/raw/ai4simulate/ship/ship_0186.png,ship
arm2,4,train,data/raw/ai4simulate/ship/ship_0187.png,ship
arm2,4,train,data/raw/ai4simulate/ship/ship_0192.png,ship
arm2,4,train,data/raw/ai4simulate/ship/ship_0193.png,ship
arm2,4,train,data/raw/ai4simulate/ship/ship_0194.png,ship
arm2,4,train,data/raw/ai4simulate/ship/ship_0195.png,ship
arm2,4,train,data/raw/ai4simulate/ship/ship_0196.png,ship
arm2,4,train,data/raw/ai4simulate/ship/ship_0197.png,ship
arm2,4,train,data/raw/ai4simulate/ship/ship_0199.png,ship
arm2,4,train,data/raw/ai4simulate/ship/ship_0200.png,ship
arm2,4,train,data/raw/ai4simulate/ship/ship_0202.png,ship
arm2,4,train,data/raw/ai4simulate/ship/ship_0203.png,ship
arm2,4,train,data/raw/ai4simulate/ship/ship_0204.png,ship
arm2,4,train,data/raw/ai4simulate/ship/ship_0207.png,ship
arm2,4,train,data/raw/ai4simulate/ship/ship_0208.png,ship
arm2,4,train,data/raw/ai4simulate/ship/ship_0209.png,ship
arm2,4,train,data/raw/ai4simulate/ship/ship_0210.png,ship
arm2,4,train,data/raw/ai4simulate/ship/ship_0212.png,ship
arm2,4,train,data/raw/ai4simulate/ship/ship_0213.png,ship
arm2,4,train,data/raw/ai4simulate/ship/ship_0215.png,ship
arm2,4,train,data/raw/ai4simulate/ship/ship_0216.png,ship
arm2,4,train,data/raw/ai4simulate/ship/ship_0218.png,ship
arm2,4,train,data/raw/ai4simulate/ship/ship_0219.png,ship
arm2,4,train,data/raw/ai4simulate/ship/ship_0220.png,ship
arm2,4,train,data/raw/ai4simulate/ship/ship_0221.png,ship
arm2,4,train,data/raw/ai4simulate/ship/ship_0222.png,ship
arm2,4,train,data/raw/ai4simulate/ship/ship_0224.png,ship
arm2,4,train,data/raw/ai4simulate/ship/ship_0227.png,ship
arm2,4,train,data/raw/ai4simulate/ship/ship_0228.png,ship
arm2,4,train,data/raw/ai4simulate/ship/ship_0229.png,ship
arm2,4,train,data/raw/ai4simulate/ship/ship_0230.png,ship
arm2,4,train,data/raw/ai4simulate/ship/ship_0231.png,ship
arm2,4,train,data/raw/ai4simulate/ship/ship_0232.png,ship
arm2,4,train,data/raw/ai4simulate/ship/ship_0233.png,ship
arm2,4,train,data/raw/ai4simulate/ship/ship_0234.png,ship
arm2,4,train,data/raw/ai4simulate/ship/ship_0235.png,ship
arm2,4,train,data/raw/ai4simulate/ship/ship_0236.png,ship
arm2,4,train,data/raw/ai4simulate/ship/ship_0238.png,ship
arm2,4,train,data/raw/ai4simulate/ship/ship_0239.png,ship
arm2,4,train,data/raw/ai4simulate/ship/ship_0240.png,ship
arm2,4,train,data/raw/ai4simulate/ship/ship_0241.png,ship
arm2,4,train,data/raw/ai4simulate/ship/ship_0243.png,ship
arm2,4,train,data/raw/ai4simulate/ship/ship_0245.png,ship
arm2,4,train,data/raw/ai4simulate/ship/ship_0246.png,ship
arm2,4,train,data/raw/ai4simulate/ship/ship_0247.png,ship
arm2,4,train,data/raw/ai4simulate/ship/ship_0248.png,ship
arm2,4,train,data/raw/ai4simulate/ship/ship_0249.png,ship
arm2,4,train,data/raw/ai4simulate/ship/ship_0250.png,ship
arm2,4,train,data/raw/ai4simulate/ship/ship_0251.png,ship
arm2,4,train,data/raw/ai4simulate/ship/ship_0254.png,ship
arm2,4,train,data/raw/ai4simulate/ship/ship_0255.png,ship
arm2,4,train,data/raw/ai4simulate/ship/ship_0256.png,ship
arm2,4,train,data/raw/ai4simulate/ship/ship_0258.png,ship
arm2,4,train,data/raw/ai4simulate/ship/ship_0259.png,ship
arm2,4,train,data/raw/ai4simulate/ship/ship_0260.png,ship
arm2,4,train,data/raw/ai4simulate/ship/ship_0261.png,ship
arm2,4,train,data/raw/ai4simulate/ship/ship_0262.png,ship
arm2,4,train,data/raw/ai4simulate/ship/ship_0263.png,ship
arm2,4,train,data/raw/ai4simulate/ship/ship_0264.png,ship
arm2,4,train,data/raw/ai4simulate/ship/ship_0266.png,ship
arm2,4,train,data/raw/ai4simulate/ship/ship_0267.png,ship
arm2,4,train,data/raw/ai4simulate/ship/ship_0268.png,ship
arm2,4,train,data/raw/ai4simulate/ship/ship_0269.png,ship
arm2,4,train,data/raw/ai4simulate/ship/ship_0270.png,ship
arm2,4,train,data/raw/ai4simulate/ship/ship_0272.png,ship
arm2,4,train,data/raw/ai4simulate/ship/ship_0273.png,ship
arm2,4,train,data/raw/ai4simulate/ship/ship_0275.png,ship
arm2,4,train,data/raw/ai4simulate/ship/ship_0276.png,ship
arm2,4,train,data/raw/ai4simulate/ship/ship_0277.png,ship
arm2,4,train,data/raw/ai4simulate/ship/ship_0278.png,ship
arm2,4,train,data/raw/ai4simulate/ship/ship_0279.png,ship
arm2,4,train,data/raw/ai4simulate/ship/ship_0280.png,ship
arm2,4,train,data/raw/ai4simulate/ship/ship_0281.png,ship
arm2,4,train,data/raw/ai4simulate/ship/ship_0282.png,ship
arm2,4,train,data/raw/ai4simulate/ship/ship_0283.png,ship
arm2,4,train,data/raw/ai4simulate/ship/ship_0284.png,ship
arm2,4,train,data/raw/ai4simulate/ship/ship_0285.png,ship
arm2,4,train,data/raw/ai4simulate/ship/ship_0286.png,ship
arm2,4,train,data/raw/ai4simulate/ship/ship_0287.png,ship
arm2,4,train,data/raw/ai4simulate/ship/ship_0288.png,ship
arm2,4,train,data/raw/ai4simulate/ship/ship_0289.png,ship
arm2,4,train,data/raw/ai4simulate/ship/ship_0290.png,ship
arm2,4,train,data/raw/ai4simulate/ship/ship_0291.png,ship
arm2,4,train,data/raw/ai4simulate/ship/ship_0294.png,ship
arm2,4,train,data/raw/ai4simulate/ship/ship_0295.png,ship
arm2,4,train,data/raw/ai4simulate/ship/ship_0297.png,ship
arm2,4,train,data/raw/ai4simulate/ship/ship_0298.png,ship
arm2,4,train,data/raw/ai4simulate/ship/ship_0300.png,ship
arm2,4,train,data/raw/ai4simulate/ship/ship_0301.png,ship
arm2,4,train,data/raw/ai4simulate/ship/ship_0302.png,ship
arm2,4,train,data/raw/ai4simulate/ship/ship_0303.png,ship
arm2,4,train,data/raw/ai4simulate/ship/ship_0304.png,ship
arm2,4,train,data/raw/ai4simulate/ship/ship_0306.png,ship
arm2,4,train,data/raw/ai4simulate/ship/ship_0307.png,ship
arm2,4,train,data/raw/ai4simulate/ship/ship_0308.png,ship
arm2,4,train,data/raw/ai4simulate/ship/ship_0309.png,ship
arm2,4,train,data/raw/ai4simulate/ship/ship_0310.png,ship
arm2,4,train,data/raw/ai4simulate/ship/ship_0311.png,ship
arm2,4,train,data/raw/ai4simulate/ship/ship_0312.png,ship
arm2,4,train,data/raw/ai4simulate/ship/ship_0313.png,ship
arm2,4,train,data/raw/ai4simulate/ship/ship_0314.png,ship
arm2,4,train,data/raw/ai4simulate/ship/ship_0315.png,ship
arm2,4,train,data/raw/ai4simulate/ship/ship_0316.png,ship
arm2,4,train,data/raw/ai4simulate/ship/ship_0317.png,ship
arm2,4,train,data/raw/ai4simulate/ship/ship_0318.png,ship
arm2,4,train,data/raw/ai4simulate/ship/ship_0319.png,ship
arm2,4,train,data/raw/ai4simulate/ship/ship_0320.png,ship
arm2,4,train,data/raw/ai4simulate/ship/ship_0321.png,ship
arm2,4,train,data/raw/ai4simulate/ship/ship_0322.png,ship
arm2,4,train,data/raw/ai4simulate/ship/ship_0323.png,ship
arm2,4,train,data/raw/ai4simulate/ship/ship_0325.png,ship
arm2,4,train,data/raw/ai4simulate/ship/ship_0326.png,ship
arm2,4,train,data/raw/ai4simulate/ship/ship_0327.png,ship
arm2,4,train,data/raw/ai4simulate/ship/ship_0328.png,ship
arm2,4,train,data/raw/ai4simulate/ship/ship_0329.png,ship
arm2,4,train,data/raw/ai4simulate/ship/ship_0330.png,ship
arm2,4,train,data/raw/ai4simulate/ship/ship_0332.png,ship
arm2,4,train,data/raw/ai4simulate/ship/ship_0333.png,ship
arm2,4,train,data/raw/ai4simulate/ship/ship_0334.png,ship
arm2,4,train,data/raw/ai4simulate/ship/ship_0336.png,ship
arm2,4,train,data/raw/ai4simulate/ship/ship_0337.png,ship
arm2,4,train,data/raw/ai4simulate/ship/ship_0340.png,ship
arm2,4,train,data/raw/ai4simulate/ship/ship_0341.png,ship
arm2,4,train,data/raw/ai4simulate/ship/ship_0342.png,ship
arm2,4,train,data/raw/ai4simulate/ship/ship_0344.png,ship
arm2,4,train,data/raw/ai4simulate/ship/ship_0345.png,ship
arm2,4,train,data/raw/ai4simulate/ship/ship_0346.png,ship
arm2,4,train,data/raw/ai4simulate/ship/ship_0347.png,ship
arm2,4,train,data/raw/ai4simulate/ship/ship_0348.png,ship
arm2,4,train,data/raw/ai4simulate/ship/ship_0349.png,ship
arm2,4,train,data/raw/ai4simulate/ship/ship_0350.png,ship
arm2,4,train,data/raw/ai4simulate/ship/ship_0352.png,ship
arm2,4,train,data/raw/ai4simulate/ship/ship_0354.png,ship
arm2,4,train,data/raw/ai4simulate/ship/ship_0356.png,ship
arm2,4,train,data/raw/ai4simulate/ship/ship_0357.png,ship
arm2,4,train,data/raw/ai4simulate/ship/ship_0358.png,ship
arm2,4,train,data/raw/ai4simulate/ship/ship_0359.png,ship
arm2,4,train,data/raw/ai4simulate/ship/ship_0360.png,ship
arm2,4,train,data/raw/ai4simulate/ship/ship_0361.png,ship
arm2,4,train,data/raw/ai4simulate/ship/ship_0362.png,ship
arm2,4,train,data/raw/ai4simulate/ship/ship_0363.png,ship
arm2,4,train,data/raw/ai4simulate/ship/ship_0365.png,ship
arm2,4,train,data/raw/ai4simulate/ship/ship_0366.png,ship
arm2,4,train,data/raw/ai4simulate/ship/ship_0367.png,ship
arm2,4,train,data/raw/ai4simulate/ship/ship_0368.png,ship
arm2,4,train,data/raw/ai4simulate/ship/ship_0369.png,ship
arm2,4,train,data/raw/ai4simulate/ship/ship_0371.png,ship
arm2,4,train,data/raw/ai4simulate/ship/ship_0372.png,ship
arm2,4,train,data/raw/ai4simulate/ship/ship_0373.png,ship
arm2,4,train,data/raw/ai4simulate/ship/ship_0374.png,ship
arm2,4,train,data/raw/ai4simulate/ship/ship_0375.png,ship
arm2,4,train,data/raw/ai4simulate/ship/ship_0376.png,ship
arm2,4,train,data/raw/ai4simulate/ship/ship_0378.png,ship
arm2,4,train,data/raw/ai4simulate/ship/ship_0379.png,ship
arm2,4,train,data/raw/ai4simulate/ship/ship_0380.png,ship
arm2,4,train,data/raw/ai4simulate/ship/ship_0381.png,ship
arm2,4,train,data/raw/ai4simulate/ship/ship_0382.png,ship
arm2,4,train,data/raw/ai4simulate/ship/ship_0383.png,ship
arm2,4,train,data/raw/ai4simulate/ship/ship_0384.png,ship
arm2,4,train,data/raw/ai4simulate/ship/ship_0385.png,ship
arm2,4,train,data/raw/ai4simulate/ship/ship_0386.png,ship
arm2,4,train,data/raw/ai4simulate/ship/ship_0387.png,ship
arm2,4,train,data/raw/ai4simulate/ship/ship_0388.png,ship
arm2,4,train,data/raw/ai4simulate/ship/ship_0391.png,ship
arm2,4,train,data/raw/ai4simulate/ship/ship_0393.png,ship
arm2,4,train,data/raw/ai4simulate/ship/ship_0394.png,ship
arm2,4,train,data/raw/ai4simulate/ship/ship_0397.png,ship
arm2,4,train,data/raw/ai4simulate/ship/ship_0398.png,ship
arm2,4,train,data/raw/ai4simulate/ship/ship_0402.png,ship
arm2,4,train,data/raw/ai4simulate/ship/ship_0404.png,ship
arm2,4,train,data/raw/ai4simulate/ship/ship_0405.png,ship
arm2,4,train,data/raw/ai4simulate/ship/ship_0407.png,ship
arm2,4,train,data/raw/ai4simulate/ship/ship_0408.png,ship
arm2,4,train,data/raw/ai4simulate/ship/ship_0409.png,ship
arm2,4,train,data/raw/ai4simulate/ship/ship_0410.png,ship
arm2,4,train,data/raw/ai4simulate/ship/ship_0411.png,ship
arm2,4,train,data/raw/ai4simulate/ship/ship_0412.png,ship
arm2,4,train,data/raw/ai4simulate/ship/ship_0413.png,ship
arm2,4,train,data/raw/ai4simulate/ship/ship_0415.png,ship
arm2,4,train,data/raw/ai4simulate/ship/ship_0416.png,ship
arm2,4,train,data/raw/ai4simulate/ship/ship_0418.png,ship
arm2,4,train,data/raw/ai4simulate/ship/ship_0419.png,ship
arm2,4,train,data/raw/ai4simulate/ship/ship_0420.png,ship
arm2,4,train,data/raw/ai4simulate/ship/ship_0421.png,ship
arm2,4,train,data/raw/ai4simulate/ship/ship_0424.png,ship
arm2,4,train,data/raw/ai4simulate/ship/ship_0426.png,ship
arm2,4,train,data/raw/ai4simulate/ship/ship_0427.png,ship
arm2,4,train,data/raw/ai4simulate/ship/ship_0428.png,ship
arm2,4,train,data/raw/ai4simulate/ship/ship_0429.png,ship
arm2,4,train,data/raw/ai4simulate/ship/ship_0430.png,ship
arm2,4,train,data/raw/ai4simulate/ship/ship_0431.png,ship
arm2,4,train,data/raw/ai4simulate/ship/ship_0432.png,ship
arm2,4,train,data/raw/ai4simulate/ship/ship_0434.png,ship
arm2,4,train,data/raw/ai4simulate/ship/ship_0435.png,ship
arm2,4,train,data/raw/ai4simulate/ship/ship_0436.png,ship
arm2,4,train,data/raw/ai4simulate/ship/ship_0437.png,ship
arm2,4,train,data/raw/ai4simulate/ship/ship_0438.png,ship
arm2,4,train,data/raw/ai4simulate/ship/ship_0439.png,ship
arm2,4,train,data/raw/ai4simulate/ship/ship_0440.png,ship
arm2,4,train,data/raw/ai4simulate/ship/ship_0442.png,ship
arm2,4,train,data/raw/ai4simulate/ship/ship_0443.png,ship
arm2,4,train,data/raw/ai4simulate/ship/ship_0444.png,ship
arm2,4,train,data/raw/ai4simulate/ship/ship_0445.png,ship
arm2,4,train,data/raw/ai4simulate/ship/ship_0449.png,ship
arm2,4,train,data/raw/ai4simulate/ship/ship_0450.png,ship
arm2,4,train,data/raw/ai4simulate/ship/ship_0452.png,ship
arm2,4,train,data/raw/ai4simulate/ship/ship_0453.png,ship
arm2,4,train,data/raw/ai4simulate/ship/ship_0454.png,ship
arm2,4,train,data/raw/ai4simulate/ship/ship_0456.png,ship
arm2,4,train,data/raw/ai4simulate/ship/ship_0457.png,ship
arm2,4,train,data/raw/ai4simulate/ship/ship_0458.png,ship
arm2,4,train,data/raw/ai4simulate/ship/ship_0459.png,ship
arm2,4,train,data/raw/ai4simulate/ship/ship_0460.png,ship
arm2,4,train,data/raw/ai4simulate/ship/ship_0461.png,ship
arm2,4,train,data/raw/ai4simulate/ship/ship_0462.png,ship
arm2,4,train,data/raw/ai4simulate/ship/ship_0463.png,ship
arm2,4,train,data/raw/ai4simulate/ship/ship_0464.png,ship
arm2,4,train,data/raw/ai4simulate/ship/ship_0466.png,ship
arm2,4,train,data/raw/ai4simulate/ship/ship_0467.png,ship
arm2,4,train,data/raw/ai4simulate/ship/ship_0468.png,ship
arm2,4,train,data/raw/ai4simulate/ship/ship_0469.png,ship
arm2,4,train,data/raw/ai4simulate/ship/ship_0470.png,ship
arm2,4,train,data/raw/ai4simulate/ship/ship_0471.png,ship
arm2,4,train,data/raw/ai4simulate/ship/ship_0472.png,ship
arm2,4,train,data/raw/ai4simulate/ship/ship_0473.png,ship
arm2,4,train,data/raw/ai4simulate/ship/ship_0475.png,ship
arm2,4,train,data/raw/ai4simulate/ship/ship_0476.png,ship
arm2,4,train,data/raw/ai4simulate/ship/ship_0477.png,ship
arm2,4,train,data/raw/ai4simulate/ship/ship_0478.png,ship
arm2,4,train,data/raw/ai4simulate/ship/ship_0479.png,ship
arm2,4,train,data/raw/ai4simulate/ship/ship_0480.png,ship
arm2,4,train,data/raw/ai4simulate/ship/ship_0482.png,ship
arm2,4,train,data/raw/ai4simulate/ship/ship_0483.png,ship
arm2,4,train,data/raw/ai4simulate/ship/ship_0485.png,ship
arm2,4,train,data/raw/ai4simulate/ship/ship_0486.png,ship
arm2,4,train,data/raw/ai4simulate/ship/ship_0487.png,ship
arm2,4,train,data/raw/ai4simulate/ship/ship_0488.png,ship
arm2,4,train,data/raw/ai4simulate/ship/ship_0489.png,ship
arm2,4,test,data/raw/ai4simulate/airplane/airplane_0011.png,airplane
arm2,4,test,data/raw/ai4simulate/airplane/airplane_0014.png,airplane
arm2,4,test,data/raw/ai4simulate/airplane/airplane_0021.png,airplane
arm2,4,test,data/raw/ai4simulate/airplane/airplane_0023.png,airplane
arm2,4,test,data/raw/ai4simulate/airplane/airplane_0030.png,airplane
arm2,4,test,data/raw/ai4simulate/airplane/airplane_0040.png,airplane
arm2,4,test,data/raw/ai4simulate/airplane/airplane_0043.png,airplane
arm2,4,test,data/raw/ai4simulate/airplane/airplane_0052.png,airplane
arm2,4,test,data/raw/ai4simulate/airplane/airplane_0056.png,airplane
arm2,4,test,data/raw/ai4simulate/airplane/airplane_0057.png,airplane
arm2,4,test,data/raw/ai4simulate/airplane/airplane_0063.png,airplane
arm2,4,test,data/raw/ai4simulate/airplane/airplane_0065.png,airplane
arm2,4,test,data/raw/ai4simulate/airplane/airplane_0069.png,airplane
arm2,4,test,data/raw/ai4simulate/airplane/airplane_0072.png,airplane
arm2,4,test,data/raw/ai4simulate/airplane/airplane_0075.png,airplane
arm2,4,test,data/raw/ai4simulate/airplane/airplane_0083.png,airplane
arm2,4,test,data/raw/ai4simulate/airplane/airplane_0084.png,airplane
arm2,4,test,data/raw/ai4simulate/airplane/airplane_0085.png,airplane
arm2,4,test,data/raw/ai4simulate/ship/ship_0092.png,ship
arm2,4,test,data/raw/ai4simulate/ship/ship_0109.png,ship
arm2,4,test,data/raw/ai4simulate/ship/ship_0115.png,ship
arm2,4,test,data/raw/ai4simulate/ship/ship_0123.png,ship
arm2,4,test,data/raw/ai4simulate/ship/ship_0124.png,ship
arm2,4,test,data/raw/ai4simulate/ship/ship_0127.png,ship
arm2,4,test,data/raw/ai4simulate/ship/ship_0139.png,ship
arm2,4,test,data/raw/ai4simulate/ship/ship_0150.png,ship
arm2,4,test,data/raw/ai4simulate/ship/ship_0151.png,ship
arm2,4,test,data/raw/ai4simulate/ship/ship_0156.png,ship
arm2,4,test,data/raw/ai4simulate/ship/ship_0160.png,ship
arm2,4,test,data/raw/ai4simulate/ship/ship_0179.png,ship
arm2,4,test,data/raw/ai4simulate/ship/ship_0181.png,ship
arm2,4,test,data/raw/ai4simulate/ship/ship_0188.png,ship
arm2,4,test,data/raw/ai4simulate/ship/ship_0189.png,ship
arm2,4,test,data/raw/ai4simulate/ship/ship_0190.png,ship
arm2,4,test,data/raw/ai4simulate/ship/ship_0191.png,ship
arm2,4,test,data/raw/ai4simulate/ship/ship_0198.png,ship
arm2,4,test,data/raw/ai4simulate/ship/ship_0201.png,ship
arm2,4,test,data/raw/ai4simulate/ship/ship_0205.png,ship
arm2,4,test,data/raw/ai4simulate/ship/ship_0206.png,ship
arm2,4,test,data/raw/ai4simulate/ship/ship_0211.png,ship
arm2,4,test,data/raw/ai4simulate/ship/ship_0214.png,ship
arm2,4,test,data/raw/ai4simulate/ship/ship_0217.png,ship
arm2,4,test,data/raw/ai4simulate/ship/ship_0223.png,ship
arm2,4,test,data/raw/ai4simulate/ship/ship_0225.png,ship
arm2,4,test,data/raw/ai4simulate/ship/ship_0226.png,ship
arm2,4,test,data/raw/ai4simulate/ship/ship_0237.png,ship
arm2,4,test,data/raw/ai4simulate/ship/ship_0242.png,ship
arm2,4,test,data/raw/ai4simulate/ship/ship_0244.png,ship
arm2,4,test,data/raw/ai4simulate/ship/ship_0252.png,ship
arm2,4,test,data/raw/ai4simulate/ship/ship_0253.png,ship
arm2,4,test,data/raw/ai4simulate/ship/ship_0257.png,ship
arm2,4,test,data/raw/ai4simulate/ship/ship_0265.png,ship
arm2,4,test,data/raw/ai4simulate/ship/ship_0271.png,ship
arm2,4,test,data/raw/ai4simulate/ship/ship_0274.png,ship
arm2,4,test,data/raw/ai4simulate/ship/ship_0292.png,ship
arm2,4,test,data/raw/ai4simulate/ship/ship_0293.png,ship
arm2,4,test,data/raw/ai4simulate/ship/ship_0296.png,ship
arm2,4,test,data/raw/ai4simulate/ship/ship_0299.png,ship
arm2,4,test,data/raw/ai4simulate/ship/ship_0305.png,ship
arm2,4,test,data/raw/ai4simulate/ship/ship_0324.png,ship
arm2,4,test,data/raw/ai4simulate/ship/ship_0331.png,ship
arm2,4,test,data/raw/ai4simulate/ship/ship_0335.png,ship
arm2,4,test,data/raw/ai4simulate/ship/ship_0338.png,ship
arm2,4,test,data/raw/ai4simulate/ship/ship_0339.png,ship
arm2,4,test,data/raw/ai4simulate/ship/ship_0343.png,ship
arm2,4,test,data/raw/ai4simulate/ship/ship_0351.png,ship
arm2,4,test,data/raw/ai4simulate/ship/ship_0353.png,ship
arm2,4,test,data/raw/ai4simulate/ship/ship_0355.png,ship
arm2,4,test,data/raw/ai4simulate/ship/ship_0364.png,ship
arm2,4,test,data/raw/ai4simulate/ship/ship_0370.png,ship
arm2,4,test,data/raw/ai4simulate/ship/ship_0377.png,ship
arm2,4,test,data/raw/ai4simulate/ship/ship_0389.png,ship
arm2,4,test,data/raw/ai4simulate/ship/ship_0390.png,ship
arm2,4,test,data/raw/ai4simulate/ship/ship_0392.png,ship
arm2,4,test,data/raw/ai4simulate/ship/ship_0395.png,ship
arm2,4,test,data/raw/ai4simulate/ship/ship_0396.png,ship
arm2,4,test,data/raw/ai4simulate/ship/ship_0399.png,ship
arm2,4,test,data/raw/ai4simulate/ship/ship_0400.png,ship
arm2,4,test,data/raw/ai4simulate/ship/ship_0401.png,ship
arm2,4,test,data/raw/ai4simulate/ship/ship_0403.png,ship
arm2,4,test,data/raw/ai4simulate/ship/ship_0406.png,ship
arm2,4,test,data/raw/ai4simulate/ship/ship_0414.png,ship
arm2,4,test,data/raw/ai4simulate/ship/ship_0417.png,ship
arm2,4,test,data/raw/ai4simulate/ship/ship_0422.png,ship
arm2,4,test,data/raw/ai4simulate/ship/ship_0423.png,ship
arm2,4,test,data/raw/ai4simulate/ship/ship_0425.png,ship
arm2,4,test,data/raw/ai4simulate/ship/ship_0433.png,ship
arm2,4,test,data/raw/ai4simulate/ship/ship_0441.png,ship
arm2,4,test,data/raw/ai4simulate/ship/ship_0446.png,ship
arm2,4,test,data/raw/ai4simulate/ship/ship_0447.png,ship
arm2,4,test,data/raw/ai4simulate/ship/ship_0448.png,ship
arm2,4,test,data/raw/ai4simulate/ship/ship_0451.png,ship
arm2,4,test,data/raw/ai4simulate/ship/ship_0455.png,ship
arm2,4,test,data/raw/ai4simulate/ship/ship_0465.png,ship
arm2,4,test,data/raw/ai4simulate/ship/ship_0474.png,ship
arm2,4,test,data/raw/ai4simulate/ship/ship_0481.png,ship
arm2,4,test,data/raw/ai4simulate/ship/ship_0484.png,ship
arm2,4,test,data/raw/ai4simulate/ship/ship_0490.png,ship
klsg,0,train,data/raw/SeabedObjects/airplane/plane-001.png,airplane
klsg,0,train,data/raw/SeabedObjects/airplane/plane-002.png,airplane
klsg,0,train,data/raw/SeabedObjects/airplane/plane-004.png,airplane
klsg,0,train,data/raw/SeabedObjects/airplane/plane-006.png,airplane
klsg,0,train,data/raw/SeabedObjects/airplane/plane-007.png,airplane
klsg,0,train,data/raw/SeabedObjects/airplane/plane-009.png,airplane
klsg,0,train,data/raw/SeabedObjects/airplane/plane-010.png,airplane
klsg,0,train,data/raw/SeabedObjects/airplane/plane-011.png,airplane
klsg,0,train,data/raw/SeabedObjects/airplane/plane-013.png,airplane
klsg,0,train,data/raw/SeabedObjects/airplane/plane-015.png,airplane
klsg,0,train,data/raw/SeabedObjects/airplane/plane-016.png,airplane
klsg,0,train,data/raw/SeabedObjects/airplane/plane-018.png,airplane
klsg,0,train,data/raw/SeabedObjects/airplane/plane-019.png,airplane
klsg,0,train,data/raw/SeabedObjects/airplane/plane-022.png,airplane
klsg,0,train,data/raw/SeabedObjects/airplane/plane-024.png,airplane
klsg,0,train,data/raw/SeabedObjects/airplane/plane-025.png,airplane
klsg,0,train,data/raw/SeabedObjects/airplane/plane-026.png,airplane
klsg,0,train,data/raw/SeabedObjects/airplane/plane-027.png,airplane
klsg,0,train,data/raw/SeabedObjects/airplane/plane-028.png,airplane
klsg,0,train,data/raw/SeabedObjects/airplane/plane-029.png,airplane
klsg,0,train,data/raw/SeabedObjects/airplane/plane-030.png,airplane
klsg,0,train,data/raw/SeabedObjects/airplane/plane-031.png,airplane
klsg,0,train,data/raw/SeabedObjects/airplane/plane-032.png,airplane
klsg,0,train,data/raw/SeabedObjects/airplane/plane-033.png,airplane
klsg,0,train,data/raw/SeabedObjects/airplane/plane-034.png,airplane
klsg,0,train,data/raw/SeabedObjects/airplane/plane-035.png,airplane
klsg,0,train,data/raw/SeabedObjects/airplane/plane-036.png,airplane
klsg,0,train,data/raw/SeabedObjects/airplane/plane-037.png,airplane
klsg,0,train,data/raw/SeabedObjects/airplane/plane-038.png,airplane
klsg,0,train,data/raw/SeabedObjects/airplane/plane-040.png,airplane
klsg,0,train,data/raw/SeabedObjects/airplane/plane-041.png,airplane
klsg,0,train,data/raw/SeabedObjects/airplane/plane-042.png,airplane
klsg,0,train,data/raw/SeabedObjects/airplane/plane-043.png,airplane
klsg,0,train,data/raw/SeabedObjects/airplane/plane-044.png,airplane
klsg,0,train,data/raw/SeabedObjects/airplane/plane-045.png,airplane
klsg,0,train,data/raw/SeabedObjects/airplane/plane-046.png,airplane
klsg,0,train,data/raw/SeabedObjects/airplane/plane-048.png,airplane
klsg,0,train,data/raw/SeabedObjects/airplane/plane-050.png,airplane
klsg,0,train,data/raw/SeabedObjects/airplane/plane-051.png,airplane
klsg,0,train,data/raw/SeabedObjects/airplane/plane-052.png,airplane
klsg,0,train,data/raw/SeabedObjects/airplane/plane-053.png,airplane
klsg,0,train,data/raw/SeabedObjects/airplane/plane-054.png,airplane
klsg,0,train,data/raw/SeabedObjects/airplane/plane-055.png,airplane
klsg,0,train,data/raw/SeabedObjects/airplane/plane-057.png,airplane
klsg,0,train,data/raw/SeabedObjects/airplane/plane-058.png,airplane
klsg,0,train,data/raw/SeabedObjects/airplane/plane-059.png,airplane
klsg,0,train,data/raw/SeabedObjects/airplane/plane-060.png,airplane
klsg,0,train,data/raw/SeabedObjects/airplane/plane-061.png,airplane
klsg,0,train,data/raw/SeabedObjects/airplane/plane-062.png,airplane
klsg,0,train,data/raw/SeabedObjects/airplane/plane-064.png,airplane
klsg,0,train,data/raw/SeabedObjects/airplane/plane-065.png,airplane
klsg,0,train,data/raw/SeabedObjects/airplane/plane-066.png,airplane
klsg,0,train,data/raw/SeabedObjects/ship/ship-001.png,ship
klsg,0,train,data/raw/SeabedObjects/ship/ship-003.png,ship
klsg,0,train,data/raw/SeabedObjects/ship/ship-005.png,ship
klsg,0,train,data/raw/SeabedObjects/ship/ship-006.png,ship
klsg,0,train,data/raw/SeabedObjects/ship/ship-007.png,ship
klsg,0,train,data/raw/SeabedObjects/ship/ship-008.png,ship
klsg,0,train,data/raw/SeabedObjects/ship/ship-010.png,ship
klsg,0,train,data/raw/SeabedObjects/ship/ship-012.png,ship
klsg,0,train,data/raw/SeabedObjects/ship/ship-013.png,ship
klsg,0,train,data/raw/SeabedObjects/ship/ship-014.png,ship
klsg,0,train,data/raw/SeabedObjects/ship/ship-015.png,ship
klsg,0,train,data/raw/SeabedObjects/ship/ship-016.png,ship
klsg,0,train,data/raw/SeabedObjects/ship/ship-019.png,ship
klsg,0,train,data/raw/SeabedObjects/ship/ship-020.png,ship
klsg,0,train,data/raw/SeabedObjects/ship/ship-022.png,ship
klsg,0,train,data/raw/SeabedObjects/ship/ship-023.png,ship
klsg,0,train,data/raw/SeabedObjects/ship/ship-024.png,ship
klsg,0,train,data/raw/SeabedObjects/ship/ship-025.png,ship
klsg,0,train,data/raw/SeabedObjects/ship/ship-027.png,ship
klsg,0,train,data/raw/SeabedObjects/ship/ship-028.png,ship
klsg,0,train,data/raw/SeabedObjects/ship/ship-030.png,ship
klsg,0,train,data/raw/SeabedObjects/ship/ship-032.png,ship
klsg,0,train,data/raw/SeabedObjects/ship/ship-034.png,ship
klsg,0,train,data/raw/SeabedObjects/ship/ship-035.png,ship
klsg,0,train,data/raw/SeabedObjects/ship/ship-036.png,ship
klsg,0,train,data/raw/SeabedObjects/ship/ship-037.png,ship
klsg,0,train,data/raw/SeabedObjects/ship/ship-038.png,ship
klsg,0,train,data/raw/SeabedObjects/ship/ship-039.png,ship
klsg,0,train,data/raw/SeabedObjects/ship/ship-040.png,ship
klsg,0,train,data/raw/SeabedObjects/ship/ship-041.png,ship
klsg,0,train,data/raw/SeabedObjects/ship/ship-042.png,ship
klsg,0,train,data/raw/SeabedObjects/ship/ship-044.png,ship
klsg,0,train,data/raw/SeabedObjects/ship/ship-045.png,ship
klsg,0,train,data/raw/SeabedObjects/ship/ship-046.png,ship
klsg,0,train,data/raw/SeabedObjects/ship/ship-048.png,ship
klsg,0,train,data/raw/SeabedObjects/ship/ship-049.png,ship
klsg,0,train,data/raw/SeabedObjects/ship/ship-052.png,ship
klsg,0,train,data/raw/SeabedObjects/ship/ship-053.png,ship
klsg,0,train,data/raw/SeabedObjects/ship/ship-054.png,ship
klsg,0,train,data/raw/SeabedObjects/ship/ship-055.png,ship
klsg,0,train,data/raw/SeabedObjects/ship/ship-056.png,ship
klsg,0,train,data/raw/SeabedObjects/ship/ship-059.png,ship
klsg,0,train,data/raw/SeabedObjects/ship/ship-060.png,ship
klsg,0,train,data/raw/SeabedObjects/ship/ship-061.png,ship
klsg,0,train,data/raw/SeabedObjects/ship/ship-062.png,ship
klsg,0,train,data/raw/SeabedObjects/ship/ship-063.png,ship
klsg,0,train,data/raw/SeabedObjects/ship/ship-064.png,ship
klsg,0,train,data/raw/SeabedObjects/ship/ship-065.png,ship
klsg,0,train,data/raw/SeabedObjects/ship/ship-068.png,ship
klsg,0,train,data/raw/SeabedObjects/ship/ship-069.png,ship
klsg,0,train,data/raw/SeabedObjects/ship/ship-071.png,ship
klsg,0,train,data/raw/SeabedObjects/ship/ship-072.png,ship
klsg,0,train,data/raw/SeabedObjects/ship/ship-073.png,ship
klsg,0,train,data/raw/SeabedObjects/ship/ship-075.png,ship
klsg,0,train,data/raw/SeabedObjects/ship/ship-077.png,ship
klsg,0,train,data/raw/SeabedObjects/ship/ship-078.png,ship
klsg,0,train,data/raw/SeabedObjects/ship/ship-080.png,ship
klsg,0,train,data/raw/SeabedObjects/ship/ship-082.png,ship
klsg,0,train,data/raw/SeabedObjects/ship/ship-083.png,ship
klsg,0,train,data/raw/SeabedObjects/ship/ship-085.png,ship
klsg,0,train,data/raw/SeabedObjects/ship/ship-088.png,ship
klsg,0,train,data/raw/SeabedObjects/ship/ship-091.png,ship
klsg,0,train,data/raw/SeabedObjects/ship/ship-093.png,ship
klsg,0,train,data/raw/SeabedObjects/ship/ship-094.png,ship
klsg,0,train,data/raw/SeabedObjects/ship/ship-096.png,ship
klsg,0,train,data/raw/SeabedObjects/ship/ship-097.png,ship
klsg,0,train,data/raw/SeabedObjects/ship/ship-098.png,ship
klsg,0,train,data/raw/SeabedObjects/ship/ship-099.png,ship
klsg,0,train,data/raw/SeabedObjects/ship/ship-100.png,ship
klsg,0,train,data/raw/SeabedObjects/ship/ship-101.png,ship
klsg,0,train,data/raw/SeabedObjects/ship/ship-103.png,ship
klsg,0,train,data/raw/SeabedObjects/ship/ship-104.png,ship
klsg,0,train,data/raw/SeabedObjects/ship/ship-106.png,ship
klsg,0,train,data/raw/SeabedObjects/ship/ship-109.png,ship
klsg,0,train,data/raw/SeabedObjects/ship/ship-112.png,ship
klsg,0,train,data/raw/SeabedObjects/ship/ship-113.png,ship
klsg,0,train,data/raw/SeabedObjects/ship/ship-114.png,ship
klsg,0,train,data/raw/SeabedObjects/ship/ship-115.png,ship
klsg,0,train,data/raw/SeabedObjects/ship/ship-116.png,ship
klsg,0,train,data/raw/SeabedObjects/ship/ship-117.png,ship
klsg,0,train,data/raw/SeabedObjects/ship/ship-118.png,ship
klsg,0,train,data/raw/SeabedObjects/ship/ship-119.png,ship
klsg,0,train,data/raw/SeabedObjects/ship/ship-120.png,ship
klsg,0,train,data/raw/SeabedObjects/ship/ship-121.png,ship
klsg,0,train,data/raw/SeabedObjects/ship/ship-122.png,ship
klsg,0,train,data/raw/SeabedObjects/ship/ship-123.png,ship
klsg,0,train,data/raw/SeabedObjects/ship/ship-124.png,ship
klsg,0,train,data/raw/SeabedObjects/ship/ship-125.png,ship
klsg,0,train,data/raw/SeabedObjects/ship/ship-126.png,ship
klsg,0,train,data/raw/SeabedObjects/ship/ship-127.png,ship
klsg,0,train,data/raw/SeabedObjects/ship/ship-128.png,ship
klsg,0,train,data/raw/SeabedObjects/ship/ship-130.png,ship
klsg,0,train,data/raw/SeabedObjects/ship/ship-131.png,ship
klsg,0,train,data/raw/SeabedObjects/ship/ship-132.png,ship
klsg,0,train,data/raw/SeabedObjects/ship/ship-133.png,ship
klsg,0,train,data/raw/SeabedObjects/ship/ship-134.png,ship
klsg,0,train,data/raw/SeabedObjects/ship/ship-135.png,ship
klsg,0,train,data/raw/SeabedObjects/ship/ship-136.png,ship
klsg,0,train,data/raw/SeabedObjects/ship/ship-137.png,ship
klsg,0,train,data/raw/SeabedObjects/ship/ship-138.png,ship
klsg,0,train,data/raw/SeabedObjects/ship/ship-139.png,ship
klsg,0,train,data/raw/SeabedObjects/ship/ship-140.png,ship
klsg,0,train,data/raw/SeabedObjects/ship/ship-142.png,ship
klsg,0,train,data/raw/SeabedObjects/ship/ship-143.png,ship
klsg,0,train,data/raw/SeabedObjects/ship/ship-144.png,ship
klsg,0,train,data/raw/SeabedObjects/ship/ship-145.png,ship
klsg,0,train,data/raw/SeabedObjects/ship/ship-146.png,ship
klsg,0,train,data/raw/SeabedObjects/ship/ship-148.png,ship
klsg,0,train,data/raw/SeabedObjects/ship/ship-150.png,ship
klsg,0,train,data/raw/SeabedObjects/ship/ship-151.png,ship
klsg,0,train,data/raw/SeabedObjects/ship/ship-152.png,ship
klsg,0,train,data/raw/SeabedObjects/ship/ship-153.png,ship
klsg,0,train,data/raw/SeabedObjects/ship/ship-154.png,ship
klsg,0,train,data/raw/SeabedObjects/ship/ship-155.png,ship
klsg,0,train,data/raw/SeabedObjects/ship/ship-156.png,ship
klsg,0,train,data/raw/SeabedObjects/ship/ship-158.png,ship
klsg,0,train,data/raw/SeabedObjects/ship/ship-160.png,ship
klsg,0,train,data/raw/SeabedObjects/ship/ship-161.png,ship
klsg,0,train,data/raw/SeabedObjects/ship/ship-162.png,ship
klsg,0,train,data/raw/SeabedObjects/ship/ship-163.png,ship
klsg,0,train,data/raw/SeabedObjects/ship/ship-164.png,ship
klsg,0,train,data/raw/SeabedObjects/ship/ship-165.png,ship
klsg,0,train,data/raw/SeabedObjects/ship/ship-166.png,ship
klsg,0,train,data/raw/SeabedObjects/ship/ship-167.png,ship
klsg,0,train,data/raw/SeabedObjects/ship/ship-169.png,ship
klsg,0,train,data/raw/SeabedObjects/ship/ship-170.png,ship
klsg,0,train,data/raw/SeabedObjects/ship/ship-171.png,ship
klsg,0,train,data/raw/SeabedObjects/ship/ship-172.png,ship
klsg,0,train,data/raw/SeabedObjects/ship/ship-174.png,ship
klsg,0,train,data/raw/SeabedObjects/ship/ship-177.png,ship
klsg,0,train,data/raw/SeabedObjects/ship/ship-179.png,ship
klsg,0,train,data/raw/SeabedObjects/ship/ship-180.png,ship
klsg,0,train,data/raw/SeabedObjects/ship/ship-181.png,ship
klsg,0,train,data/raw/SeabedObjects/ship/ship-182.png,ship
klsg,0,train,data/raw/SeabedObjects/ship/ship-184.png,ship
klsg,0,train,data/raw/SeabedObjects/ship/ship-185.png,ship
klsg,0,train,data/raw/SeabedObjects/ship/ship-186.png,ship
klsg,0,train,data/raw/SeabedObjects/ship/ship-188.png,ship
klsg,0,train,data/raw/SeabedObjects/ship/ship-189.png,ship
klsg,0,train,data/raw/SeabedObjects/ship/ship-190.png,ship
klsg,0,train,data/raw/SeabedObjects/ship/ship-192.png,ship
klsg,0,train,data/raw/SeabedObjects/ship/ship-194.png,ship
klsg,0,train,data/raw/SeabedObjects/ship/ship-195.png,ship
klsg,0,train,data/raw/SeabedObjects/ship/ship-198.png,ship
klsg,0,train,data/raw/SeabedObjects/ship/ship-199.png,ship
klsg,0,train,data/raw/SeabedObjects/ship/ship-201.png,ship
klsg,0,train,data/raw/SeabedObjects/ship/ship-202.png,ship
klsg,0,train,data/raw/SeabedObjects/ship/ship-204.png,ship
klsg,0,train,data/raw/SeabedObjects/ship/ship-205.png,ship
klsg,0,train,data/raw/SeabedObjects/ship/ship-206.png,ship
klsg,0,train,data/raw/SeabedObjects/ship/ship-207.png,ship
klsg,0,train,data/raw/SeabedObjects/ship/ship-208.png,ship
klsg,0,train,data/raw/SeabedObjects/ship/ship-210.png,ship
klsg,0,train,data/raw/SeabedObjects/ship/ship-211.png,ship
klsg,0,train,data/raw/SeabedObjects/ship/ship-214.png,ship
klsg,0,train,data/raw/SeabedObjects/ship/ship-216.png,ship
klsg,0,train,data/raw/SeabedObjects/ship/ship-218.png,ship
klsg,0,train,data/raw/SeabedObjects/ship/ship-220.png,ship
klsg,0,train,data/raw/SeabedObjects/ship/ship-221.png,ship
klsg,0,train,data/raw/SeabedObjects/ship/ship-222.png,ship
klsg,0,train,data/raw/SeabedObjects/ship/ship-223.png,ship
klsg,0,train,data/raw/SeabedObjects/ship/ship-224.png,ship
klsg,0,train,data/raw/SeabedObjects/ship/ship-225.png,ship
klsg,0,train,data/raw/SeabedObjects/ship/ship-226.png,ship
klsg,0,train,data/raw/SeabedObjects/ship/ship-227.png,ship
klsg,0,train,data/raw/SeabedObjects/ship/ship-228.png,ship
klsg,0,train,data/raw/SeabedObjects/ship/ship-229.png,ship
klsg,0,train,data/raw/SeabedObjects/ship/ship-230.png,ship
klsg,0,train,data/raw/SeabedObjects/ship/ship-231.png,ship
klsg,0,train,data/raw/SeabedObjects/ship/ship-232.png,ship
klsg,0,train,data/raw/SeabedObjects/ship/ship-233.png,ship
klsg,0,train,data/raw/SeabedObjects/ship/ship-234.png,ship
klsg,0,train,data/raw/SeabedObjects/ship/ship-236.png,ship
klsg,0,train,data/raw/SeabedObjects/ship/ship-237.png,ship
klsg,0,train,data/raw/SeabedObjects/ship/ship-239.png,ship
klsg,0,train,data/raw/SeabedObjects/ship/ship-240.png,ship
klsg,0,train,data/raw/SeabedObjects/ship/ship-241.png,ship
klsg,0,train,data/raw/SeabedObjects/ship/ship-242.png,ship
klsg,0,train,data/raw/SeabedObjects/ship/ship-243.png,ship
klsg,0,train,data/raw/SeabedObjects/ship/ship-244.png,ship
klsg,0,train,data/raw/SeabedObjects/ship/ship-245.png,ship
klsg,0,train,data/raw/SeabedObjects/ship/ship-246.png,ship
klsg,0,train,data/raw/SeabedObjects/ship/ship-248.png,ship
klsg,0,train,data/raw/SeabedObjects/ship/ship-249.png,ship
klsg,0,train,data/raw/SeabedObjects/ship/ship-250.png,ship
klsg,0,train,data/raw/SeabedObjects/ship/ship-252.png,ship
klsg,0,train,data/raw/SeabedObjects/ship/ship-253.png,ship
klsg,0,train,data/raw/SeabedObjects/ship/ship-254.png,ship
klsg,0,train,data/raw/SeabedObjects/ship/ship-255.png,ship
klsg,0,train,data/raw/SeabedObjects/ship/ship-256.png,ship
klsg,0,train,data/raw/SeabedObjects/ship/ship-257.png,ship
klsg,0,train,data/raw/SeabedObjects/ship/ship-258.png,ship
klsg,0,train,data/raw/SeabedObjects/ship/ship-259.png,ship
klsg,0,train,data/raw/SeabedObjects/ship/ship-260.png,ship
klsg,0,train,data/raw/SeabedObjects/ship/ship-262.png,ship
klsg,0,train,data/raw/SeabedObjects/ship/ship-263.png,ship
klsg,0,train,data/raw/SeabedObjects/ship/ship-264.png,ship
klsg,0,train,data/raw/SeabedObjects/ship/ship-265.png,ship
klsg,0,train,data/raw/SeabedObjects/ship/ship-266.png,ship
klsg,0,train,data/raw/SeabedObjects/ship/ship-267.png,ship
klsg,0,train,data/raw/SeabedObjects/ship/ship-268.png,ship
klsg,0,train,data/raw/SeabedObjects/ship/ship-269.png,ship
klsg,0,train,data/raw/SeabedObjects/ship/ship-270.png,ship
klsg,0,train,data/raw/SeabedObjects/ship/ship-271.png,ship
klsg,0,train,data/raw/SeabedObjects/ship/ship-272.png,ship
klsg,0,train,data/raw/SeabedObjects/ship/ship-273.png,ship
klsg,0,train,data/raw/SeabedObjects/ship/ship-275.png,ship
klsg,0,train,data/raw/SeabedObjects/ship/ship-276.png,ship
klsg,0,train,data/raw/SeabedObjects/ship/ship-277.png,ship
klsg,0,train,data/raw/SeabedObjects/ship/ship-279.png,ship
klsg,0,train,data/raw/SeabedObjects/ship/ship-280.png,ship
klsg,0,train,data/raw/SeabedObjects/ship/ship-281.png,ship
klsg,0,train,data/raw/SeabedObjects/ship/ship-282.png,ship
klsg,0,train,data/raw/SeabedObjects/ship/ship-283.png,ship
klsg,0,train,data/raw/SeabedObjects/ship/ship-284.png,ship
klsg,0,train,data/raw/SeabedObjects/ship/ship-285.png,ship
klsg,0,train,data/raw/SeabedObjects/ship/ship-286.png,ship
klsg,0,train,data/raw/SeabedObjects/ship/ship-288.png,ship
klsg,0,train,data/raw/SeabedObjects/ship/ship-289.png,ship
klsg,0,train,data/raw/SeabedObjects/ship/ship-290.png,ship
klsg,0,train,data/raw/SeabedObjects/ship/ship-291.png,ship
klsg,0,train,data/raw/SeabedObjects/ship/ship-292.png,ship
klsg,0,train,data/raw/SeabedObjects/ship/ship-293.png,ship
klsg,0,train,data/raw/SeabedObjects/ship/ship-294.png,ship
klsg,0,train,data/raw/SeabedObjects/ship/ship-295.png,ship
klsg,0,train,data/raw/SeabedObjects/ship/ship-296.png,ship
klsg,0,train,data/raw/SeabedObjects/ship/ship-297.png,ship
klsg,0,train,data/raw/SeabedObjects/ship/ship-299.png,ship
klsg,0,train,data/raw/SeabedObjects/ship/ship-300.png,ship
klsg,0,train,data/raw/SeabedObjects/ship/ship-301.png,ship
klsg,0,train,data/raw/SeabedObjects/ship/ship-302.png,ship
klsg,0,train,data/raw/SeabedObjects/ship/ship-303.png,ship
klsg,0,train,data/raw/SeabedObjects/ship/ship-304.png,ship
klsg,0,train,data/raw/SeabedObjects/ship/ship-305.png,ship
klsg,0,train,data/raw/SeabedObjects/ship/ship-306.png,ship
klsg,0,train,data/raw/SeabedObjects/ship/ship-307.png,ship
klsg,0,train,data/raw/SeabedObjects/ship/ship-308.png,ship
klsg,0,train,data/raw/SeabedObjects/ship/ship-309.png,ship
klsg,0,train,data/raw/SeabedObjects/ship/ship-310.png,ship
klsg,0,train,data/raw/SeabedObjects/ship/ship-311.png,ship
klsg,0,train,data/raw/SeabedObjects/ship/ship-312.png,ship
klsg,0,train,data/raw/SeabedObjects/ship/ship-313.png,ship
klsg,0,train,data/raw/SeabedObjects/ship/ship-314.png,ship
klsg,0,train,data/raw/SeabedObjects/ship/ship-315.png,ship
klsg,0,train,data/raw/SeabedObjects/ship/ship-316.png,ship
klsg,0,train,data/raw/SeabedObjects/ship/ship-317.png,ship
klsg,0,train,data/raw/SeabedObjects/ship/ship-318.png,ship
klsg,0,train,data/raw/SeabedObjects/ship/ship-319.png,ship
klsg,0,train,data/raw/SeabedObjects/ship/ship-320.png,ship
klsg,0,train,data/raw/SeabedObjects/ship/ship-321.png,ship
klsg,0,train,data/raw/SeabedObjects/ship/ship-322.png,ship
klsg,0,train,data/raw/SeabedObjects/ship/ship-323.png,ship
klsg,0,train,data/raw/SeabedObjects/ship/ship-324.png,ship
klsg,0,train,data/raw/SeabedObjects/ship/ship-325.png,ship
klsg,0,train,data/raw/SeabedObjects/ship/ship-326.png,ship
klsg,0,train,data/raw/SeabedObjects/ship/ship-327.png,ship
klsg,0,train,data/raw/SeabedObjects/ship/ship-328.png,ship
klsg,0,train,data/raw/SeabedObjects/ship/ship-329.png,ship
klsg,0,train,data/raw/SeabedObjects/ship/ship-330.png,ship
klsg,0,train,data/raw/SeabedObjects/ship/ship-331.png,ship
klsg,0,train,data/raw/SeabedObjects/ship/ship-332.png,ship
klsg,0,train,data/raw/SeabedObjects/ship/ship-333.png,ship
klsg,0,train,data/raw/SeabedObjects/ship/ship-334.png,ship
klsg,0,train,data/raw/SeabedObjects/ship/ship-335.png,ship
klsg,0,train,data/raw/SeabedObjects/ship/ship-336.png,ship
klsg,0,train,data/raw/SeabedObjects/ship/ship-337.png,ship
klsg,0,train,data/raw/SeabedObjects/ship/ship-338.png,ship
klsg,0,train,data/raw/SeabedObjects/ship/ship-339.png,ship
klsg,0,train,data/raw/SeabedObjects/ship/ship-340.png,ship
klsg,0,train,data/raw/SeabedObjects/ship/ship-341.png,ship
klsg,0,train,data/raw/SeabedObjects/ship/ship-342.png,ship
klsg,0,train,data/raw/SeabedObjects/ship/ship-343.png,ship
klsg,0,train,data/raw/SeabedObjects/ship/ship-344.png,ship
klsg,0,train,data/raw/SeabedObjects/ship/ship-345.png,ship
klsg,0,train,data/raw/SeabedObjects/ship/ship-346.png,ship
klsg,0,train,data/raw/SeabedObjects/ship/ship-347.png,ship
klsg,0,train,data/raw/SeabedObjects/ship/ship-348.png,ship
klsg,0,train,data/raw/SeabedObjects/ship/ship-349.png,ship
klsg,0,train,data/raw/SeabedObjects/ship/ship-350.png,ship
klsg,0,train,data/raw/SeabedObjects/ship/ship-351.png,ship
klsg,0,train,data/raw/SeabedObjects/ship/ship-352.png,ship
klsg,0,train,data/raw/SeabedObjects/ship/ship-353.png,ship
klsg,0,train,data/raw/SeabedObjects/ship/ship-354.png,ship
klsg,0,train,data/raw/SeabedObjects/ship/ship-355.png,ship
klsg,0,train,data/raw/SeabedObjects/ship/ship-356.png,ship
klsg,0,train,data/raw/SeabedObjects/ship/ship-357.png,ship
klsg,0,train,data/raw/SeabedObjects/ship/ship-358.png,ship
klsg,0,train,data/raw/SeabedObjects/ship/ship-359.png,ship
klsg,0,train,data/raw/SeabedObjects/ship/ship-360.png,ship
klsg,0,train,data/raw/SeabedObjects/ship/ship-361.png,ship
klsg,0,train,data/raw/SeabedObjects/ship/ship-362.png,ship
klsg,0,train,data/raw/SeabedObjects/ship/ship-363.png,ship
klsg,0,train,data/raw/SeabedObjects/ship/ship-364.png,ship
klsg,0,train,data/raw/SeabedObjects/ship/ship-365.png,ship
klsg,0,train,data/raw/SeabedObjects/ship/ship-366.png,ship
klsg,0,train,data/raw/SeabedObjects/ship/ship-368.png,ship
klsg,0,train,data/raw/SeabedObjects/ship/ship-370.png,ship
klsg,0,train,data/raw/SeabedObjects/ship/ship-372.png,ship
klsg,0,train,data/raw/SeabedObjects/ship/ship-373.png,ship
klsg,0,train,data/raw/SeabedObjects/ship/ship-374.png,ship
klsg,0,train,data/raw/SeabedObjects/ship/ship-375.png,ship
klsg,0,train,data/raw/SeabedObjects/ship/ship-379.png,ship
klsg,0,train,data/raw/SeabedObjects/ship/ship-380.png,ship
klsg,0,train,data/raw/SeabedObjects/ship/ship-381.png,ship
klsg,0,train,data/raw/SeabedObjects/ship/ship-382.png,ship
klsg,0,train,data/raw/SeabedObjects/ship/ship-383.png,ship
klsg,0,train,data/raw/SeabedObjects/ship/ship-386.png,ship
klsg,0,train,data/raw/SeabedObjects/ship/ship-387.png,ship
klsg,0,train,data/raw/SeabedObjects/ship/ship-388.png,ship
klsg,0,train,data/raw/SeabedObjects/ship/ship-389.png,ship
klsg,0,train,data/raw/SeabedObjects/ship/ship-390.png,ship
klsg,0,train,data/raw/SeabedObjects/ship/ship-391.png,ship
klsg,0,train,data/raw/SeabedObjects/ship/ship-393.png,ship
klsg,0,train,data/raw/SeabedObjects/ship/ship-394.png,ship
klsg,0,train,data/raw/SeabedObjects/ship/ship-395.png,ship
klsg,0,train,data/raw/SeabedObjects/ship/ship-396.png,ship
klsg,0,train,data/raw/SeabedObjects/ship/ship-397.png,ship
klsg,0,train,data/raw/SeabedObjects/ship/ship-398.png,ship
klsg,0,train,data/raw/SeabedObjects/ship/ship-399.png,ship
klsg,0,train,data/raw/SeabedObjects/ship/ship-400.png,ship
klsg,0,train,data/raw/SeabedObjects/ship/ship-401.png,ship
klsg,0,train,data/raw/SeabedObjects/ship/ship-403.png,ship
klsg,0,train,data/raw/SeabedObjects/ship/ship-404.png,ship
klsg,0,train,data/raw/SeabedObjects/ship/ship-405.png,ship
klsg,0,train,data/raw/SeabedObjects/ship/ship-406.png,ship
klsg,0,train,data/raw/SeabedObjects/ship/ship-407.png,ship
klsg,0,train,data/raw/SeabedObjects/ship/ship-408.png,ship
klsg,0,train,data/raw/SeabedObjects/ship/ship-409.png,ship
klsg,0,train,data/raw/SeabedObjects/ship/ship-410.png,ship
klsg,0,train,data/raw/SeabedObjects/ship/ship-411.png,ship
klsg,0,train,data/raw/SeabedObjects/ship/ship-412.png,ship
klsg,0,train,data/raw/SeabedObjects/ship/ship-413.png,ship
klsg,0,train,data/raw/SeabedObjects/ship/ship-415.png,ship
klsg,0,train,data/raw/SeabedObjects/ship/ship-418.png,ship
klsg,0,train,data/raw/SeabedObjects/ship/ship-419.png,ship
klsg,0,train,data/raw/SeabedObjects/ship/ship-420.png,ship
klsg,0,train,data/raw/SeabedObjects/ship/ship-421.png,ship
klsg,0,train,data/raw/SeabedObjects/ship/ship-422.png,ship
klsg,0,train,data/raw/SeabedObjects/ship/ship-424.png,ship
klsg,0,train,data/raw/SeabedObjects/ship/ship-425.png,ship
klsg,0,train,data/raw/SeabedObjects/ship/ship-426.png,ship
klsg,0,train,data/raw/SeabedObjects/ship/ship-427.png,ship
klsg,0,train,data/raw/SeabedObjects/ship/ship-428.png,ship
klsg,0,train,data/raw/SeabedObjects/ship/ship-429.png,ship
klsg,0,train,data/raw/SeabedObjects/ship/ship-430.png,ship
klsg,0,train,data/raw/SeabedObjects/ship/ship-431.png,ship
klsg,0,train,data/raw/SeabedObjects/ship/ship-432.png,ship
klsg,0,train,data/raw/SeabedObjects/ship/ship-433.png,ship
klsg,0,train,data/raw/SeabedObjects/ship/ship-435.png,ship
klsg,0,train,data/raw/SeabedObjects/ship/ship-436.png,ship
klsg,0,train,data/raw/SeabedObjects/ship/ship-437.png,ship
klsg,0,train,data/raw/SeabedObjects/ship/ship-439.png,ship
klsg,0,train,data/raw/SeabedObjects/ship/ship-440.png,ship
klsg,0,train,data/raw/SeabedObjects/ship/ship-442.png,ship
klsg,0,train,data/raw/SeabedObjects/ship/ship-444.png,ship
klsg,0,train,data/raw/SeabedObjects/ship/ship-446.png,ship
klsg,0,train,data/raw/SeabedObjects/ship/ship-447.png,ship
klsg,0,train,data/raw/SeabedObjects/ship/ship-448.png,ship
klsg,0,train,data/raw/SeabedObjects/ship/ship-449.png,ship
klsg,0,train,data/raw/SeabedObjects/ship/ship-450.png,ship
klsg,0,train,data/raw/SeabedObjects/ship/ship-451.png,ship
klsg,0,train,data/raw/SeabedObjects/ship/ship-453.png,ship
klsg,0,train,data/raw/SeabedObjects/ship/ship-454.png,ship
klsg,0,train,data/raw/SeabedObjects/ship/ship-455.png,ship
klsg,0,train,data/raw/SeabedObjects/ship/ship-456.png,ship
klsg,0,train,data/raw/SeabedObjects/ship/ship-457.png,ship
klsg,0,train,data/raw/SeabedObjects/ship/ship-458.png,ship
klsg,0,train,data/raw/SeabedObjects/ship/ship-459.png,ship
klsg,0,train,data/raw/SeabedObjects/ship/ship-460.png,ship
klsg,0,train,data/raw/SeabedObjects/ship/ship-461.png,ship
klsg,0,train,data/raw/SeabedObjects/ship/ship-462.png,ship
klsg,0,train,data/raw/SeabedObjects/ship/ship-463.png,ship
klsg,0,train,data/raw/SeabedObjects/ship/ship-464.png,ship
klsg,0,train,data/raw/SeabedObjects/ship/ship-465.png,ship
klsg,0,train,data/raw/SeabedObjects/ship/ship-466.png,ship
klsg,0,train,data/raw/SeabedObjects/ship/ship-467.png,ship
klsg,0,train,data/raw/SeabedObjects/ship/ship-468.png,ship
klsg,0,train,data/raw/SeabedObjects/ship/ship-469.png,ship
klsg,0,train,data/raw/SeabedObjects/ship/ship-471.png,ship
klsg,0,train,data/raw/SeabedObjects/ship/ship-472.png,ship
klsg,0,train,data/raw/SeabedObjects/ship/ship-473.png,ship
klsg,0,train,data/raw/SeabedObjects/ship/ship-474.png,ship
klsg,0,train,data/raw/SeabedObjects/ship/ship-475.png,ship
klsg,0,train,data/raw/SeabedObjects/ship/ship-476.png,ship
klsg,0,train,data/raw/SeabedObjects/ship/ship-478.png,ship
klsg,0,train,data/raw/SeabedObjects/ship/ship-480.png,ship
klsg,0,train,data/raw/SeabedObjects/ship/ship-481.png,ship
klsg,0,train,data/raw/SeabedObjects/ship/ship-483.png,ship
klsg,0,train,data/raw/SeabedObjects/ship/ship-485.png,ship
klsg,0,train,data/raw/SeabedObjects/ship/ship-487.png,ship
klsg,0,test,data/raw/SeabedObjects/airplane/plane-003.png,airplane
klsg,0,test,data/raw/SeabedObjects/airplane/plane-005.png,airplane
klsg,0,test,data/raw/SeabedObjects/airplane/plane-008.png,airplane
klsg,0,test,data/raw/SeabedObjects/airplane/plane-012.png,airplane
klsg,0,test,data/raw/SeabedObjects/airplane/plane-014.png,airplane
klsg,0,test,data/raw/SeabedObjects/airplane/plane-017.png,airplane
klsg,0,test,data/raw/SeabedObjects/airplane/plane-020.png,airplane
klsg,0,test,data/raw/SeabedObjects/airplane/plane-021.png,airplane
klsg,0,test,data/raw/SeabedObjects/airplane/plane-023.png,airplane
klsg,0,test,data/raw/SeabedObjects/airplane/plane-039.png,airplane
klsg,0,test,data/raw/SeabedObjects/airplane/plane-047.png,airplane
klsg,0,test,data/raw/SeabedObjects/airplane/plane-049.png,airplane
klsg,0,test,data/raw/SeabedObjects/airplane/plane-056.png,airplane
klsg,0,test,data/raw/SeabedObjects/airplane/plane-063.png,airplane
klsg,0,test,data/raw/SeabedObjects/ship/ship-002.png,ship
klsg,0,test,data/raw/SeabedObjects/ship/ship-004.png,ship
klsg,0,test,data/raw/SeabedObjects/ship/ship-009.png,ship
klsg,0,test,data/raw/SeabedObjects/ship/ship-011.png,ship
klsg,0,test,data/raw/SeabedObjects/ship/ship-017.png,ship
klsg,0,test,data/raw/SeabedObjects/ship/ship-018.png,ship
klsg,0,test,data/raw/SeabedObjects/ship/ship-021.png,ship
klsg,0,test,data/raw/SeabedObjects/ship/ship-026.png,ship
klsg,0,test,data/raw/SeabedObjects/ship/ship-029.png,ship
klsg,0,test,data/raw/SeabedObjects/ship/ship-031.png,ship
klsg,0,test,data/raw/SeabedObjects/ship/ship-033.png,ship
klsg,0,test,data/raw/SeabedObjects/ship/ship-043.png,ship
klsg,0,test,data/raw/SeabedObjects/ship/ship-047.png,ship
klsg,0,test,data/raw/SeabedObjects/ship/ship-050.png,ship
klsg,0,test,data/raw/SeabedObjects/ship/ship-051.png,ship
klsg,0,test,data/raw/SeabedObjects/ship/ship-057.png,ship
klsg,0,test,data/raw/SeabedObjects/ship/ship-058.png,ship
klsg,0,test,data/raw/SeabedObjects/ship/ship-066.png,ship
klsg,0,test,data/raw/SeabedObjects/ship/ship-067.png,ship
klsg,0,test,data/raw/SeabedObjects/ship/ship-070.png,ship
klsg,0,test,data/raw/SeabedObjects/ship/ship-074.png,ship
klsg,0,test,data/raw/SeabedObjects/ship/ship-076.png,ship
klsg,0,test,data/raw/SeabedObjects/ship/ship-079.png,ship
klsg,0,test,data/raw/SeabedObjects/ship/ship-081.png,ship
klsg,0,test,data/raw/SeabedObjects/ship/ship-084.png,ship
klsg,0,test,data/raw/SeabedObjects/ship/ship-086.png,ship
klsg,0,test,data/raw/SeabedObjects/ship/ship-087.png,ship
klsg,0,test,data/raw/SeabedObjects/ship/ship-089.png,ship
klsg,0,test,data/raw/SeabedObjects/ship/ship-090.png,ship
klsg,0,test,data/raw/SeabedObjects/ship/ship-092.png,ship
klsg,0,test,data/raw/SeabedObjects/ship/ship-095.png,ship
klsg,0,test,data/raw/SeabedObjects/ship/ship-102.png,ship
klsg,0,test,data/raw/SeabedObjects/ship/ship-105.png,ship
klsg,0,test,data/raw/SeabedObjects/ship/ship-107.png,ship
klsg,0,test,data/raw/SeabedObjects/ship/ship-108.png,ship
klsg,0,test,data/raw/SeabedObjects/ship/ship-110.png,ship
klsg,0,test,data/raw/SeabedObjects/ship/ship-111.png,ship
klsg,0,test,data/raw/SeabedObjects/ship/ship-129.png,ship
klsg,0,test,data/raw/SeabedObjects/ship/ship-141.png,ship
klsg,0,test,data/raw/SeabedObjects/ship/ship-147.png,ship
klsg,0,test,data/raw/SeabedObjects/ship/ship-149.png,ship
klsg,0,test,data/raw/SeabedObjects/ship/ship-157.png,ship
klsg,0,test,data/raw/SeabedObjects/ship/ship-159.png,ship
klsg,0,test,data/raw/SeabedObjects/ship/ship-168.png,ship
klsg,0,test,data/raw/SeabedObjects/ship/ship-173.png,ship
klsg,0,test,data/raw/SeabedObjects/ship/ship-175.png,ship
klsg,0,test,data/raw/SeabedObjects/ship/ship-176.png,ship
klsg,0,test,data/raw/SeabedObjects/ship/ship-178.png,ship
klsg,0,test,data/raw/SeabedObjects/ship/ship-183.png,ship
klsg,0,test,data/raw/SeabedObjects/ship/ship-187.png,ship
klsg,0,test,data/raw/SeabedObjects/ship/ship-191.png,ship
klsg,0,test,data/raw/SeabedObjects/ship/ship-193.png,ship
klsg,0,test,data/raw/SeabedObjects/ship/ship-196.png,ship
klsg,0,test,data/raw/SeabedObjects/ship/ship-197.png,ship
klsg,0,test,data/raw/SeabedObjects/ship/ship-200.png,ship
klsg,0,test,data/raw/SeabedObjects/ship/ship-203.png,ship
klsg,0,test,data/raw/SeabedObjects/ship/ship-209.png,ship
klsg,0,test,data/raw/SeabedObjects/ship/ship-212.png,ship
klsg,0,test,data/raw/SeabedObjects/ship/ship-213.png,ship
klsg,0,test,data/raw/SeabedObjects/ship/ship-215.png,ship
klsg,0,test,data/raw/SeabedObjects/ship/ship-217.png,ship
klsg,0,test,data/raw/SeabedObjects/ship/ship-219.png,ship
klsg,0,test,data/raw/SeabedObjects/ship/ship-235.png,ship
klsg,0,test,data/raw/SeabedObjects/ship/ship-238.png,ship
klsg,0,test,data/raw/SeabedObjects/ship/ship-247.png,ship
klsg,0,test,data/raw/SeabedObjects/ship/ship-251.png,ship
klsg,0,test,data/raw/SeabedObjects/ship/ship-261.png,ship
klsg,0,test,data/raw/SeabedObjects/ship/ship-274.png,ship
klsg,0,test,data/raw/SeabedObjects/ship/ship-278.png,ship
klsg,0,test,data/raw/SeabedObjects/ship/ship-287.png,ship
klsg,0,test,data/raw/SeabedObjects/ship/ship-298.png,ship
klsg,0,test,data/raw/SeabedObjects/ship/ship-367.png,ship
klsg,0,test,data/raw/SeabedObjects/ship/ship-369.png,ship
klsg,0,test,data/raw/SeabedObjects/ship/ship-371.png,ship
klsg,0,test,data/raw/SeabedObjects/ship/ship-376.png,ship
klsg,0,test,data/raw/SeabedObjects/ship/ship-377.png,ship
klsg,0,test,data/raw/SeabedObjects/ship/ship-378.png,ship
klsg,0,test,data/raw/SeabedObjects/ship/ship-384.png,ship
klsg,0,test,data/raw/SeabedObjects/ship/ship-385.png,ship
klsg,0,test,data/raw/SeabedObjects/ship/ship-392.png,ship
klsg,0,test,data/raw/SeabedObjects/ship/ship-402.png,ship
klsg,0,test,data/raw/SeabedObjects/ship/ship-414.png,ship
klsg,0,test,data/raw/SeabedObjects/ship/ship-416.png,ship
klsg,0,test,data/raw/SeabedObjects/ship/ship-417.png,ship
klsg,0,test,data/raw/SeabedObjects/ship/ship-423.png,ship
klsg,0,test,data/raw/SeabedObjects/ship/ship-434.png,ship
klsg,0,test,data/raw/SeabedObjects/ship/ship-438.png,ship
klsg,0,test,data/raw/SeabedObjects/ship/ship-441.png,ship
klsg,0,test,data/raw/SeabedObjects/ship/ship-443.png,ship
klsg,0,test,data/raw/SeabedObjects/ship/ship-445.png,ship
klsg,0,test,data/raw/SeabedObjects/ship/ship-452.png,ship
klsg,0,test,data/raw/SeabedObjects/ship/ship-470.png,ship
klsg,0,test,data/raw/SeabedObjects/ship/ship-477.png,ship
klsg,0,test,data/raw/SeabedObjects/ship/ship-479.png,ship
klsg,0,test,data/raw/SeabedObjects/ship/ship-482.png,ship
klsg,0,test,data/raw/SeabedObjects/ship/ship-484.png,ship
klsg,0,test,data/raw/SeabedObjects/ship/ship-486.png,ship
klsg,1,train,data/raw/SeabedObjects/airplane/plane-001.png,airplane
klsg,1,train,data/raw/SeabedObjects/airplane/plane-002.png,airplane
klsg,1,train,data/raw/SeabedObjects/airplane/plane-003.png,airplane
klsg,1,train,data/raw/SeabedObjects/airplane/plane-004.png,airplane
klsg,1,train,data/raw/SeabedObjects/airplane/plane-005.png,airplane
klsg,1,train,data/raw/SeabedObjects/airplane/plane-006.png,airplane
klsg,1,train,data/raw/SeabedObjects/airplane/plane-008.png,airplane
klsg,1,train,data/raw/SeabedObjects/airplane/plane-009.png,airplane
klsg,1,train,data/raw/SeabedObjects/airplane/plane-010.png,airplane
klsg,1,train,data/raw/SeabedObjects/airplane/plane-011.png,airplane
klsg,1,train,data/raw/SeabedObjects/airplane/plane-012.png,airplane
klsg,1,train,data/raw/SeabedObjects/airplane/plane-013.png,airplane
klsg,1,train,data/raw/SeabedObjects/airplane/plane-014.png,airplane
klsg,1,train,data/raw/SeabedObjects/airplane/plane-015.png,airplane
klsg,1,train,data/raw/SeabedObjects/airplane/plane-017.png,airplane
klsg,1,train,data/raw/SeabedObjects/airplane/plane-019.png,airplane
klsg,1,train,data/raw/SeabedObjects/airplane/plane-020.png,airplane
klsg,1,train,data/raw/SeabedObjects/airplane/plane-021.png,airplane
klsg,1,train,data/raw/SeabedObjects/airplane/plane-022.png,airplane
klsg,1,train,data/raw/SeabedObjects/airplane/plane-023.png,airplane
klsg,1,train,data/raw/SeabedObjects/airplane/plane-024.png,airplane
klsg,1,train,data/raw/SeabedObjects/airplane/plane-025.png,airplane
klsg,1,train,data/raw/SeabedObjects/airplane/plane-027.png,airplane
klsg,1,train,data/raw/SeabedObjects/airplane/plane-028.png,airplane
klsg,1,train,data/raw/SeabedObjects/airplane/plane-029.png,airplane
klsg,1,train,data/raw/SeabedObjects/airplane/plane-030.png,airplane
klsg,1,train,data/raw/SeabedObjects/airplane/plane-031.png,airplane
klsg,1,train,data/raw/SeabedObjects/airplane/plane-032.png,airplane
klsg,1,train,data/raw/SeabedObjects/airplane/plane-033.png,airplane
klsg,1,train,data/raw/SeabedObjects/airplane/plane-035.png,airplane
klsg,1,train,data/raw/SeabedObjects/airplane/plane-038.png,airplane
klsg,1,train,data/raw/SeabedObjects/airplane/plane-039.png,airplane
klsg,1,train,data/raw/SeabedObjects/airplane/plane-040.png,airplane
klsg,1,train,data/raw/SeabedObjects/airplane/plane-041.png,airplane
klsg,1,train,data/raw/SeabedObjects/airplane/plane-042.png,airplane
klsg,1,train,data/raw/SeabedObjects/airplane/plane-043.png,airplane
klsg,1,train,data/raw/SeabedObjects/airplane/plane-044.png,airplane
klsg,1,train,data/raw/SeabedObjects/airplane/plane-045.png,airplane
klsg,1,train,data/raw/SeabedObjects/airplane/plane-046.png,airplane
klsg,1,train,data/raw/SeabedObjects/airplane/plane-047.png,airplane
klsg,1,train,data/raw/SeabedObjects/airplane/plane-049.png,airplane
klsg,1,train,data/raw/SeabedObjects/airplane/plane-050.png,airplane
klsg,1,train,data/raw/SeabedObjects/airplane/plane-051.png,airplane
klsg,1,train,data/raw/SeabedObjects/airplane/plane-052.png,airplane
klsg,1,train,data/raw/SeabedObjects/airplane/plane-053.png,airplane
klsg,1,train,data/raw/SeabedObjects/airplane/plane-055.png,airplane
klsg,1,train,data/raw/SeabedObjects/airplane/plane-056.png,airplane
klsg,1,train,data/raw/SeabedObjects/airplane/plane-059.png,airplane
klsg,1,train,data/raw/SeabedObjects/airplane/plane-060.png,airplane
klsg,1,train,data/raw/SeabedObjects/airplane/plane-062.png,airplane
klsg,1,train,data/raw/SeabedObjects/airplane/plane-063.png,airplane
klsg,1,train,data/raw/SeabedObjects/airplane/plane-064.png,airplane
klsg,1,train,data/raw/SeabedObjects/airplane/plane-066.png,airplane
klsg,1,train,data/raw/SeabedObjects/ship/ship-001.png,ship
klsg,1,train,data/raw/SeabedObjects/ship/ship-002.png,ship
klsg,1,train,data/raw/SeabedObjects/ship/ship-003.png,ship
klsg,1,train,data/raw/SeabedObjects/ship/ship-004.png,ship
klsg,1,train,data/raw/SeabedObjects/ship/ship-005.png,ship
klsg,1,train,data/raw/SeabedObjects/ship/ship-006.png,ship
klsg,1,train,data/raw/SeabedObjects/ship/ship-008.png,ship
klsg,1,train,data/raw/SeabedObjects/ship/ship-009.png,ship
klsg,1,train,data/raw/SeabedObjects/ship/ship-010.png,ship
klsg,1,train,data/raw/SeabedObjects/ship/ship-011.png,ship
klsg,1,train,data/raw/SeabedObjects/ship/ship-012.png,ship
klsg,1,train,data/raw/SeabedObjects/ship/ship-013.png,ship
klsg,1,train,data/raw/SeabedObjects/ship/ship-014.png,ship
klsg,1,train,data/raw/SeabedObjects/ship/ship-015.png,ship
klsg,1,train,data/raw/SeabedObjects/ship/ship-016.png,ship
klsg,1,train,data/raw/SeabedObjects/ship/ship-017.png,ship
klsg,1,train,data/raw/SeabedObjects/ship/ship-018.png,ship
klsg,1,train,data/raw/SeabedObjects/ship/ship-019.png,ship
klsg,1,train,data/raw/SeabedObjects/ship/ship-020.png,ship
klsg,1,train,data/raw/SeabedObjects/ship/ship-021.png,ship
klsg,1,train,data/raw/SeabedObjects/ship/ship-025.png,ship
klsg,1,train,data/raw/SeabedObjects/ship/ship-026.png,ship
klsg,1,train,data/raw/SeabedObjects/ship/ship-027.png,ship
klsg,1,train,data/raw/SeabedObjects/ship/ship-029.png,ship
klsg,1,train,data/raw/SeabedObjects/ship/ship-030.png,ship
klsg,1,train,data/raw/SeabedObjects/ship/ship-031.png,ship
klsg,1,train,data/raw/SeabedObjects/ship/ship-032.png,ship
klsg,1,train,data/raw/SeabedObjects/ship/ship-033.png,ship
klsg,1,train,data/raw/SeabedObjects/ship/ship-034.png,ship
klsg,1,train,data/raw/SeabedObjects/ship/ship-035.png,ship
klsg,1,train,data/raw/SeabedObjects/ship/ship-036.png,ship
klsg,1,train,data/raw/SeabedObjects/ship/ship-037.png,ship
klsg,1,train,data/raw/SeabedObjects/ship/ship-038.png,ship
klsg,1,train,data/raw/SeabedObjects/ship/ship-039.png,ship
klsg,1,train,data/raw/SeabedObjects/ship/ship-040.png,ship
klsg,1,train,data/raw/SeabedObjects/ship/ship-042.png,ship
klsg,1,train,data/raw/SeabedObjects/ship/ship-043.png,ship
klsg,1,train,data/raw/SeabedObjects/ship/ship-044.png,ship
klsg,1,train,data/raw/SeabedObjects/ship/ship-045.png,ship
klsg,1,train,data/raw/SeabedObjects/ship/ship-046.png,ship
klsg,1,train,data/raw/SeabedObjects/ship/ship-047.png,ship
klsg,1,train,data/raw/SeabedObjects/ship/ship-049.png,ship
klsg,1,train,data/raw/SeabedObjects/ship/ship-050.png,ship
klsg,1,train,data/raw/SeabedObjects/ship/ship-051.png,ship
klsg,1,train,data/raw/SeabedObjects/ship/ship-052.png,ship
klsg,1,train,data/raw/SeabedObjects/ship/ship-053.png,ship
klsg,1,train,data/raw/SeabedObjects/ship/ship-054.png,ship
klsg,1,train,data/raw/SeabedObjects/ship/ship-055.png,ship
klsg,1,train,data/raw/SeabedObjects/ship/ship-056.png,ship
klsg,1,train,data/raw/SeabedObjects/ship/ship-057.png,ship
klsg,1,train,data/raw/SeabedObjects/ship/ship-058.png,ship
klsg,1,train,data/raw/SeabedObjects/ship/ship-059.png,ship
klsg,1,train,data/raw/SeabedObjects/ship/ship-060.png,ship
klsg,1,train,data/raw/SeabedObjects/ship/ship-061.png,ship
klsg,1,train,data/raw/SeabedObjects/ship/ship-062.png,ship
klsg,1,train,data/raw/SeabedObjects/ship/ship-063.png,ship
klsg,1,train,data/raw/SeabedObjects/ship/ship-064.png,ship
klsg,1,train,data/raw/SeabedObjects/ship/ship-065.png,ship
klsg,1,train,data/raw/SeabedObjects/ship/ship-066.png,ship
klsg,1,train,data/raw/SeabedObjects/ship/ship-067.png,ship
klsg,1,train,data/raw/SeabedObjects/ship/ship-069.png,ship
klsg,1,train,data/raw/SeabedObjects/ship/ship-070.png,ship
klsg,1,train,data/raw/SeabedObjects/ship/ship-071.png,ship
klsg,1,train,data/raw/SeabedObjects/ship/ship-073.png,ship
klsg,1,train,data/raw/SeabedObjects/ship/ship-074.png,ship
klsg,1,train,data/raw/SeabedObjects/ship/ship-075.png,ship
klsg,1,train,data/raw/SeabedObjects/ship/ship-076.png,ship
klsg,1,train,data/raw/SeabedObjects/ship/ship-077.png,ship
klsg,1,train,data/raw/SeabedObjects/ship/ship-078.png,ship
klsg,1,train,data/raw/SeabedObjects/ship/ship-079.png,ship
klsg,1,train,data/raw/SeabedObjects/ship/ship-081.png,ship
klsg,1,train,data/raw/SeabedObjects/ship/ship-082.png,ship
klsg,1,train,data/raw/SeabedObjects/ship/ship-084.png,ship
klsg,1,train,data/raw/SeabedObjects/ship/ship-085.png,ship
klsg,1,train,data/raw/SeabedObjects/ship/ship-086.png,ship
klsg,1,train,data/raw/SeabedObjects/ship/ship-087.png,ship
klsg,1,train,data/raw/SeabedObjects/ship/ship-088.png,ship
klsg,1,train,data/raw/SeabedObjects/ship/ship-089.png,ship
klsg,1,train,data/raw/SeabedObjects/ship/ship-090.png,ship
klsg,1,train,data/raw/SeabedObjects/ship/ship-091.png,ship
klsg,1,train,data/raw/SeabedObjects/ship/ship-092.png,ship
klsg,1,train,data/raw/SeabedObjects/ship/ship-093.png,ship
klsg,1,train,data/raw/SeabedObjects/ship/ship-095.png,ship
klsg,1,train,data/raw/SeabedObjects/ship/ship-101.png,ship
klsg,1,train,data/raw/SeabedObjects/ship/ship-102.png,ship
klsg,1,train,data/raw/SeabedObjects/ship/ship-103.png,ship
klsg,1,train,data/raw/SeabedObjects/ship/ship-105.png,ship
klsg,1,train,data/raw/SeabedObjects/ship/ship-106.png,ship
klsg,1,train,data/raw/SeabedObjects/ship/ship-107.png,ship
klsg,1,train,data/raw/SeabedObjects/ship/ship-108.png,ship
klsg,1,train,data/raw/SeabedObjects/ship/ship-110.png,ship
klsg,1,train,data/raw/SeabedObjects/ship/ship-111.png,ship
klsg,1,train,data/raw/SeabedObjects/ship/ship-112.png,ship
klsg,1,train,data/raw/SeabedObjects/ship/ship-113.png,ship
klsg,1,train,data/raw/SeabedObjects/ship/ship-114.png,ship
klsg,1,train,data/raw/SeabedObjects/ship/ship-115.png,ship
klsg,1,train,data/raw/SeabedObjects/ship/ship-117.png,ship
klsg,1,train,data/raw/SeabedObjects/ship/ship-118.png,ship
klsg,1,train,data/raw/SeabedObjects/ship/ship-119.png,ship
klsg,1,train,data/raw/SeabedObjects/ship/ship-120.png,ship
klsg,1,train,data/raw/SeabedObjects/ship/ship-121.png,ship
klsg,1,train,data/raw/SeabedObjects/ship/ship-122.png,ship
klsg,1,train,data/raw/SeabedObjects/ship/ship-123.png,ship
klsg,1,train,data/raw/SeabedObjects/ship/ship-124.png,ship
klsg,1,train,data/raw/SeabedObjects/ship/ship-128.png,ship
klsg,1,train,data/raw/SeabedObjects/ship/ship-129.png,ship
klsg,1,train,data/raw/SeabedObjects/ship/ship-130.png,ship
klsg,1,train,data/raw/SeabedObjects/ship/ship-131.png,ship
klsg,1,train,data/raw/SeabedObjects/ship/ship-135.png,ship
klsg,1,train,data/raw/SeabedObjects/ship/ship-136.png,ship
klsg,1,train,data/raw/SeabedObjects/ship/ship-139.png,ship
klsg,1,train,data/raw/SeabedObjects/ship/ship-140.png,ship
klsg,1,train,data/raw/SeabedObjects/ship/ship-141.png,ship
klsg,1,train,data/raw/SeabedObjects/ship/ship-142.png,ship
klsg,1,train,data/raw/SeabedObjects/ship/ship-143.png,ship
klsg,1,train,data/raw/SeabedObjects/ship/ship-144.png,ship
klsg,1,train,data/raw/SeabedObjects/ship/ship-145.png,ship
klsg,1,train,data/raw/SeabedObjects/ship/ship-146.png,ship
klsg,1,train,data/raw/SeabedObjects/ship/ship-147.png,ship
klsg,1,train,data/raw/SeabedObjects/ship/ship-148.png,ship
klsg,1,train,data/raw/SeabedObjects/ship/ship-149.png,ship
klsg,1,train,data/raw/SeabedObjects/ship/ship-150.png,ship
klsg,1,train,data/raw/SeabedObjects/ship/ship-151.png,ship
klsg,1,train,data/raw/SeabedObjects/ship/ship-152.png,ship
klsg,1,train,data/raw/SeabedObjects/ship/ship-153.png,ship
klsg,1,train,data/raw/SeabedObjects/ship/ship-154.png,ship
klsg,1,train,data/raw/SeabedObjects/ship/ship-155.png,ship
klsg,1,train,data/raw/SeabedObjects/ship/ship-156.png,ship
klsg,1,train,data/raw/SeabedObjects/ship/ship-157.png,ship
klsg,1,train,data/raw/SeabedObjects/ship/ship-158.png,ship
klsg,1,train,data/raw/SeabedObjects/ship/ship-159.png,ship
klsg,1,train,data/raw/SeabedObjects/ship/ship-160.png,ship
klsg,1,train,data/raw/SeabedObjects/ship/ship-161.png,ship
klsg,1,train,data/raw/SeabedObjects/ship/ship-162.png,ship
klsg,1,train,data/raw/SeabedObjects/ship/ship-163.png,ship
klsg,1,train,data/raw/SeabedObjects/ship/ship-166.png,ship
klsg,1,train,data/raw/SeabedObjects/ship/ship-167.png,ship
klsg,1,train,data/raw/SeabedObjects/ship/ship-168.png,ship
klsg,1,train,data/raw/SeabedObjects/ship/ship-170.png,ship
klsg,1,train,data/raw/SeabedObjects/ship/ship-171.png,ship
klsg,1,train,data/raw/SeabedObjects/ship/ship-173.png,ship
klsg,1,train,data/raw/SeabedObjects/ship/ship-174.png,ship
klsg,1,train,data/raw/SeabedObjects/ship/ship-175.png,ship
klsg,1,train,data/raw/SeabedObjects/ship/ship-176.png,ship
klsg,1,train,data/raw/SeabedObjects/ship/ship-177.png,ship
klsg,1,train,data/raw/SeabedObjects/ship/ship-178.png,ship
klsg,1,train,data/raw/SeabedObjects/ship/ship-179.png,ship
klsg,1,train,data/raw/SeabedObjects/ship/ship-180.png,ship
klsg,1,train,data/raw/SeabedObjects/ship/ship-181.png,ship
klsg,1,train,data/raw/SeabedObjects/ship/ship-182.png,ship
klsg,1,train,data/raw/SeabedObjects/ship/ship-183.png,ship
klsg,1,train,data/raw/SeabedObjects/ship/ship-186.png,ship
klsg,1,train,data/raw/SeabedObjects/ship/ship-187.png,ship
klsg,1,train,data/raw/SeabedObjects/ship/ship-188.png,ship
klsg,1,train,data/raw/SeabedObjects/ship/ship-189.png,ship
klsg,1,train,data/raw/SeabedObjects/ship/ship-190.png,ship
klsg,1,train,data/raw/SeabedObjects/ship/ship-191.png,ship
klsg,1,train,data/raw/SeabedObjects/ship/ship-193.png,ship
klsg,1,train,data/raw/SeabedObjects/ship/ship-194.png,ship
klsg,1,train,data/raw/SeabedObjects/ship/ship-195.png,ship
klsg,1,train,data/raw/SeabedObjects/ship/ship-196.png,ship
klsg,1,train,data/raw/SeabedObjects/ship/ship-197.png,ship
klsg,1,train,data/raw/SeabedObjects/ship/ship-198.png,ship
klsg,1,train,data/raw/SeabedObjects/ship/ship-199.png,ship
klsg,1,train,data/raw/SeabedObjects/ship/ship-200.png,ship
klsg,1,train,data/raw/SeabedObjects/ship/ship-201.png,ship
klsg,1,train,data/raw/SeabedObjects/ship/ship-202.png,ship
klsg,1,train,data/raw/SeabedObjects/ship/ship-203.png,ship
klsg,1,train,data/raw/SeabedObjects/ship/ship-204.png,ship
klsg,1,train,data/raw/SeabedObjects/ship/ship-207.png,ship
klsg,1,train,data/raw/SeabedObjects/ship/ship-208.png,ship
klsg,1,train,data/raw/SeabedObjects/ship/ship-209.png,ship
klsg,1,train,data/raw/SeabedObjects/ship/ship-210.png,ship
klsg,1,train,data/raw/SeabedObjects/ship/ship-211.png,ship
klsg,1,train,data/raw/SeabedObjects/ship/ship-212.png,ship
klsg,1,train,data/raw/SeabedObjects/ship/ship-213.png,ship
klsg,1,train,data/raw/SeabedObjects/ship/ship-215.png,ship
klsg,1,train,data/raw/SeabedObjects/ship/ship-217.png,ship
klsg,1,train,data/raw/SeabedObjects/ship/ship-219.png,ship
klsg,1,train,data/raw/SeabedObjects/ship/ship-221.png,ship
klsg,1,train,data/raw/SeabedObjects/ship/ship-223.png,ship
klsg,1,train,data/raw/SeabedObjects/ship/ship-224.png,ship
klsg,1,train,data/raw/SeabedObjects/ship/ship-226.png,ship
klsg,1,train,data/raw/SeabedObjects/ship/ship-227.png,ship
klsg,1,train,data/raw/SeabedObjects/ship/ship-230.png,ship
klsg,1,train,data/raw/SeabedObjects/ship/ship-231.png,ship
klsg,1,train,data/raw/SeabedObjects/ship/ship-232.png,ship
klsg,1,train,data/raw/SeabedObjects/ship/ship-233.png,ship
klsg,1,train,data/raw/SeabedObjects/ship/ship-234.png,ship
klsg,1,train,data/raw/SeabedObjects/ship/ship-235.png,ship
klsg,1,train,data/raw/SeabedObjects/ship/ship-237.png,ship
klsg,1,train,data/raw/SeabedObjects/ship/ship-238.png,ship
klsg,1,train,data/raw/SeabedObjects/ship/ship-239.png,ship
klsg,1,train,data/raw/SeabedObjects/ship/ship-240.png,ship
klsg,1,train,data/raw/SeabedObjects/ship/ship-243.png,ship
klsg,1,train,data/raw/SeabedObjects/ship/ship-244.png,ship
klsg,1,train,data/raw/SeabedObjects/ship/ship-245.png,ship
klsg,1,train,data/raw/SeabedObjects/ship/ship-247.png,ship
klsg,1,train,data/raw/SeabedObjects/ship/ship-249.png,ship
klsg,1,train,data/raw/SeabedObjects/ship/ship-251.png,ship
klsg,1,train,data/raw/SeabedObjects/ship/ship-253.png,ship
klsg,1,train,data/raw/SeabedObjects/ship/ship-254.png,ship
klsg,1,train,data/raw/SeabedObjects/ship/ship-255.png,ship
klsg,1,train,data/raw/SeabedObjects/ship/ship-256.png,ship
klsg,1,train,data/raw/SeabedObjects/ship/ship-257.png,ship
klsg,1,train,data/raw/SeabedObjects/ship/ship-258.png,ship
klsg,1,train,data/raw/SeabedObjects/ship/ship-260.png,ship
klsg,1,train,data/raw/SeabedObjects/ship/ship-261.png,ship
klsg,1,train,data/raw/SeabedObjects/ship/ship-262.png,ship
klsg,1,train,data/raw/SeabedObjects/ship/ship-265.png,ship
klsg,1,train,data/raw/SeabedObjects/ship/ship-266.png,ship
klsg,1,train,data/raw/SeabedObjects/ship/ship-267.png,ship
klsg,1,train,data/raw/SeabedObjects/ship/ship-268.png,ship
klsg,1,train,data/raw/SeabedObjects/ship/ship-269.png,ship
klsg,1,train,data/raw/SeabedObjects/ship/ship-270.png,ship
klsg,1,train,data/raw/SeabedObjects/ship/ship-271.png,ship
klsg,1,train,data/raw/SeabedObjects/ship/ship-272.png,ship
klsg,1,train,data/raw/SeabedObjects/ship/ship-273.png,ship
klsg,1,train,data/raw/SeabedObjects/ship/ship-274.png,ship
klsg,1,train,data/raw/SeabedObjects/ship/ship-276.png,ship
klsg,1,train,data/raw/SeabedObjects/ship/ship-277.png,ship
klsg,1,train,data/raw/SeabedObjects/ship/ship-278.png,ship
klsg,1,train,data/raw/SeabedObjects/ship/ship-280.png,ship
klsg,1,train,data/raw/SeabedObjects/ship/ship-281.png,ship
klsg,1,train,data/raw/SeabedObjects/ship/ship-282.png,ship
klsg,1,train,data/raw/SeabedObjects/ship/ship-283.png,ship
klsg,1,train,data/raw/SeabedObjects/ship/ship-285.png,ship
klsg,1,train,data/raw/SeabedObjects/ship/ship-286.png,ship
klsg,1,train,data/raw/SeabedObjects/ship/ship-287.png,ship
klsg,1,train,data/raw/SeabedObjects/ship/ship-288.png,ship
klsg,1,train,data/raw/SeabedObjects/ship/ship-289.png,ship
klsg,1,train,data/raw/SeabedObjects/ship/ship-290.png,ship
klsg,1,train,data/raw/SeabedObjects/ship/ship-292.png,ship
klsg,1,train,data/raw/SeabedObjects/ship/ship-294.png,ship
klsg,1,train,data/raw/SeabedObjects/ship/ship-295.png,ship
klsg,1,train,data/raw/SeabedObjects/ship/ship-297.png,ship
klsg,1,train,data/raw/SeabedObjects/ship/ship-298.png,ship
klsg,1,train,data/raw/SeabedObjects/ship/ship-300.png,ship
klsg,1,train,data/raw/SeabedObjects/ship/ship-301.png,ship
klsg,1,train,data/raw/SeabedObjects/ship/ship-303.png,ship
klsg,1,train,data/raw/SeabedObjects/ship/ship-304.png,ship
klsg,1,train,data/raw/SeabedObjects/ship/ship-305.png,ship
klsg,1,train,data/raw/SeabedObjects/ship/ship-308.png,ship
klsg,1,train,data/raw/SeabedObjects/ship/ship-309.png,ship
klsg,1,train,data/raw/SeabedObjects/ship/ship-310.png,ship
klsg,1,train,data/raw/SeabedObjects/ship/ship-311.png,ship
klsg,1,train,data/raw/SeabedObjects/ship/ship-312.png,ship
klsg,1,train,data/raw/SeabedObjects/ship/ship-313.png,ship
klsg,1,train,data/raw/SeabedObjects/ship/ship-314.png,ship
klsg,1,train,data/raw/SeabedObjects/ship/ship-315.png,ship
klsg,1,train,data/raw/SeabedObjects/ship/ship-317.png,ship
klsg,1,train,data/raw/SeabedObjects/ship/ship-318.png,ship
klsg,1,train,data/raw/SeabedObjects/ship/ship-319.png,ship
klsg,1,train,data/raw/SeabedObjects/ship/ship-320.png,ship
klsg,1,train,data/raw/SeabedObjects/ship/ship-322.png,ship
klsg,1,train,data/raw/SeabedObjects/ship/ship-323.png,ship
klsg,1,train,data/raw/SeabedObjects/ship/ship-324.png,ship
klsg,1,train,data/raw/SeabedObjects/ship/ship-325.png,ship
klsg,1,train,data/raw/SeabedObjects/ship/ship-326.png,ship
klsg,1,train,data/raw/SeabedObjects/ship/ship-327.png,ship
klsg,1,train,data/raw/SeabedObjects/ship/ship-328.png,ship
klsg,1,train,data/raw/SeabedObjects/ship/ship-329.png,ship
klsg,1,train,data/raw/SeabedObjects/ship/ship-330.png,ship
klsg,1,train,data/raw/SeabedObjects/ship/ship-331.png,ship
klsg,1,train,data/raw/SeabedObjects/ship/ship-332.png,ship
klsg,1,train,data/raw/SeabedObjects/ship/ship-335.png,ship
klsg,1,train,data/raw/SeabedObjects/ship/ship-336.png,ship
klsg,1,train,data/raw/SeabedObjects/ship/ship-337.png,ship
klsg,1,train,data/raw/SeabedObjects/ship/ship-338.png,ship
klsg,1,train,data/raw/SeabedObjects/ship/ship-340.png,ship
klsg,1,train,data/raw/SeabedObjects/ship/ship-341.png,ship
klsg,1,train,data/raw/SeabedObjects/ship/ship-342.png,ship
klsg,1,train,data/raw/SeabedObjects/ship/ship-343.png,ship
klsg,1,train,data/raw/SeabedObjects/ship/ship-345.png,ship
klsg,1,train,data/raw/SeabedObjects/ship/ship-347.png,ship
klsg,1,train,data/raw/SeabedObjects/ship/ship-348.png,ship
klsg,1,train,data/raw/SeabedObjects/ship/ship-349.png,ship
klsg,1,train,data/raw/SeabedObjects/ship/ship-352.png,ship
klsg,1,train,data/raw/SeabedObjects/ship/ship-353.png,ship
klsg,1,train,data/raw/SeabedObjects/ship/ship-354.png,ship
klsg,1,train,data/raw/SeabedObjects/ship/ship-355.png,ship
klsg,1,train,data/raw/SeabedObjects/ship/ship-356.png,ship
klsg,1,train,data/raw/SeabedObjects/ship/ship-358.png,ship
klsg,1,train,data/raw/SeabedObjects/ship/ship-359.png,ship
klsg,1,train,data/raw/SeabedObjects/ship/ship-360.png,ship
klsg,1,train,data/raw/SeabedObjects/ship/ship-361.png,ship
klsg,1,train,data/raw/SeabedObjects/ship/ship-363.png,ship
klsg,1,train,data/raw/SeabedObjects/ship/ship-364.png,ship
klsg,1,train,data/raw/SeabedObjects/ship/ship-366.png,ship
klsg,1,train,data/raw/SeabedObjects/ship/ship-367.png,ship
klsg,1,train,data/raw/SeabedObjects/ship/ship-369.png,ship
klsg,1,train,data/raw/SeabedObjects/ship/ship-370.png,ship
klsg,1,train,data/raw/SeabedObjects/ship/ship-371.png,ship
klsg,1,train,data/raw/SeabedObjects/ship/ship-372.png,ship
klsg,1,train,data/raw/SeabedObjects/ship/ship-374.png,ship
klsg,1,train,data/raw/SeabedObjects/ship/ship-376.png,ship
klsg,1,train,data/raw/SeabedObjects/ship/ship-377.png,ship
klsg,1,train,data/raw/SeabedObjects/ship/ship-378.png,ship
klsg,1,train,data/raw/SeabedObjects/ship/ship-381.png,ship
klsg,1,train,data/raw/SeabedObjects/ship/ship-382.png,ship
klsg,1,train,data/raw/SeabedObjects/ship/ship-383.png,ship
klsg,1,train,data/raw/SeabedObjects/ship/ship-384.png,ship
klsg,1,train,data/raw/SeabedObjects/ship/ship-385.png,ship
klsg,1,train,data/raw/SeabedObjects/ship/ship-386.png,ship
klsg,1,train,data/raw/SeabedObjects/ship/ship-387.png,ship
klsg,1,train,data/raw/SeabedObjects/ship/ship-388.png,ship
klsg,1,train,data/raw/SeabedObjects/ship/ship-389.png,ship
klsg,1,train,data/raw/SeabedObjects/ship/ship-391.png,ship
klsg,1,train,data/raw/SeabedObjects/ship/ship-392.png,ship
klsg,1,train,data/raw/SeabedObjects/ship/ship-393.png,ship
klsg,1,train,data/raw/SeabedObjects/ship/ship-394.png,ship
klsg,1,train,data/raw/SeabedObjects/ship/ship-395.png,ship
klsg,1,train,data/raw/SeabedObjects/ship/ship-396.png,ship
klsg,1,train,data/raw/SeabedObjects/ship/ship-397.png,ship
klsg,1,train,data/raw/SeabedObjects/ship/ship-398.png,ship
klsg,1,train,data/raw/SeabedObjects/ship/ship-399.png,ship
klsg,1,train,data/raw/SeabedObjects/ship/ship-400.png,ship
klsg,1,train,data/raw/SeabedObjects/ship/ship-401.png,ship
klsg,1,train,data/raw/SeabedObjects/ship/ship-402.png,ship
klsg,1,train,data/raw/SeabedObjects/ship/ship-403.png,ship
klsg,1,train,data/raw/SeabedObjects/ship/ship-406.png,ship
klsg,1,train,data/raw/SeabedObjects/ship/ship-407.png,ship
klsg,1,train,data/raw/SeabedObjects/ship/ship-408.png,ship
klsg,1,train,data/raw/SeabedObjects/ship/ship-409.png,ship
klsg,1,train,data/raw/SeabedObjects/ship/ship-412.png,ship
klsg,1,train,data/raw/SeabedObjects/ship/ship-413.png,ship
klsg,1,train,data/raw/SeabedObjects/ship/ship-414.png,ship
klsg,1,train,data/raw/SeabedObjects/ship/ship-415.png,ship
klsg,1,train,data/raw/SeabedObjects/ship/ship-416.png,ship
klsg,1,train,data/raw/SeabedObjects/ship/ship-417.png,ship
klsg,1,train,data/raw/SeabedObjects/ship/ship-418.png,ship
klsg,1,train,data/raw/SeabedObjects/ship/ship-419.png,ship
klsg,1,train,data/raw/SeabedObjects/ship/ship-420.png,ship
klsg,1,train,data/raw/SeabedObjects/ship/ship-421.png,ship
klsg,1,train,data/raw/SeabedObjects/ship/ship-423.png,ship
klsg,1,train,data/raw/SeabedObjects/ship/ship-424.png,ship
klsg,1,train,data/raw/SeabedObjects/ship/ship-425.png,ship
klsg,1,train,data/raw/SeabedObjects/ship/ship-426.png,ship
klsg,1,train,data/raw/SeabedObjects/ship/ship-427.png,ship
klsg,1,train,data/raw/SeabedObjects/ship/ship-428.png,ship
klsg,1,train,data/raw/SeabedObjects/ship/ship-429.png,ship
klsg,1,train,data/raw/SeabedObjects/ship/ship-431.png,ship
klsg,1,train,data/raw/SeabedObjects/ship/ship-432.png,ship
klsg,1,train,data/raw/SeabedObjects/ship/ship-434.png,ship
klsg,1,train,data/raw/SeabedObjects/ship/ship-437.png,ship
klsg,1,train,data/raw/SeabedObjects/ship/ship-438.png,ship
klsg,1,train,data/raw/SeabedObjects/ship/ship-439.png,ship
klsg,1,train,data/raw/SeabedObjects/ship/ship-440.png,ship
klsg,1,train,data/raw/SeabedObjects/ship/ship-441.png,ship
klsg,1,train,data/raw/SeabedObjects/ship/ship-442.png,ship
klsg,1,train,data/raw/SeabedObjects/ship/ship-443.png,ship
klsg,1,train,data/raw/SeabedObjects/ship/ship-445.png,ship
klsg,1,train,data/raw/SeabedObjects/ship/ship-446.png,ship
klsg,1,train,data/raw/SeabedObjects/ship/ship-448.png,ship
klsg,1,train,data/raw/SeabedObjects/ship/ship-449.png,ship
klsg,1,train,data/raw/SeabedObjects/ship/ship-450.png,ship
klsg,1,train,data/raw/SeabedObjects/ship/ship-451.png,ship
klsg,1,train,data/raw/SeabedObjects/ship/ship-452.png,ship
klsg,1,train,data/raw/SeabedObjects/ship/ship-453.png,ship
klsg,1,train,data/raw/SeabedObjects/ship/ship-454.png,ship
klsg,1,train,data/raw/SeabedObjects/ship/ship-455.png,ship
klsg,1,train,data/raw/SeabedObjects/ship/ship-456.png,ship
klsg,1,train,data/raw/SeabedObjects/ship/ship-457.png,ship
klsg,1,train,data/raw/SeabedObjects/ship/ship-458.png,ship
klsg,1,train,data/raw/SeabedObjects/ship/ship-460.png,ship
klsg,1,train,data/raw/SeabedObjects/ship/ship-461.png,ship
klsg,1,train,data/raw/SeabedObjects/ship/ship-462.png,ship
klsg,1,train,data/raw/SeabedObjects/ship/ship-463.png,ship
klsg,1,train,data/raw/SeabedObjects/ship/ship-464.png,ship
klsg,1,train,data/raw/SeabedObjects/ship/ship-465.png,ship
klsg,1,train,data/raw/SeabedObjects/ship/ship-466.png,ship
klsg,1,train,data/raw/SeabedObjects/ship/ship-467.png,ship
klsg,1,train,data/raw/SeabedObjects/ship/ship-468.png,ship
klsg,1,train,data/raw/SeabedObjects/ship/ship-470.png,ship
klsg,1,train,data/raw/SeabedObjects/ship/ship-471.png,ship
klsg,1,train,data/raw/SeabedObjects/ship/ship-472.png,ship
klsg,1,train,data/raw/SeabedObjects/ship/ship-474.png,ship
klsg,1,train,data/raw/SeabedObjects/ship/ship-475.png,ship
klsg,1,train,data/raw/SeabedObjects/ship/ship-477.png,ship
klsg,1,train,data/raw/SeabedObjects/ship/ship-478.png,ship
klsg,1,train,data/raw/SeabedObjects/ship/ship-479.png,ship
klsg,1,train,data/raw/SeabedObjects/ship/ship-480.png,ship
klsg,1,train,data/raw/SeabedObjects/ship/ship-481.png,ship
klsg,1,train,data/raw/SeabedObjects/ship/ship-482.png,ship
klsg,1,train,data/raw/SeabedObjects/ship/ship-483.png,ship
klsg,1,train,data/raw/SeabedObjects/ship/ship-484.png,ship
klsg,1,train,data/raw/SeabedObjects/ship/ship-485.png,ship
klsg,1,train,data/raw/SeabedObjects/ship/ship-486.png,ship
klsg,1,train,data/raw/SeabedObjects/ship/ship-487.png,ship
klsg,1,test,data/raw/SeabedObjects/airplane/plane-007.png,airplane
klsg,1,test,data/raw/SeabedObjects/airplane/plane-016.png,airplane
klsg,1,test,data/raw/SeabedObjects/airplane/plane-018.png,airplane
klsg,1,test,data/raw/SeabedObjects/airplane/plane-026.png,airplane
klsg,1,test,data/raw/SeabedObjects/airplane/plane-034.png,airplane
klsg,1,test,data/raw/SeabedObjects/airplane/plane-036.png,airplane
klsg,1,test,data/raw/SeabedObjects/airplane/plane-037.png,airplane
klsg,1,test,data/raw/SeabedObjects/airplane/plane-048.png,airplane
klsg,1,test,data/raw/SeabedObjects/airplane/plane-054.png,airplane
klsg,1,test,data/raw/SeabedObjects/airplane/plane-057.png,airplane
klsg,1,test,data/raw/SeabedObjects/airplane/plane-058.png,airplane
klsg,1,test,data/raw/SeabedObjects/airplane/plane-061.png,airplane
klsg,1,test,data/raw/SeabedObjects/airplane/plane-065.png,airplane
klsg,1,test,data/raw/SeabedObjects/ship/ship-007.png,ship
klsg,1,test,data/raw/SeabedObjects/ship/ship-022.png,ship
klsg,1,test,data/raw/SeabedObjects/ship/ship-023.png,ship
klsg,1,test,data/raw/SeabedObjects/ship/ship-024.png,ship
klsg,1,test,data/raw/SeabedObjects/ship/ship-028.png,ship
klsg,1,test,data/raw/SeabedObjects/ship/ship-041.png,ship
klsg,1,test,data/raw/SeabedObjects/ship/ship-048.png,ship
klsg,1,test,data/raw/SeabedObjects/ship/ship-068.png,ship
klsg,1,test,data/raw/SeabedObjects/ship/ship-072.png,ship
klsg,1,test,data/raw/SeabedObjects/ship/ship-080.png,ship
klsg,1,test,data/raw/SeabedObjects/ship/ship-083.png,ship
klsg,1,test,data/raw/SeabedObjects/ship/ship-094.png,ship
klsg,1,test,data/raw/SeabedObjects/ship/ship-096.png,ship
klsg,1,test,data/raw/SeabedObjects/ship/ship-097.png,ship
klsg,1,test,data/raw/SeabedObjects/ship/ship-098.png,ship
klsg,1,test,data/raw/SeabedObjects/ship/ship-099.png,ship
klsg,1,test,data/raw/SeabedObjects/ship/ship-100.png,ship
klsg,1,test,data/raw/SeabedObjects/ship/ship-104.png,ship
klsg,1,test,data/raw/SeabedObjects/ship/ship-109.png,ship
klsg,1,test,data/raw/SeabedObjects/ship/ship-116.png,ship
klsg,1,test,data/raw/SeabedObjects/ship/ship-125.png,ship
klsg,1,test,data/raw/SeabedObjects/ship/ship-126.png,ship
klsg,1,test,data/raw/SeabedObjects/ship/ship-127.png,ship
klsg,1,test,data/raw/SeabedObjects/ship/ship-132.png,ship
klsg,1,test,data/raw/SeabedObjects/ship/ship-133.png,ship
klsg,1,test,data/raw/SeabedObjects/ship/ship-134.png,ship
klsg,1,test,data/raw/SeabedObjects/ship/ship-137.png,ship
klsg,1,test,data/raw/SeabedObjects/ship/ship-138.png,ship
klsg,1,test,data/raw/SeabedObjects/ship/ship-164.png,ship
klsg,1,test,data/raw/SeabedObjects/ship/ship-165.png,ship
klsg,1,test,data/raw/SeabedObjects/ship/ship-169.png,ship
klsg,1,test,data/raw/SeabedObjects/ship/ship-172.png,ship
klsg,1,test,data/raw/SeabedObjects/ship/ship-184.png,ship
klsg,1,test,data/raw/SeabedObjects/ship/ship-185.png,ship
klsg,1,test,data/raw/SeabedObjects/ship/ship-192.png,ship
klsg,1,test,data/raw/SeabedObjects/ship/ship-205.png,ship
klsg,1,test,data/raw/SeabedObjects/ship/ship-206.png,ship
klsg,1,test,data/raw/SeabedObjects/ship/ship-214.png,ship
klsg,1,test,data/raw/SeabedObjects/ship/ship-216.png,ship
klsg,1,test,data/raw/SeabedObjects/ship/ship-218.png,ship
klsg,1,test,data/raw/SeabedObjects/ship/ship-220.png,ship
klsg,1,test,data/raw/SeabedObjects/ship/ship-222.png,ship
klsg,1,test,data/raw/SeabedObjects/ship/ship-225.png,ship
klsg,1,test,data/raw/SeabedObjects/ship/ship-228.png,ship
klsg,1,test,data/raw/SeabedObjects/ship/ship-229.png,ship
klsg,1,test,data/raw/SeabedObjects/ship/ship-236.png,ship
klsg,1,test,data/raw/SeabedObjects/ship/ship-241.png,ship
klsg,1,test,data/raw/SeabedObjects/ship/ship-242.png,ship
klsg,1,test,data/raw/SeabedObjects/ship/ship-246.png,ship
klsg,1,test,data/raw/SeabedObjects/ship/ship-248.png,ship
klsg,1,test,data/raw/SeabedObjects/ship/ship-250.png,ship
klsg,1,test,data/raw/SeabedObjects/ship/ship-252.png,ship
klsg,1,test,data/raw/SeabedObjects/ship/ship-259.png,ship
klsg,1,test,data/raw/SeabedObjects/ship/ship-263.png,ship
klsg,1,test,data/raw/SeabedObjects/ship/ship-264.png,ship
klsg,1,test,data/raw/SeabedObjects/ship/ship-275.png,ship
klsg,1,test,data/raw/SeabedObjects/ship/ship-279.png,ship
klsg,1,test,data/raw/SeabedObjects/ship/ship-284.png,ship
klsg,1,test,data/raw/SeabedObjects/ship/ship-291.png,ship
klsg,1,test,data/raw/SeabedObjects/ship/ship-293.png,ship
klsg,1,test,data/raw/SeabedObjects/ship/ship-296.png,ship
klsg,1,test,data/raw/SeabedObjects/ship/ship-299.png,ship
klsg,1,test,data/raw/SeabedObjects/ship/ship-302.png,ship
klsg,1,test,data/raw/SeabedObjects/ship/ship-306.png,ship
klsg,1,test,data/raw/SeabedObjects/ship/ship-307.png,ship
klsg,1,test,data/raw/SeabedObjects/ship/ship-316.png,ship
klsg,1,test,data/raw/SeabedObjects/ship/ship-321.png,ship
klsg,1,test,data/raw/SeabedObjects/ship/ship-333.png,ship
klsg,1,test,data/raw/SeabedObjects/ship/ship-334.png,ship
klsg,1,test,data/raw/SeabedObjects/ship/ship-339.png,ship
klsg,1,test,data/raw/SeabedObjects/ship/ship-344.png,ship
klsg,1,test,data/raw/SeabedObjects/ship/ship-346.png,ship
klsg,1,test,data/raw/SeabedObjects/ship/ship-350.png,ship
klsg,1,test,data/raw/SeabedObjects/ship/ship-351.png,ship
klsg,1,test,data/raw/SeabedObjects/ship/ship-357.png,ship
klsg,1,test,data/raw/SeabedObjects/ship/ship-362.png,ship
klsg,1,test,data/raw/SeabedObjects/ship/ship-365.png,ship
klsg,1,test,data/raw/SeabedObjects/ship/ship-368.png,ship
klsg,1,test,data/raw/SeabedObjects/ship/ship-373.png,ship
klsg,1,test,data/raw/SeabedObjects/ship/ship-375.png,ship
klsg,1,test,data/raw/SeabedObjects/ship/ship-379.png,ship
klsg,1,test,data/raw/SeabedObjects/ship/ship-380.png,ship
klsg,1,test,data/raw/SeabedObjects/ship/ship-390.png,ship
klsg,1,test,data/raw/SeabedObjects/ship/ship-404.png,ship
klsg,1,test,data/raw/SeabedObjects/ship/ship-405.png,ship
klsg,1,test,data/raw/SeabedObjects/ship/ship-410.png,ship
klsg,1,test,data/raw/SeabedObjects/ship/ship-411.png,ship
klsg,1,test,data/raw/SeabedObjects/ship/ship-422.png,ship
klsg,1,test,data/raw/SeabedObjects/ship/ship-430.png,ship
klsg,1,test,data/raw/SeabedObjects/ship/ship-433.png,ship
klsg,1,test,data/raw/SeabedObjects/ship/ship-435.png,ship
klsg,1,test,data/raw/SeabedObjects/ship/ship-436.png,ship
klsg,1,test,data/raw/SeabedObjects/ship/ship-444.png,ship
klsg,1,test,data/raw/SeabedObjects/ship/ship-447.png,ship
klsg,1,test,data/raw/SeabedObjects/ship/ship-459.png,ship
klsg,1,test,data/raw/SeabedObjects/ship/ship-469.png,ship
klsg,1,test,data/raw/SeabedObjects/ship/ship-473.png,ship
klsg,1,test,data/raw/SeabedObjects/ship/ship-476.png,ship
klsg,2,train,data/raw/SeabedObjects/airplane/plane-001.png,airplane
klsg,2,train,data/raw/SeabedObjects/airplane/plane-002.png,airplane
klsg,2,train,data/raw/SeabedObjects/airplane/plane-003.png,airplane
klsg,2,train,data/raw/SeabedObjects/airplane/plane-004.png,airplane
klsg,2,train,data/raw/SeabedObjects/airplane/plane-005.png,airplane
klsg,2,train,data/raw/SeabedObjects/airplane/plane-006.png,airplane
klsg,2,train,data/raw/SeabedObjects/airplane/plane-007.png,airplane
klsg,2,train,data/raw/SeabedObjects/airplane/plane-008.png,airplane
klsg,2,train,data/raw/SeabedObjects/airplane/plane-009.png,airplane
klsg,2,train,data/raw/SeabedObjects/airplane/plane-012.png,airplane
klsg,2,train,data/raw/SeabedObjects/airplane/plane-013.png,airplane
klsg,2,train,data/raw/SeabedObjects/airplane/plane-014.png,airplane
klsg,2,train,data/raw/SeabedObjects/airplane/plane-016.png,airplane
klsg,2,train,data/raw/SeabedObjects/airplane/plane-017.png,airplane
klsg,2,train,data/raw/SeabedObjects/airplane/plane-018.png,airplane
klsg,2,train,data/raw/SeabedObjects/airplane/plane-019.png,airplane
klsg,2,train,data/raw/SeabedObjects/airplane/plane-020.png,airplane
klsg,2,train,data/raw/SeabedObjects/airplane/plane-021.png,airplane
klsg,2,train,data/raw/SeabedObjects/airplane/plane-023.png,airplane
klsg,2,train,data/raw/SeabedObjects/airplane/plane-024.png,airplane
klsg,2,train,data/raw/SeabedObjects/airplane/plane-026.png,airplane
klsg,2,train,data/raw/SeabedObjects/airplane/plane-027.png,airplane
klsg,2,train,data/raw/SeabedObjects/airplane/plane-028.png,airplane
klsg,2,train,data/raw/SeabedObjects/airplane/plane-029.png,airplane
klsg,2,train,data/raw/SeabedObjects/airplane/plane-030.png,airplane
klsg,2,train,data/raw/SeabedObjects/airplane/plane-032.png,airplane
klsg,2,train,data/raw/SeabedObjects/airplane/plane-033.png,airplane
klsg,2,train,data/raw/SeabedObjects/airplane/plane-034.png,airplane
klsg,2,train,data/raw/SeabedObjects/airplane/plane-036.png,airplane
klsg,2,train,data/raw/SeabedObjects/airplane/plane-037.png,airplane
klsg,2,train,data/raw/SeabedObjects/airplane/plane-038.png,airplane
klsg,2,train,data/raw/SeabedObjects/airplane/plane-039.png,airplane
klsg,2,train,data/raw/SeabedObjects/airplane/plane-041.png,airplane
klsg,2,train,data/raw/SeabedObjects/airplane/plane-042.png,airplane
klsg,2,train,data/raw/SeabedObjects/airplane/plane-045.png,airplane
klsg,2,train,data/raw/SeabedObjects/airplane/plane-046.png,airplane
klsg,2,train,data/raw/SeabedObjects/airplane/plane-047.png,airplane
klsg,2,train,data/raw/SeabedObjects/airplane/plane-048.png,airplane
klsg,2,train,data/raw/SeabedObjects/airplane/plane-049.png,airplane
klsg,2,train,data/raw/SeabedObjects/airplane/plane-050.png,airplane
klsg,2,train,data/raw/SeabedObjects/airplane/plane-053.png,airplane
klsg,2,train,data/raw/SeabedObjects/airplane/plane-054.png,airplane
klsg,2,train,data/raw/SeabedObjects/airplane/plane-055.png,airplane
klsg,2,train,data/raw/SeabedObjects/airplane/plane-056.png,airplane
klsg,2,train,data/raw/SeabedObjects/airplane/plane-057.png,airplane
klsg,2,train,data/raw/SeabedObjects/airplane/plane-058.png,airplane
klsg,2,train,data/raw/SeabedObjects/airplane/plane-059.png,airplane
klsg,2,train,data/raw/SeabedObjects/airplane/plane-061.png,airplane
klsg,2,train,data/raw/SeabedObjects/airplane/plane-062.png,airplane
klsg,2,train,data/raw/SeabedObjects/airplane/plane-063.png,airplane
klsg,2,train,data/raw/SeabedObjects/airplane/plane-064.png,airplane
klsg,2,train,data/raw/SeabedObjects/airplane/plane-065.png,airplane
klsg,2,train,data/raw/SeabedObjects/airplane/plane-066.png,airplane
klsg,2,train,data/raw/SeabedObjects/ship/ship-001.png,ship
klsg,2,train,data/raw/SeabedObjects/ship/ship-002.png,ship
klsg,2,train,data/raw/SeabedObjects/ship/ship-003.png,ship
klsg,2,train,data/raw/SeabedObjects/ship/ship-004.png,ship
klsg,2,train,data/raw/SeabedObjects/ship/ship-005.png,ship
klsg,2,train,data/raw/SeabedObjects/ship/ship-007.png,ship
klsg,2,train,data/raw/SeabedObjects/ship/ship-009.png,ship
klsg,2,train,data/raw/SeabedObjects/ship/ship-010.png,ship
klsg,2,train,data/raw/SeabedObjects/ship/ship-011.png,ship
klsg,2,train,data/raw/SeabedObjects/ship/ship-013.png,ship
klsg,2,train,data/raw/SeabedObjects/ship/ship-014.png,ship
klsg,2,train,data/raw/SeabedObjects/ship/ship-015.png,ship
klsg,2,train,data/raw/SeabedObjects/ship/ship-016.png,ship
klsg,2,train,data/raw/SeabedObjects/ship/ship-017.png,ship
klsg,2,train,data/raw/SeabedObjects/ship/ship-018.png,ship
klsg,2,train,data/raw/SeabedObjects/ship/ship-019.png,ship
klsg,2,train,data/raw/SeabedObjects/ship/ship-021.png,ship
klsg,2,train,data/raw/SeabedObjects/ship/ship-022.png,ship
klsg,2,train,data/raw/SeabedObjects/ship/ship-023.png,ship
klsg,2,train,data/raw/SeabedObjects/ship/ship-024.png,ship
klsg,2,train,data/raw/SeabedObjects/ship/ship-025.png,ship
klsg,2,train,data/raw/SeabedObjects/ship/ship-026.png,ship
klsg,2,train,data/raw/SeabedObjects/ship/ship-027.png,ship
klsg,2,train,data/raw/SeabedObjects/ship/ship-028.png,ship
klsg,2,train,data/raw/SeabedObjects/ship/ship-029.png,ship
klsg,2,train,data/raw/SeabedObjects/ship/ship-031.png,ship
klsg,2,train,data/raw/SeabedObjects/ship/ship-032.png,ship
klsg,2,train,data/raw/SeabedObjects/ship/ship-033.png,ship
klsg,2,train,data/raw/SeabedObjects/ship/ship-034.png,ship
klsg,2,train,data/raw/SeabedObjects/ship/ship-035.png,ship
klsg,2,train,data/raw/SeabedObjects/ship/ship-036.png,ship
klsg,2,train,data/raw/SeabedObjects/ship/ship-038.png,ship
klsg,2,train,data/raw/SeabedObjects/ship/ship-039.png,ship
klsg,2,train,data/raw/SeabedObjects/ship/ship-041.png,ship
klsg,2,train,data/raw/SeabedObjects/ship/ship-042.png,ship
klsg,2,train,data/raw/SeabedObjects/ship/ship-043.png,ship
klsg,2,train,data/raw/SeabedObjects/ship/ship-045.png,ship
klsg,2,train,data/raw/SeabedObjects/ship/ship-047.png,ship
klsg,2,train,data/raw/SeabedObjects/ship/ship-048.png,ship
klsg,2,train,data/raw/SeabedObjects/ship/ship-049.png,ship
klsg,2,train,data/raw/SeabedObjects/ship/ship-050.png,ship
klsg,2,train,data/raw/SeabedObjects/ship/ship-051.png,ship
klsg,2,train,data/raw/SeabedObjects/ship/ship-052.png,ship
klsg,2,train,data/raw/SeabedObjects/ship/ship-054.png,ship
klsg,2,train,data/raw/SeabedObjects/ship/ship-055.png,ship
klsg,2,train,data/raw/SeabedObjects/ship/ship-056.png,ship
klsg,2,train,data/raw/SeabedObjects/ship/ship-057.png,ship
klsg,2,train,data/raw/SeabedObjects/ship/ship-058.png,ship
klsg,2,train,data/raw/SeabedObjects/ship/ship-060.png,ship
klsg,2,train,data/raw/SeabedObjects/ship/ship-061.png,ship
klsg,2,train,data/raw/SeabedObjects/ship/ship-062.png,ship
klsg,2,train,data/raw/SeabedObjects/ship/ship-064.png,ship
klsg,2,train,data/raw/SeabedObjects/ship/ship-066.png,ship
klsg,2,train,data/raw/SeabedObjects/ship/ship-067.png,ship
klsg,2,train,data/raw/SeabedObjects/ship/ship-068.png,ship
klsg,2,train,data/raw/SeabedObjects/ship/ship-070.png,ship
klsg,2,train,data/raw/SeabedObjects/ship/ship-071.png,ship
klsg,2,train,data/raw/SeabedObjects/ship/ship-072.png,ship
klsg,2,train,data/raw/SeabedObjects/ship/ship-073.png,ship
klsg,2,train,data/raw/SeabedObjects/ship/ship-074.png,ship
klsg,2,train,data/raw/SeabedObjects/ship/ship-075.png,ship
klsg,2,train,data/raw/SeabedObjects/ship/ship-076.png,ship
klsg,2,train,data/raw/SeabedObjects/ship/ship-079.png,ship
klsg,2,train,data/raw/SeabedObjects/ship/ship-080.png,ship
klsg,2,train,data/raw/SeabedObjects/ship/ship-081.png,ship
klsg,2,train,data/raw/SeabedObjects/ship/ship-082.png,ship
klsg,2,train,data/raw/SeabedObjects/ship/ship-083.png,ship
klsg,2,train,data/raw/SeabedObjects/ship/ship-084.png,ship
klsg,2,train,data/raw/SeabedObjects/ship/ship-085.png,ship
klsg,2,train,data/raw/SeabedObjects/ship/ship-086.png,ship
klsg,2,train,data/raw/SeabedObjects/ship/ship-087.png,ship
klsg,2,train,data/raw/SeabedObjects/ship/ship-088.png,ship
klsg,2,train,data/raw/SeabedObjects/ship/ship-089.png,ship
klsg,2,train,data/raw/SeabedObjects/ship/ship-090.png,ship
klsg,2,train,data/raw/SeabedObjects/ship/ship-092.png,ship
klsg,2,train,data/raw/SeabedObjects/ship/ship-093.png,ship
klsg,2,train,data/raw/SeabedObjects/ship/ship-094.png,ship
klsg,2,train,data/raw/SeabedObjects/ship/ship-095.png,ship
klsg,2,train,data/raw/SeabedObjects/ship/ship-096.png,ship
klsg,2,train,data/raw/SeabedObjects/ship/ship-097.png,ship
klsg,2,train,data/raw/SeabedObjects/ship/ship-098.png,ship
klsg,2,train,data/raw/SeabedObjects/ship/ship-099.png,ship
klsg,2,train,data/raw/SeabedObjects/ship/ship-100.png,ship
klsg,2,train,data/raw/SeabedObjects/ship/ship-101.png,ship
klsg,2,train,data/raw/SeabedObjects/ship/ship-102.png,ship
klsg,2,train,data/raw/SeabedObjects/ship/ship-104.png,ship
klsg,2,train,data/raw/SeabedObjects/ship/ship-105.png,ship
klsg,2,train,data/raw/SeabedObjects/ship/ship-106.png,ship
klsg,2,train,data/raw/SeabedObjects/ship/ship-107.png,ship
klsg,2,train,data/raw/SeabedObjects/ship/ship-108.png,ship
klsg,2,train,data/raw/SeabedObjects/ship/ship-109.png,ship
klsg,2,train,data/raw/SeabedObjects/ship/ship-110.png,ship
klsg,2,train,data/raw/SeabedObjects/ship/ship-111.png,ship
klsg,2,train,data/raw/SeabedObjects/ship/ship-112.png,ship
klsg,2,train,data/raw/SeabedObjects/ship/ship-113.png,ship
klsg,2,train,data/raw/SeabedObjects/ship/ship-114.png,ship
klsg,2,train,data/raw/SeabedObjects/ship/ship-116.png,ship
klsg,2,train,data/raw/SeabedObjects/ship/ship-117.png,ship
klsg,2,train,data/raw/SeabedObjects/ship/ship-118.png,ship
klsg,2,train,data/raw/SeabedObjects/ship/ship-119.png,ship
klsg,2,train,data/raw/SeabedObjects/ship/ship-120.png,ship
klsg,2,train,data/raw/SeabedObjects/ship/ship-121.png,ship
klsg,2,train,data/raw/SeabedObjects/ship/ship-122.png,ship
klsg,2,train,data/raw/SeabedObjects/ship/ship-123.png,ship
klsg,2,train,data/raw/SeabedObjects/ship/ship-124.png,ship
klsg,2,train,data/raw/SeabedObjects/ship/ship-125.png,ship
klsg,2,train,data/raw/SeabedObjects/ship/ship-126.png,ship
klsg,2,train,data/raw/SeabedObjects/ship/ship-127.png,ship
klsg,2,train,data/raw/SeabedObjects/ship/ship-128.png,ship
klsg,2,train,data/raw/SeabedObjects/ship/ship-129.png,ship
klsg,2,train,data/raw/SeabedObjects/ship/ship-130.png,ship
klsg,2,train,data/raw/SeabedObjects/ship/ship-131.png,ship
klsg,2,train,data/raw/SeabedObjects/ship/ship-132.png,ship
klsg,2,train,data/raw/SeabedObjects/ship/ship-133.png,ship
klsg,2,train,data/raw/SeabedObjects/ship/ship-134.png,ship
klsg,2,train,data/raw/SeabedObjects/ship/ship-135.png,ship
klsg,2,train,data/raw/SeabedObjects/ship/ship-136.png,ship
klsg,2,train,data/raw/SeabedObjects/ship/ship-137.png,ship
klsg,2,train,data/raw/SeabedObjects/ship/ship-138.png,ship
klsg,2,train,data/raw/SeabedObjects/ship/ship-139.png,ship
klsg,2,train,data/raw/SeabedObjects/ship/ship-140.png,ship
klsg,2,train,data/raw/SeabedObjects/ship/ship-141.png,ship
klsg,2,train,data/raw/SeabedObjects/ship/ship-142.png,ship
klsg,2,train,data/raw/SeabedObjects/ship/ship-144.png,ship
klsg,2,train,data/raw/SeabedObjects/ship/ship-145.png,ship
klsg,2,train,data/raw/SeabedObjects/ship/ship-146.png,ship
klsg,2,train,data/raw/SeabedObjects/ship/ship-147.png,ship
klsg,2,train,data/raw/SeabedObjects/ship/ship-148.png,ship
klsg,2,train,data/raw/SeabedObjects/ship/ship-149.png,ship
klsg,2,train,data/raw/SeabedObjects/ship/ship-152.png,ship
klsg,2,train,data/raw/SeabedObjects/ship/ship-155.png,ship
klsg,2,train,data/raw/SeabedObjects/ship/ship-157.png,ship
klsg,2,train,data/raw/SeabedObjects/ship/ship-159.png,ship
klsg,2,train,data/raw/SeabedObjects/ship/ship-160.png,ship
klsg,2,train,data/raw/SeabedObjects/ship/ship-161.png,ship
klsg,2,train,data/raw/SeabedObjects/ship/ship-163.png,ship
klsg,2,train,data/raw/SeabedObjects/ship/ship-164.png,ship
klsg,2,train,data/raw/SeabedObjects/ship/ship-165.png,ship
klsg,2,train,data/raw/SeabedObjects/ship/ship-166.png,ship
klsg,2,train,data/raw/SeabedObjects/ship/ship-167.png,ship
klsg,2,train,data/raw/SeabedObjects/ship/ship-168.png,ship
klsg,2,train,data/raw/SeabedObjects/ship/ship-169.png,ship
klsg,2,train,data/raw/SeabedObjects/ship/ship-171.png,ship
klsg,2,train,data/raw/SeabedObjects/ship/ship-172.png,ship
klsg,2,train,data/raw/SeabedObjects/ship/ship-173.png,ship
klsg,2,train,data/raw/SeabedObjects/ship/ship-175.png,ship
klsg,2,train,data/raw/SeabedObjects/ship/ship-176.png,ship
klsg,2,train,data/raw/SeabedObjects/ship/ship-177.png,ship
klsg,2,train,data/raw/SeabedObjects/ship/ship-178.png,ship
klsg,2,train,data/raw/SeabedObjects/ship/ship-182.png,ship
klsg,2,train,data/raw/SeabedObjects/ship/ship-183.png,ship
klsg,2,train,data/raw/SeabedObjects/ship/ship-184.png,ship
klsg,2,train,data/raw/SeabedObjects/ship/ship-185.png,ship
klsg,2,train,data/raw/SeabedObjects/ship/ship-187.png,ship
klsg,2,train,data/raw/SeabedObjects/ship/ship-189.png,ship
klsg,2,train,data/raw/SeabedObjects/ship/ship-191.png,ship
klsg,2,train,data/raw/SeabedObjects/ship/ship-192.png,ship
klsg,2,train,data/raw/SeabedObjects/ship/ship-193.png,ship
klsg,2,train,data/raw/SeabedObjects/ship/ship-194.png,ship
klsg,2,train,data/raw/SeabedObjects/ship/ship-195.png,ship
klsg,2,train,data/raw/SeabedObjects/ship/ship-196.png,ship
klsg,2,train,data/raw/SeabedObjects/ship/ship-197.png,ship
klsg,2,train,data/raw/SeabedObjects/ship/ship-199.png,ship
klsg,2,train,data/raw/SeabedObjects/ship/ship-200.png,ship
klsg,2,train,data/raw/SeabedObjects/ship/ship-202.png,ship
klsg,2,train,data/raw/SeabedObjects/ship/ship-203.png,ship
klsg,2,train,data/raw/SeabedObjects/ship/ship-205.png,ship
klsg,2,train,data/raw/SeabedObjects/ship/ship-206.png,ship
klsg,2,train,data/raw/SeabedObjects/ship/ship-207.png,ship
klsg,2,train,data/raw/SeabedObjects/ship/ship-208.png,ship
klsg,2,train,data/raw/SeabedObjects/ship/ship-209.png,ship
klsg,2,train,data/raw/SeabedObjects/ship/ship-212.png,ship
klsg,2,train,data/raw/SeabedObjects/ship/ship-213.png,ship
klsg,2,train,data/raw/SeabedObjects/ship/ship-214.png,ship
klsg,2,train,data/raw/SeabedObjects/ship/ship-215.png,ship
klsg,2,train,data/raw/SeabedObjects/ship/ship-216.png,ship
klsg,2,train,data/raw/SeabedObjects/ship/ship-217.png,ship
klsg,2,train,data/raw/SeabedObjects/ship/ship-218.png,ship
klsg,2,train,data/raw/SeabedObjects/ship/ship-219.png,ship
klsg,2,train,data/raw/SeabedObjects/ship/ship-220.png,ship
klsg,2,train,data/raw/SeabedObjects/ship/ship-221.png,ship
klsg,2,train,data/raw/SeabedObjects/ship/ship-222.png,ship
klsg,2,train,data/raw/SeabedObjects/ship/ship-223.png,ship
klsg,2,train,data/raw/SeabedObjects/ship/ship-225.png,ship
klsg,2,train,data/raw/SeabedObjects/ship/ship-226.png,ship
klsg,2,train,data/raw/SeabedObjects/ship/ship-228.png,ship
klsg,2,train,data/raw/SeabedObjects/ship/ship-229.png,ship
klsg,2,train,data/raw/SeabedObjects/ship/ship-230.png,ship
klsg,2,train,data/raw/SeabedObjects/ship/ship-231.png,ship
klsg,2,train,data/raw/SeabedObjects/ship/ship-234.png,ship
klsg,2,train,data/raw/SeabedObjects/ship/ship-235.png,ship
klsg,2,train,data/raw/SeabedObjects/ship/ship-236.png,ship
klsg,2,train,data/raw/SeabedObjects/ship/ship-237.png,ship
klsg,2,train,data/raw/SeabedObjects/ship/ship-238.png,ship
klsg,2,train,data/raw/SeabedObjects/ship/ship-241.png,ship
klsg,2,train,data/raw/SeabedObjects/ship/ship-242.png,ship
klsg,2,train,data/raw/SeabedObjects/ship/ship-243.png,ship
klsg,2,train,data/raw/SeabedObjects/ship/ship-244.png,ship
klsg,2,train,data/raw/SeabedObjects/ship/ship-246.png,ship
klsg,2,train,data/raw/SeabedObjects/ship/ship-247.png,ship
klsg,2,train,data/raw/SeabedObjects/ship/ship-248.png,ship
klsg,2,train,data/raw/SeabedObjects/ship/ship-250.png,ship
klsg,2,train,data/raw/SeabedObjects/ship/ship-251.png,ship
klsg,2,train,data/raw/SeabedObjects/ship/ship-252.png,ship
klsg,2,train,data/raw/SeabedObjects/ship/ship-253.png,ship
klsg,2,train,data/raw/SeabedObjects/ship/ship-254.png,ship
klsg,2,train,data/raw/SeabedObjects/ship/ship-257.png,ship
klsg,2,train,data/raw/SeabedObjects/ship/ship-259.png,ship
klsg,2,train,data/raw/SeabedObjects/ship/ship-260.png,ship
klsg,2,train,data/raw/SeabedObjects/ship/ship-261.png,ship
klsg,2,train,data/raw/SeabedObjects/ship/ship-262.png,ship
klsg,2,train,data/raw/SeabedObjects/ship/ship-263.png,ship
klsg,2,train,data/raw/SeabedObjects/ship/ship-264.png,ship
klsg,2,train,data/raw/SeabedObjects/ship/ship-265.png,ship
klsg,2,train,data/raw/SeabedObjects/ship/ship-266.png,ship
klsg,2,train,data/raw/SeabedObjects/ship/ship-267.png,ship
klsg,2,train,data/raw/SeabedObjects/ship/ship-268.png,ship
klsg,2,train,data/raw/SeabedObjects/ship/ship-270.png,ship
klsg,2,train,data/raw/SeabedObjects/ship/ship-271.png,ship
klsg,2,train,data/raw/SeabedObjects/ship/ship-272.png,ship
klsg,2,train,data/raw/SeabedObjects/ship/ship-273.png,ship
klsg,2,train,data/raw/SeabedObjects/ship/ship-274.png,ship
klsg,2,train,data/raw/SeabedObjects/ship/ship-275.png,ship
klsg,2,train,data/raw/SeabedObjects/ship/ship-277.png,ship
klsg,2,train,data/raw/SeabedObjects/ship/ship-278.png,ship
klsg,2,train,data/raw/SeabedObjects/ship/ship-279.png,ship
klsg,2,train,data/raw/SeabedObjects/ship/ship-280.png,ship
klsg,2,train,data/raw/SeabedObjects/ship/ship-283.png,ship
klsg,2,train,data/raw/SeabedObjects/ship/ship-284.png,ship
klsg,2,train,data/raw/SeabedObjects/ship/ship-286.png,ship
klsg,2,train,data/raw/SeabedObjects/ship/ship-287.png,ship
klsg,2,train,data/raw/SeabedObjects/ship/ship-288.png,ship
klsg,2,train,data/raw/SeabedObjects/ship/ship-290.png,ship
klsg,2,train,data/raw/SeabedObjects/ship/ship-291.png,ship
klsg,2,train,data/raw/SeabedObjects/ship/ship-292.png,ship
klsg,2,train,data/raw/SeabedObjects/ship/ship-293.png,ship
klsg,2,train,data/raw/SeabedObjects/ship/ship-294.png,ship
klsg,2,train,data/raw/SeabedObjects/ship/ship-295.png,ship
klsg,2,train,data/raw/SeabedObjects/ship/ship-296.png,ship
klsg,2,train,data/raw/SeabedObjects/ship/ship-297.png,ship
klsg,2,train,data/raw/SeabedObjects/ship/ship-298.png,ship
klsg,2,train,data/raw/SeabedObjects/ship/ship-299.png,ship
klsg,2,train,data/raw/SeabedObjects/ship/ship-301.png,ship
klsg,2,train,data/raw/SeabedObjects/ship/ship-302.png,ship
klsg,2,train,data/raw/SeabedObjects/ship/ship-303.png,ship
klsg,2,train,data/raw/SeabedObjects/ship/ship-304.png,ship
klsg,2,train,data/raw/SeabedObjects/ship/ship-305.png,ship
klsg,2,train,data/raw/SeabedObjects/ship/ship-306.png,ship
klsg,2,train,data/raw/SeabedObjects/ship/ship-307.png,ship
klsg,2,train,data/raw/SeabedObjects/ship/ship-310.png,ship
klsg,2,train,data/raw/SeabedObjects/ship/ship-311.png,ship
klsg,2,train,data/raw/SeabedObjects/ship/ship-312.png,ship
klsg,2,train,data/raw/SeabedObjects/ship/ship-313.png,ship
klsg,2,train,data/raw/SeabedObjects/ship/ship-314.png,ship
klsg,2,train,data/raw/SeabedObjects/ship/ship-315.png,ship
klsg,2,train,data/raw/SeabedObjects/ship/ship-316.png,ship
klsg,2,train,data/raw/SeabedObjects/ship/ship-317.png,ship
klsg,2,train,data/raw/SeabedObjects/ship/ship-319.png,ship
klsg,2,train,data/raw/SeabedObjects/ship/ship-321.png,ship
klsg,2,train,data/raw/SeabedObjects/ship/ship-322.png,ship
klsg,2,train,data/raw/SeabedObjects/ship/ship-323.png,ship
klsg,2,train,data/raw/SeabedObjects/ship/ship-324.png,ship
klsg,2,train,data/raw/SeabedObjects/ship/ship-325.png,ship
klsg,2,train,data/raw/SeabedObjects/ship/ship-326.png,ship
klsg,2,train,data/raw/SeabedObjects/ship/ship-327.png,ship
klsg,2,train,data/raw/SeabedObjects/ship/ship-328.png,ship
klsg,2,train,data/raw/SeabedObjects/ship/ship-329.png,ship
klsg,2,train,data/raw/SeabedObjects/ship/ship-330.png,ship
klsg,2,train,data/raw/SeabedObjects/ship/ship-331.png,ship
klsg,2,train,data/raw/SeabedObjects/ship/ship-332.png,ship
klsg,2,train,data/raw/SeabedObjects/ship/ship-333.png,ship
klsg,2,train,data/raw/SeabedObjects/ship/ship-334.png,ship
klsg,2,train,data/raw/SeabedObjects/ship/ship-335.png,ship
klsg,2,train,data/raw/SeabedObjects/ship/ship-336.png,ship
klsg,2,train,data/raw/SeabedObjects/ship/ship-337.png,ship
klsg,2,train,data/raw/SeabedObjects/ship/ship-338.png,ship
klsg,2,train,data/raw/SeabedObjects/ship/ship-339.png,ship
klsg,2,train,data/raw/SeabedObjects/ship/ship-340.png,ship
klsg,2,train,data/raw/SeabedObjects/ship/ship-342.png,ship
klsg,2,train,data/raw/SeabedObjects/ship/ship-343.png,ship
klsg,2,train,data/raw/SeabedObjects/ship/ship-344.png,ship
klsg,2,train,data/raw/SeabedObjects/ship/ship-345.png,ship
klsg,2,train,data/raw/SeabedObjects/ship/ship-346.png,ship
klsg,2,train,data/raw/SeabedObjects/ship/ship-350.png,ship
klsg,2,train,data/raw/SeabedObjects/ship/ship-351.png,ship
klsg,2,train,data/raw/SeabedObjects/ship/ship-352.png,ship
klsg,2,train,data/raw/SeabedObjects/ship/ship-354.png,ship
klsg,2,train,data/raw/SeabedObjects/ship/ship-355.png,ship
klsg,2,train,data/raw/SeabedObjects/ship/ship-356.png,ship
klsg,2,train,data/raw/SeabedObjects/ship/ship-357.png,ship
klsg,2,train,data/raw/SeabedObjects/ship/ship-358.png,ship
klsg,2,train,data/raw/SeabedObjects/ship/ship-360.png,ship
klsg,2,train,data/raw/SeabedObjects/ship/ship-361.png,ship
klsg,2,train,data/raw/SeabedObjects/ship/ship-362.png,ship
klsg,2,train,data/raw/SeabedObjects/ship/ship-363.png,ship
klsg,2,train,data/raw/SeabedObjects/ship/ship-364.png,ship
klsg,2,train,data/raw/SeabedObjects/ship/ship-365.png,ship
klsg,2,train,data/raw/SeabedObjects/ship/ship-366.png,ship
klsg,2,train,data/raw/SeabedObjects/ship/ship-367.png,ship
klsg,2,train,data/raw/SeabedObjects/ship/ship-368.png,ship
klsg,2,train,data/raw/SeabedObjects/ship/ship-369.png,ship
klsg,2,train,data/raw/SeabedObjects/ship/ship-371.png,ship
klsg,2,train,data/raw/SeabedObjects/ship/ship-373.png,ship
klsg,2,train,data/raw/SeabedObjects/ship/ship-374.png,ship
klsg,2,train,data/raw/SeabedObjects/ship/ship-375.png,ship
klsg,2,train,data/raw/SeabedObjects/ship/ship-376.png,ship
klsg,2,train,data/raw/SeabedObjects/ship/ship-377.png,ship
klsg,2,train,data/raw/SeabedObjects/ship/ship-378.png,ship
klsg,2,train,data/raw/SeabedObjects/ship/ship-379.png,ship
klsg,2,train,data/raw/SeabedObjects/ship/ship-380.png,ship
klsg,2,train,data/raw/SeabedObjects/ship/ship-381.png,ship
klsg,2,train,data/raw/SeabedObjects/ship/ship-382.png,ship
klsg,2,train,data/raw/SeabedObjects/ship/ship-384.png,ship
klsg,2,train,data/raw/SeabedObjects/ship/ship-385.png,ship
klsg,2,train,data/raw/SeabedObjects/ship/ship-387.png,ship
klsg,2,train,data/raw/SeabedObjects/ship/ship-388.png,ship
klsg,2,train,data/raw/SeabedObjects/ship/ship-389.png,ship
klsg,2,train,data/raw/SeabedObjects/ship/ship-390.png,ship
klsg,2,train,data/raw/SeabedObjects/ship/ship-391.png,ship
klsg,2,train,data/raw/SeabedObjects/ship/ship-392.png,ship
klsg,2,train,data/raw/SeabedObjects/ship/ship-393.png,ship
klsg,2,train,data/raw/SeabedObjects/ship/ship-394.png,ship
klsg,2,train,data/raw/SeabedObjects/ship/ship-396.png,ship
klsg,2,train,data/raw/SeabedObjects/ship/ship-398.png,ship
klsg,2,train,data/raw/SeabedObjects/ship/ship-399.png,ship
klsg,2,train,data/raw/SeabedObjects/ship/ship-401.png,ship
klsg,2,train,data/raw/SeabedObjects/ship/ship-402.png,ship
klsg,2,train,data/raw/SeabedObjects/ship/ship-404.png,ship
klsg,2,train,data/raw/SeabedObjects/ship/ship-405.png,ship
klsg,2,train,data/raw/SeabedObjects/ship/ship-407.png,ship
klsg,2,train,data/raw/SeabedObjects/ship/ship-409.png,ship
klsg,2,train,data/raw/SeabedObjects/ship/ship-410.png,ship
klsg,2,train,data/raw/SeabedObjects/ship/ship-411.png,ship
klsg,2,train,data/raw/SeabedObjects/ship/ship-414.png,ship
klsg,2,train,data/raw/SeabedObjects/ship/ship-415.png,ship
klsg,2,train,data/raw/SeabedObjects/ship/ship-416.png,ship
klsg,2,train,data/raw/SeabedObjects/ship/ship-417.png,ship
klsg,2,train,data/raw/SeabedObjects/ship/ship-418.png,ship
klsg,2,train,data/raw/SeabedObjects/ship/ship-420.png,ship
klsg,2,train,data/raw/SeabedObjects/ship/ship-422.png,ship
klsg,2,train,data/raw/SeabedObjects/ship/ship-423.png,ship
klsg,2,train,data/raw/SeabedObjects/ship/ship-424.png,ship
klsg,2,train,data/raw/SeabedObjects/ship/ship-427.png,ship
klsg,2,train,data/raw/SeabedObjects/ship/ship-429.png,ship
klsg,2,train,data/raw/SeabedObjects/ship/ship-430.png,ship
klsg,2,train,data/raw/SeabedObjects/ship/ship-431.png,ship
klsg,2,train,data/raw/SeabedObjects/ship/ship-432.png,ship
klsg,2,train,data/raw/SeabedObjects/ship/ship-433.png,ship
klsg,2,train,data/raw/SeabedObjects/ship/ship-434.png,ship
klsg,2,train,data/raw/SeabedObjects/ship/ship-435.png,ship
klsg,2,train,data/raw/SeabedObjects/ship/ship-436.png,ship
klsg,2,train,data/raw/SeabedObjects/ship/ship-437.png,ship
klsg,2,train,data/raw/SeabedObjects/ship/ship-438.png,ship
klsg,2,train,data/raw/SeabedObjects/ship/ship-439.png,ship
klsg,2,train,data/raw/SeabedObjects/ship/ship-440.png,ship
klsg,2,train,data/raw/SeabedObjects/ship/ship-441.png,ship
klsg,2,train,data/raw/SeabedObjects/ship/ship-442.png,ship
klsg,2,train,data/raw/SeabedObjects/ship/ship-443.png,ship
klsg,2,train,data/raw/SeabedObjects/ship/ship-444.png,ship
klsg,2,train,data/raw/SeabedObjects/ship/ship-445.png,ship
klsg,2,train,data/raw/SeabedObjects/ship/ship-446.png,ship
klsg,2,train,data/raw/SeabedObjects/ship/ship-447.png,ship
klsg,2,train,data/raw/SeabedObjects/ship/ship-448.png,ship
klsg,2,train,data/raw/SeabedObjects/ship/ship-450.png,ship
klsg,2,train,data/raw/SeabedObjects/ship/ship-452.png,ship
klsg,2,train,data/raw/SeabedObjects/ship/ship-453.png,ship
klsg,2,train,data/raw/SeabedObjects/ship/ship-454.png,ship
klsg,2,train,data/raw/SeabedObjects/ship/ship-458.png,ship
klsg,2,train,data/raw/SeabedObjects/ship/ship-459.png,ship
klsg,2,train,data/raw/SeabedObjects/ship/ship-462.png,ship
klsg,2,train,data/raw/SeabedObjects/ship/ship-464.png,ship
klsg,2,train,data/raw/SeabedObjects/ship/ship-465.png,ship
klsg,2,train,data/raw/SeabedObjects/ship/ship-467.png,ship
klsg,2,train,data/raw/SeabedObjects/ship/ship-469.png,ship
klsg,2,train,data/raw/SeabedObjects/ship/ship-470.png,ship
klsg,2,train,data/raw/SeabedObjects/ship/ship-472.png,ship
klsg,2,train,data/raw/SeabedObjects/ship/ship-473.png,ship
klsg,2,train,data/raw/SeabedObjects/ship/ship-474.png,ship
klsg,2,train,data/raw/SeabedObjects/ship/ship-476.png,ship
klsg,2,train,data/raw/SeabedObjects/ship/ship-477.png,ship
klsg,2,train,data/raw/SeabedObjects/ship/ship-478.png,ship
klsg,2,train,data/raw/SeabedObjects/ship/ship-479.png,ship
klsg,2,train,data/raw/SeabedObjects/ship/ship-480.png,ship
klsg,2,train,data/raw/SeabedObjects/ship/ship-481.png,ship
klsg,2,train,data/raw/SeabedObjects/ship/ship-482.png,ship
klsg,2,train,data/raw/SeabedObjects/ship/ship-483.png,ship
klsg,2,train,data/raw/SeabedObjects/ship/ship-484.png,ship
klsg,2,train,data/raw/SeabedObjects/ship/ship-486.png,ship
klsg,2,train,data/raw/SeabedObjects/ship/ship-487.png,ship
klsg,2,test,data/raw/SeabedObjects/airplane/plane-010.png,airplane
klsg,2,test,data/raw/SeabedObjects/airplane/plane-011.png,airplane
klsg,2,test,data/raw/SeabedObjects/airplane/plane-015.png,airplane
klsg,2,test,data/raw/SeabedObjects/airplane/plane-022.png,airplane
klsg,2,test,data/raw/SeabedObjects/airplane/plane-025.png,airplane
klsg,2,test,data/raw/SeabedObjects/airplane/plane-031.png,airplane
klsg,2,test,data/raw/SeabedObjects/airplane/plane-035.png,airplane
klsg,2,test,data/raw/SeabedObjects/airplane/plane-040.png,airplane
klsg,2,test,data/raw/SeabedObjects/airplane/plane-043.png,airplane
klsg,2,test,data/raw/SeabedObjects/airplane/plane-044.png,airplane
klsg,2,test,data/raw/SeabedObjects/airplane/plane-051.png,airplane
klsg,2,test,data/raw/SeabedObjects/airplane/plane-052.png,airplane
klsg,2,test,data/raw/SeabedObjects/airplane/plane-060.png,airplane
klsg,2,test,data/raw/SeabedObjects/ship/ship-006.png,ship
klsg,2,test,data/raw/SeabedObjects/ship/ship-008.png,ship
klsg,2,test,data/raw/SeabedObjects/ship/ship-012.png,ship
klsg,2,test,data/raw/SeabedObjects/ship/ship-020.png,ship
klsg,2,test,data/raw/SeabedObjects/ship/ship-030.png,ship
klsg,2,test,data/raw/SeabedObjects/ship/ship-037.png,ship
klsg,2,test,data/raw/SeabedObjects/ship/ship-040.png,ship
klsg,2,test,data/raw/SeabedObjects/ship/ship-044.png,ship
klsg,2,test,data/raw/SeabedObjects/ship/ship-046.png,ship
klsg,2,test,data/raw/SeabedObjects/ship/ship-053.png,ship
klsg,2,test,data/raw/SeabedObjects/ship/ship-059.png,ship
klsg,2,test,data/raw/SeabedObjects/ship/ship-063.png,ship
klsg,2,test,data/raw/SeabedObjects/ship/ship-065.png,ship
klsg,2,test,data/raw/SeabedObjects/ship/ship-069.png,ship
klsg,2,test,data/raw/SeabedObjects/ship/ship-077.png,ship
klsg,2,test,data/raw/SeabedObjects/ship/ship-078.png,ship
klsg,2,test,data/raw/SeabedObjects/ship/ship-091.png,ship
klsg,2,test,data/raw/SeabedObjects/ship/ship-103.png,ship
klsg,2,test,data/raw/SeabedObjects/ship/ship-115.png,ship
klsg,2,test,data/raw/SeabedObjects/ship/ship-143.png,ship
klsg,2,test,data/raw/SeabedObjects/ship/ship-150.png,ship
klsg,2,test,data/raw/SeabedObjects/ship/ship-151.png,ship
klsg,2,test,data/raw/SeabedObjects/ship/ship-153.png,ship
klsg,2,test,data/raw/SeabedObjects/ship/ship-154.png,ship
klsg,2,test,data/raw/SeabedObjects/ship/ship-156.png,ship
klsg,2,test,data/raw/SeabedObjects/ship/ship-158.png,ship
klsg,2,test,data/raw/SeabedObjects/ship/ship-162.png,ship
klsg,2,test,data/raw/SeabedObjects/ship/ship-170.png,ship
klsg,2,test,data/raw/SeabedObjects/ship/ship-174.png,ship
klsg,2,test,data/raw/SeabedObjects/ship/ship-179.png,ship
klsg,2,test,data/raw/SeabedObjects/ship/ship-180.png,ship
klsg,2,test,data/raw/SeabedObjects/ship/ship-181.png,ship
klsg,2,test,data/raw/SeabedObjects/ship/ship-186.png,ship
klsg,2,test,data/raw/SeabedObjects/ship/ship-188.png,ship
klsg,2,test,data/raw/SeabedObjects/ship/ship-190.png,ship
klsg,2,test,data/raw/SeabedObjects/ship/ship-198.png,ship
klsg,2,test,data/raw/SeabedObjects/ship/ship-201.png,ship
klsg,2,test,data/raw/SeabedObjects/ship/ship-204.png,ship
klsg,2,test,data/raw/SeabedObjects/ship/ship-210.png,ship
klsg,2,test,data/raw/SeabedObjects/ship/ship-211.png,ship
klsg,2,test,data/raw/SeabedObjects/ship/ship-224.png,ship
klsg,2,test,data/raw/SeabedObjects/ship/ship-227.png,ship
klsg,2,test,data/raw/SeabedObjects/ship/ship-232.png,ship
klsg,2,test,data/raw/SeabedObjects/ship/ship-233.png,ship
klsg,2,test,data/raw/SeabedObjects/ship/ship-239.png,ship
klsg,2,test,data/raw/SeabedObjects/ship/ship-240.png,ship
klsg,2,test,data/raw/SeabedObjects/ship/ship-245.png,ship
klsg,2,test,data/raw/SeabedObjects/ship/ship-249.png,ship
klsg,2,test,data/raw/SeabedObjects/ship/ship-255.png,ship
klsg,2,test,data/raw/SeabedObjects/ship/ship-256.png,ship
klsg,2,test,data/raw/SeabedObjects/ship/ship-258.png,ship
klsg,2,test,data/raw/SeabedObjects/ship/ship-269.png,ship
klsg,2,test,data/raw/SeabedObjects/ship/ship-276.png,ship
klsg,2,test,data/raw/SeabedObjects/ship/ship-281.png,ship
klsg,2,test,data/raw/SeabedObjects/ship/ship-282.png,ship
klsg,2,test,data/raw/SeabedObjects/ship/ship-285.png,ship
klsg,2,test,data/raw/SeabedObjects/ship/ship-289.png,ship
klsg,2,test,data/raw/SeabedObjects/ship/ship-300.png,ship
klsg,2,test,data/raw/SeabedObjects/ship/ship-308.png,ship
klsg,2,test,data/raw/SeabedObjects/ship/ship-309.png,ship
klsg,2,test,data/raw/SeabedObjects/ship/ship-318.png,ship
klsg,2,test,data/raw/SeabedObjects/ship/ship-320.png,ship
klsg,2,test,data/raw/SeabedObjects/ship/ship-341.png,ship
klsg,2,test,data/raw/SeabedObjects/ship/ship-347.png,ship
klsg,2,test,data/raw/SeabedObjects/ship/ship-348.png,ship
klsg,2,test,data/raw/SeabedObjects/ship/ship-349.png,ship
klsg,2,test,data/raw/SeabedObjects/ship/ship-353.png,ship
klsg,2,test,data/raw/SeabedObjects/ship/ship-359.png,ship
klsg,2,test,data/raw/SeabedObjects/ship/ship-370.png,ship
klsg,2,test,data/raw/SeabedObjects/ship/ship-372.png,ship
klsg,2,test,data/raw/SeabedObjects/ship/ship-383.png,ship
klsg,2,test,data/raw/SeabedObjects/ship/ship-386.png,ship
klsg,2,test,data/raw/SeabedObjects/ship/ship-395.png,ship
klsg,2,test,data/raw/SeabedObjects/ship/ship-397.png,ship
klsg,2,test,data/raw/SeabedObjects/ship/ship-400.png,ship
klsg,2,test,data/raw/SeabedObjects/ship/ship-403.png,ship
klsg,2,test,data/raw/SeabedObjects/ship/ship-406.png,ship
klsg,2,test,data/raw/SeabedObjects/ship/ship-408.png,ship
klsg,2,test,data/raw/SeabedObjects/ship/ship-412.png,ship
klsg,2,test,data/raw/SeabedObjects/ship/ship-413.png,ship
klsg,2,test,data/raw/SeabedObjects/ship/ship-419.png,ship
klsg,2,test,data/raw/SeabedObjects/ship/ship-421.png,ship
klsg,2,test,data/raw/SeabedObjects/ship/ship-425.png,ship
klsg,2,test,data/raw/SeabedObjects/ship/ship-426.png,ship
klsg,2,test,data/raw/SeabedObjects/ship/ship-428.png,ship
klsg,2,test,data/raw/SeabedObjects/ship/ship-449.png,ship
klsg,2,test,data/raw/SeabedObjects/ship/ship-451.png,ship
klsg,2,test,data/raw/SeabedObjects/ship/ship-455.png,ship
klsg,2,test,data/raw/SeabedObjects/ship/ship-456.png,ship
klsg,2,test,data/raw/SeabedObjects/ship/ship-457.png,ship
klsg,2,test,data/raw/SeabedObjects/ship/ship-460.png,ship
klsg,2,test,data/raw/SeabedObjects/ship/ship-461.png,ship
klsg,2,test,data/raw/SeabedObjects/ship/ship-463.png,ship
klsg,2,test,data/raw/SeabedObjects/ship/ship-466.png,ship
klsg,2,test,data/raw/SeabedObjects/ship/ship-468.png,ship
klsg,2,test,data/raw/SeabedObjects/ship/ship-471.png,ship
klsg,2,test,data/raw/SeabedObjects/ship/ship-475.png,ship
klsg,2,test,data/raw/SeabedObjects/ship/ship-485.png,ship
klsg,3,train,data/raw/SeabedObjects/airplane/plane-001.png,airplane
klsg,3,train,data/raw/SeabedObjects/airplane/plane-002.png,airplane
klsg,3,train,data/raw/SeabedObjects/airplane/plane-003.png,airplane
klsg,3,train,data/raw/SeabedObjects/airplane/plane-005.png,airplane
klsg,3,train,data/raw/SeabedObjects/airplane/plane-006.png,airplane
klsg,3,train,data/raw/SeabedObjects/airplane/plane-007.png,airplane
klsg,3,train,data/raw/SeabedObjects/airplane/plane-008.png,airplane
klsg,3,train,data/raw/SeabedObjects/airplane/plane-009.png,airplane
klsg,3,train,data/raw/SeabedObjects/airplane/plane-010.png,airplane
klsg,3,train,data/raw/SeabedObjects/airplane/plane-011.png,airplane
klsg,3,train,data/raw/SeabedObjects/airplane/plane-012.png,airplane
klsg,3,train,data/raw/SeabedObjects/airplane/plane-014.png,airplane
klsg,3,train,data/raw/SeabedObjects/airplane/plane-015.png,airplane
klsg,3,train,data/raw/SeabedObjects/airplane/plane-016.png,airplane
klsg,3,train,data/raw/SeabedObjects/airplane/plane-017.png,airplane
klsg,3,train,data/raw/SeabedObjects/airplane/plane-018.png,airplane
klsg,3,train,data/raw/SeabedObjects/airplane/plane-020.png,airplane
klsg,3,train,data/raw/SeabedObjects/airplane/plane-021.png,airplane
klsg,3,train,data/raw/SeabedObjects/airplane/plane-022.png,airplane
klsg,3,train,data/raw/SeabedObjects/airplane/plane-023.png,airplane
klsg,3,train,data/raw/SeabedObjects/airplane/plane-025.png,airplane
klsg,3,train,data/raw/SeabedObjects/airplane/plane-026.png,airplane
klsg,3,train,data/raw/SeabedObjects/airplane/plane-027.png,airplane
klsg,3,train,data/raw/SeabedObjects/airplane/plane-028.png,airplane
klsg,3,train,data/raw/SeabedObjects/airplane/plane-029.png,airplane
klsg,3,train,data/raw/SeabedObjects/airplane/plane-031.png,airplane
klsg,3,train,data/raw/SeabedObjects/airplane/plane-033.png,airplane
klsg,3,train,data/raw/SeabedObjects/airplane/plane-034.png,airplane
klsg,3,train,data/raw/SeabedObjects/airplane/plane-035.png,airplane
klsg,3,train,data/raw/SeabedObjects/airplane/plane-036.png,airplane
klsg,3,train,data/raw/SeabedObjects/airplane/plane-037.png,airplane
klsg,3,train,data/raw/SeabedObjects/airplane/plane-039.png,airplane
klsg,3,train,data/raw/SeabedObjects/airplane/plane-040.png,airplane
klsg,3,train,data/raw/SeabedObjects/airplane/plane-041.png,airplane
klsg,3,train,data/raw/SeabedObjects/airplane/plane-043.png,airplane
klsg,3,train,data/raw/SeabedObjects/airplane/plane-044.png,airplane
klsg,3,train,data/raw/SeabedObjects/airplane/plane-047.png,airplane
klsg,3,train,data/raw/SeabedObjects/airplane/plane-048.png,airplane
klsg,3,train,data/raw/SeabedObjects/airplane/plane-049.png,airplane
klsg,3,train,data/raw/SeabedObjects/airplane/plane-050.png,airplane
klsg,3,train,data/raw/SeabedObjects/airplane/plane-051.png,airplane
klsg,3,train,data/raw/SeabedObjects/airplane/plane-052.png,airplane
klsg,3,train,data/raw/SeabedObjects/airplane/plane-054.png,airplane
klsg,3,train,data/raw/SeabedObjects/airplane/plane-055.png,airplane
klsg,3,train,data/raw/SeabedObjects/airplane/plane-056.png,airplane
klsg,3,train,data/raw/SeabedObjects/airplane/plane-057.png,airplane
klsg,3,train,data/raw/SeabedObjects/airplane/plane-058.png,airplane
klsg,3,train,data/raw/SeabedObjects/airplane/plane-059.png,airplane
klsg,3,train,data/raw/SeabedObjects/airplane/plane-060.png,airplane
klsg,3,train,data/raw/SeabedObjects/airplane/plane-061.png,airplane
klsg,3,train,data/raw/SeabedObjects/airplane/plane-062.png,airplane
klsg,3,train,data/raw/SeabedObjects/airplane/plane-063.png,airplane
klsg,3,train,data/raw/SeabedObjects/airplane/plane-065.png,airplane
klsg,3,train,data/raw/SeabedObjects/ship/ship-002.png,ship
klsg,3,train,data/raw/SeabedObjects/ship/ship-004.png,ship
klsg,3,train,data/raw/SeabedObjects/ship/ship-006.png,ship
klsg,3,train,data/raw/SeabedObjects/ship/ship-007.png,ship
klsg,3,train,data/raw/SeabedObjects/ship/ship-008.png,ship
klsg,3,train,data/raw/SeabedObjects/ship/ship-009.png,ship
klsg,3,train,data/raw/SeabedObjects/ship/ship-010.png,ship
klsg,3,train,data/raw/SeabedObjects/ship/ship-011.png,ship
klsg,3,train,data/raw/SeabedObjects/ship/ship-012.png,ship
klsg,3,train,data/raw/SeabedObjects/ship/ship-013.png,ship
klsg,3,train,data/raw/SeabedObjects/ship/ship-014.png,ship
klsg,3,train,data/raw/SeabedObjects/ship/ship-017.png,ship
klsg,3,train,data/raw/SeabedObjects/ship/ship-018.png,ship
klsg,3,train,data/raw/SeabedObjects/ship/ship-019.png,ship
klsg,3,train,data/raw/SeabedObjects/ship/ship-020.png,ship
klsg,3,train,data/raw/SeabedObjects/ship/ship-021.png,ship
klsg,3,train,data/raw/SeabedObjects/ship/ship-022.png,ship
klsg,3,train,data/raw/SeabedObjects/ship/ship-023.png,ship
klsg,3,train,data/raw/SeabedObjects/ship/ship-024.png,ship
klsg,3,train,data/raw/SeabedObjects/ship/ship-026.png,ship
klsg,3,train,data/raw/SeabedObjects/ship/ship-027.png,ship
klsg,3,train,data/raw/SeabedObjects/ship/ship-028.png,ship
klsg,3,train,data/raw/SeabedObjects/ship/ship-029.png,ship
klsg,3,train,data/raw/SeabedObjects/ship/ship-030.png,ship
klsg,3,train,data/raw/SeabedObjects/ship/ship-031.png,ship
klsg,3,train,data/raw/SeabedObjects/ship/ship-032.png,ship
klsg,3,train,data/raw/SeabedObjects/ship/ship-033.png,ship
klsg,3,train,data/raw/SeabedObjects/ship/ship-034.png,ship
klsg,3,train,data/raw/SeabedObjects/ship/ship-035.png,ship
klsg,3,train,data/raw/SeabedObjects/ship/ship-037.png,ship
klsg,3,train,data/raw/SeabedObjects/ship/ship-038.png,ship
klsg,3,train,data/raw/SeabedObjects/ship/ship-039.png,ship
klsg,3,train,data/raw/SeabedObjects/ship/ship-040.png,ship
klsg,3,train,data/raw/SeabedObjects/ship/ship-041.png,ship
klsg,3,train,data/raw/SeabedObjects/ship/ship-043.png,ship
klsg,3,train,data/raw/SeabedObjects/ship/ship-044.png,ship
klsg,3,train,data/raw/SeabedObjects/ship/ship-045.png,ship
klsg,3,train,data/raw/SeabedObjects/ship/ship-046.png,ship
klsg,3,train,data/raw/SeabedObjects/ship/ship-047.png,ship
klsg,3,train,data/raw/SeabedObjects/ship/ship-048.png,ship
klsg,3,train,data/raw/SeabedObjects/ship/ship-049.png,ship
klsg,3,train,data/raw/SeabedObjects/ship/ship-050.png,ship
klsg,3,train,data/raw/SeabedObjects/ship/ship-051.png,ship
klsg,3,train,data/raw/SeabedObjects/ship/ship-052.png,ship
klsg,3,train,data/raw/SeabedObjects/ship/ship-053.png,ship
klsg,3,train,data/raw/SeabedObjects/ship/ship-055.png,ship
klsg,3,train,data/raw/SeabedObjects/ship/ship-056.png,ship
klsg,3,train,data/raw/SeabedObjects/ship/ship-057.png,ship
klsg,3,train,data/raw/SeabedObjects/ship/ship-058.png,ship
klsg,3,train,data/raw/SeabedObjects/ship/ship-059.png,ship
klsg,3,train,data/raw/SeabedObjects/ship/ship-060.png,ship
klsg,3,train,data/raw/SeabedObjects/ship/ship-062.png,ship
klsg,3,train,data/raw/SeabedObjects/ship/ship-063.png,ship
klsg,3,train,data/raw/SeabedObjects/ship/ship-064.png,ship
klsg,3,train,data/raw/SeabedObjects/ship/ship-065.png,ship
klsg,3,train,data/raw/SeabedObjects/ship/ship-066.png,ship
klsg,3,train,data/raw/SeabedObjects/ship/ship-067.png,ship
klsg,3,train,data/raw/SeabedObjects/ship/ship-068.png,ship
klsg,3,train,data/raw/SeabedObjects/ship/ship-069.png,ship
klsg,3,train,data/raw/SeabedObjects/ship/ship-070.png,ship
klsg,3,train,data/raw/SeabedObjects/ship/ship-072.png,ship
klsg,3,train,data/raw/SeabedObjects/ship/ship-074.png,ship
klsg,3,train,data/raw/SeabedObjects/ship/ship-075.png,ship
klsg,3,train,data/raw/SeabedObjects/ship/ship-076.png,ship
klsg,3,train,data/raw/SeabedObjects/ship/ship-077.png,ship
klsg,3,train,data/raw/SeabedObjects/ship/ship-078.png,ship
klsg,3,train,data/raw/SeabedObjects/ship/ship-079.png,ship
klsg,3,train,data/raw/SeabedObjects/ship/ship-080.png,ship
klsg,3,train,data/raw/SeabedObjects/ship/ship-081.png,ship
klsg,3,train,data/raw/SeabedObjects/ship/ship-083.png,ship
klsg,3,train,data/raw/SeabedObjects/ship/ship-084.png,ship
klsg,3,train,data/raw/SeabedObjects/ship/ship-085.png,ship
klsg,3,train,data/raw/SeabedObjects/ship/ship-086.png,ship
klsg,3,train,data/raw/SeabedObjects/ship/ship-087.png,ship
klsg,3,train,data/raw/SeabedObjects/ship/ship-089.png,ship
klsg,3,train,data/raw/SeabedObjects/ship/ship-090.png,ship
klsg,3,train,data/raw/SeabedObjects/ship/ship-091.png,ship
klsg,3,train,data/raw/SeabedObjects/ship/ship-092.png,ship
klsg,3,train,data/raw/SeabedObjects/ship/ship-094.png,ship
klsg,3,train,data/raw/SeabedObjects/ship/ship-095.png,ship
klsg,3,train,data/raw/SeabedObjects/ship/ship-096.png,ship
klsg,3,train,data/raw/SeabedObjects/ship/ship-097.png,ship
klsg,3,train,data/raw/SeabedObjects/ship/ship-098.png,ship
klsg,3,train,data/raw/SeabedObjects/ship/ship-099.png,ship
klsg,3,train,data/raw/SeabedObjects/ship/ship-100.png,ship
klsg,3,train,data/raw/SeabedObjects/ship/ship-101.png,ship
klsg,3,train,data/raw/SeabedObjects/ship/ship-102.png,ship
klsg,3,train,data/raw/SeabedObjects/ship/ship-103.png,ship
klsg,3,train,data/raw/SeabedObjects/ship/ship-104.png,ship
klsg,3,train,data/raw/SeabedObjects/ship/ship-105.png,ship
klsg,3,train,data/raw/SeabedObjects/ship/ship-107.png,ship
klsg,3,train,data/raw/SeabedObjects/ship/ship-108.png,ship
klsg,3,train,data/raw/SeabedObjects/ship/ship-109.png,ship
klsg,3,train,data/raw/SeabedObjects/ship/ship-110.png,ship
klsg,3,train,data/raw/SeabedObjects/ship/ship-111.png,ship
klsg,3,train,data/raw/SeabedObjects/ship/ship-113.png,ship
klsg,3,train,data/raw/SeabedObjects/ship/ship-114.png,ship
klsg,3,train,data/raw/SeabedObjects/ship/ship-115.png,ship
klsg,3,train,data/raw/SeabedObjects/ship/ship-116.png,ship
klsg,3,train,data/raw/SeabedObjects/ship/ship-117.png,ship
klsg,3,train,data/raw/SeabedObjects/ship/ship-125.png,ship
klsg,3,train,data/raw/SeabedObjects/ship/ship-126.png,ship
klsg,3,train,data/raw/SeabedObjects/ship/ship-127.png,ship
klsg,3,train,data/raw/SeabedObjects/ship/ship-128.png,ship
klsg,3,train,data/raw/SeabedObjects/ship/ship-129.png,ship
klsg,3,train,data/raw/SeabedObjects/ship/ship-132.png,ship
klsg,3,train,data/raw/SeabedObjects/ship/ship-133.png,ship
klsg,3,train,data/raw/SeabedObjects/ship/ship-134.png,ship
klsg,3,train,data/raw/SeabedObjects/ship/ship-136.png,ship
klsg,3,train,data/raw/SeabedObjects/ship/ship-137.png,ship
klsg,3,train,data/raw/SeabedObjects/ship/ship-138.png,ship
klsg,3,train,data/raw/SeabedObjects/ship/ship-141.png,ship
klsg,3,train,data/raw/SeabedObjects/ship/ship-143.png,ship
klsg,3,train,data/raw/SeabedObjects/ship/ship-145.png,ship
klsg,3,train,data/raw/SeabedObjects/ship/ship-146.png,ship
klsg,3,train,data/raw/SeabedObjects/ship/ship-147.png,ship
klsg,3,train,data/raw/SeabedObjects/ship/ship-149.png,ship
klsg,3,train,data/raw/SeabedObjects/ship/ship-150.png,ship
klsg,3,train,data/raw/SeabedObjects/ship/ship-151.png,ship
klsg,3,train,data/raw/SeabedObjects/ship/ship-153.png,ship
klsg,3,train,data/raw/SeabedObjects/ship/ship-154.png,ship
klsg,3,train,data/raw/SeabedObjects/ship/ship-155.png,ship
klsg,3,train,data/raw/SeabedObjects/ship/ship-156.png,ship
klsg,3,train,data/raw/SeabedObjects/ship/ship-157.png,ship
klsg,3,train,data/raw/SeabedObjects/ship/ship-158.png,ship
klsg,3,train,data/raw/SeabedObjects/ship/ship-159.png,ship
klsg,3,train,data/raw/SeabedObjects/ship/ship-160.png,ship
klsg,3,train,data/raw/SeabedObjects/ship/ship-161.png,ship
klsg,3,train,data/raw/SeabedObjects/ship/ship-162.png,ship
klsg,3,train,data/raw/SeabedObjects/ship/ship-163.png,ship
klsg,3,train,data/raw/SeabedObjects/ship/ship-164.png,ship
klsg,3,train,data/raw/SeabedObjects/ship/ship-165.png,ship
klsg,3,train,data/raw/SeabedObjects/ship/ship-168.png,ship
klsg,3,train,data/raw/SeabedObjects/ship/ship-169.png,ship
klsg,3,train,data/raw/SeabedObjects/ship/ship-170.png,ship
klsg,3,train,data/raw/SeabedObjects/ship/ship-171.png,ship
klsg,3,train,data/raw/SeabedObjects/ship/ship-172.png,ship
klsg,3,train,data/raw/SeabedObjects/ship/ship-173.png,ship
klsg,3,train,data/raw/SeabedObjects/ship/ship-174.png,ship
klsg,3,train,data/raw/SeabedObjects/ship/ship-175.png,ship
klsg,3,train,data/raw/SeabedObjects/ship/ship-176.png,ship
klsg,3,train,data/raw/SeabedObjects/ship/ship-177.png,ship
klsg,3,train,data/raw/SeabedObjects/ship/ship-178.png,ship
klsg,3,train,data/raw/SeabedObjects/ship/ship-179.png,ship
klsg,3,train,data/raw/SeabedObjects/ship/ship-180.png,ship
klsg,3,train,data/raw/SeabedObjects/ship/ship-181.png,ship
klsg,3,train,data/raw/SeabedObjects/ship/ship-183.png,ship
klsg,3,train,data/raw/SeabedObjects/ship/ship-184.png,ship
klsg,3,train,data/raw/SeabedObjects/ship/ship-185.png,ship
klsg,3,train,data/raw/SeabedObjects/ship/ship-186.png,ship
klsg,3,train,data/raw/SeabedObjects/ship/ship-187.png,ship
klsg,3,train,data/raw/SeabedObjects/ship/ship-188.png,ship
klsg,3,train,data/raw/SeabedObjects/ship/ship-189.png,ship
klsg,3,train,data/raw/SeabedObjects/ship/ship-190.png,ship
klsg,3,train,data/raw/SeabedObjects/ship/ship-191.png,ship
klsg,3,train,data/raw/SeabedObjects/ship/ship-192.png,ship
klsg,3,train,data/raw/SeabedObjects/ship/ship-193.png,ship
klsg,3,train,data/raw/SeabedObjects/ship/ship-196.png,ship
klsg,3,train,data/raw/SeabedObjects/ship/ship-197.png,ship
klsg,3,train,data/raw/SeabedObjects/ship/ship-198.png,ship
klsg,3,train,data/raw/SeabedObjects/ship/ship-199.png,ship
klsg,3,train,data/raw/SeabedObjects/ship/ship-200.png,ship
klsg,3,train,data/raw/SeabedObjects/ship/ship-201.png,ship
klsg,3,train,data/raw/SeabedObjects/ship/ship-203.png,ship
klsg,3,train,data/raw/SeabedObjects/ship/ship-204.png,ship
klsg,3,train,data/raw/SeabedObjects/ship/ship-205.png,ship
klsg,3,train,data/raw/SeabedObjects/ship/ship-206.png,ship
klsg,3,train,data/raw/SeabedObjects/ship/ship-209.png,ship
klsg,3,train,data/raw/SeabedObjects/ship/ship-210.png,ship
klsg,3,train,data/raw/SeabedObjects/ship/ship-211.png,ship
klsg,3,train,data/raw/SeabedObjects/ship/ship-212.png,ship
klsg,3,train,data/raw/SeabedObjects/ship/ship-213.png,ship
klsg,3,train,data/raw/SeabedObjects/ship/ship-214.png,ship
klsg,3,train,data/raw/SeabedObjects/ship/ship-215.png,ship
klsg,3,train,data/raw/SeabedObjects/ship/ship-216.png,ship
klsg,3,train,data/raw/SeabedObjects/ship/ship-217.png,ship
klsg,3,train,data/raw/SeabedObjects/ship/ship-218.png,ship
klsg,3,train,data/raw/SeabedObjects/ship/ship-219.png,ship
klsg,3,train,data/raw/SeabedObjects/ship/ship-220.png,ship
klsg,3,train,data/raw/SeabedObjects/ship/ship-221.png,ship
klsg,3,train,data/raw/SeabedObjects/ship/ship-222.png,ship
klsg,3,train,data/raw/SeabedObjects/ship/ship-224.png,ship
klsg,3,train,data/raw/SeabedObjects/ship/ship-225.png,ship
klsg,3,train,data/raw/SeabedObjects/ship/ship-227.png,ship
klsg,3,train,data/raw/SeabedObjects/ship/ship-228.png,ship
klsg,3,train,data/raw/SeabedObjects/ship/ship-229.png,ship
klsg,3,train,data/raw/SeabedObjects/ship/ship-230.png,ship
klsg,3,train,data/raw/SeabedObjects/ship/ship-231.png,ship
klsg,3,train,data/raw/SeabedObjects/ship/ship-232.png,ship
klsg,3,train,data/raw/SeabedObjects/ship/ship-233.png,ship
klsg,3,train,data/raw/SeabedObjects/ship/ship-234.png,ship
klsg,3,train,data/raw/SeabedObjects/ship/ship-235.png,ship
klsg,3,train,data/raw/SeabedObjects/ship/ship-236.png,ship
klsg,3,train,data/raw/SeabedObjects/ship/ship-237.png,ship
klsg,3,train,data/raw/SeabedObjects/ship/ship-238.png,ship
klsg,3,train,data/raw/SeabedObjects/ship/ship-239.png,ship
klsg,3,train,data/raw/SeabedObjects/ship/ship-240.png,ship
klsg,3,train,data/raw/SeabedObjects/ship/ship-241.png,ship
klsg,3,train,data/raw/SeabedObjects/ship/ship-242.png,ship
klsg,3,train,data/raw/SeabedObjects/ship/ship-244.png,ship
klsg,3,train,data/raw/SeabedObjects/ship/ship-245.png,ship
klsg,3,train,data/raw/SeabedObjects/ship/ship-246.png,ship
klsg,3,train,data/raw/SeabedObjects/ship/ship-247.png,ship
klsg,3,train,data/raw/SeabedObjects/ship/ship-248.png,ship
klsg,3,train,data/raw/SeabedObjects/ship/ship-249.png,ship
klsg,3,train,data/raw/SeabedObjects/ship/ship-250.png,ship
klsg,3,train,data/raw/SeabedObjects/ship/ship-251.png,ship
klsg,3,train,data/raw/SeabedObjects/ship/ship-252.png,ship
klsg,3,train,data/raw/SeabedObjects/ship/ship-253.png,ship
klsg,3,train,data/raw/SeabedObjects/ship/ship-254.png,ship
klsg,3,train,data/raw/SeabedObjects/ship/ship-255.png,ship
klsg,3,train,data/raw/SeabedObjects/ship/ship-256.png,ship
klsg,3,train,data/raw/SeabedObjects/ship/ship-257.png,ship
klsg,3,train,data/raw/SeabedObjects/ship/ship-258.png,ship
klsg,3,train,data/raw/SeabedObjects/ship/ship-259.png,ship
klsg,3,train,data/raw/SeabedObjects/ship/ship-261.png,ship
klsg,3,train,data/raw/SeabedObjects/ship/ship-263.png,ship
klsg,3,train,data/raw/SeabedObjects/ship/ship-264.png,ship
klsg,3,train,data/raw/SeabedObjects/ship/ship-267.png,ship
klsg,3,train,data/raw/SeabedObjects/ship/ship-268.png,ship
klsg,3,train,data/raw/SeabedObjects/ship/ship-269.png,ship
klsg,3,train,data/raw/SeabedObjects/ship/ship-270.png,ship
klsg,3,train,data/raw/SeabedObjects/ship/ship-272.png,ship
klsg,3,train,data/raw/SeabedObjects/ship/ship-274.png,ship
klsg,3,train,data/raw/SeabedObjects/ship/ship-275.png,ship
klsg,3,train,data/raw/SeabedObjects/ship/ship-276.png,ship
klsg,3,train,data/raw/SeabedObjects/ship/ship-278.png,ship
klsg,3,train,data/raw/SeabedObjects/ship/ship-279.png,ship
klsg,3,train,data/raw/SeabedObjects/ship/ship-281.png,ship
klsg,3,train,data/raw/SeabedObjects/ship/ship-282.png,ship
klsg,3,train,data/raw/SeabedObjects/ship/ship-283.png,ship
klsg,3,train,data/raw/SeabedObjects/ship/ship-284.png,ship
klsg,3,train,data/raw/SeabedObjects/ship/ship-285.png,ship
klsg,3,train,data/raw/SeabedObjects/ship/ship-286.png,ship
klsg,3,train,data/raw/SeabedObjects/ship/ship-287.png,ship
klsg,3,train,data/raw/SeabedObjects/ship/ship-289.png,ship
klsg,3,train,data/raw/SeabedObjects/ship/ship-290.png,ship
klsg,3,train,data/raw/SeabedObjects/ship/ship-291.png,ship
klsg,3,train,data/raw/SeabedObjects/ship/ship-292.png,ship
klsg,3,train,data/raw/SeabedObjects/ship/ship-293.png,ship
klsg,3,train,data/raw/SeabedObjects/ship/ship-296.png,ship
klsg,3,train,data/raw/SeabedObjects/ship/ship-297.png,ship
klsg,3,train,data/raw/SeabedObjects/ship/ship-298.png,ship
klsg,3,train,data/raw/SeabedObjects/ship/ship-299.png,ship
klsg,3,train,data/raw/SeabedObjects/ship/ship-300.png,ship
klsg,3,train,data/raw/SeabedObjects/ship/ship-301.png,ship
klsg,3,train,data/raw/SeabedObjects/ship/ship-302.png,ship
klsg,3,train,data/raw/SeabedObjects/ship/ship-303.png,ship
klsg,3,train,data/raw/SeabedObjects/ship/ship-305.png,ship
klsg,3,train,data/raw/SeabedObjects/ship/ship-306.png,ship
klsg,3,train,data/raw/SeabedObjects/ship/ship-307.png,ship
klsg,3,train,data/raw/SeabedObjects/ship/ship-308.png,ship
klsg,3,train,data/raw/SeabedObjects/ship/ship-309.png,ship
klsg,3,train,data/raw/SeabedObjects/ship/ship-312.png,ship
klsg,3,train,data/raw/SeabedObjects/ship/ship-313.png,ship
klsg,3,train,data/raw/SeabedObjects/ship/ship-314.png,ship
klsg,3,train,data/raw/SeabedObjects/ship/ship-316.png,ship
klsg,3,train,data/raw/SeabedObjects/ship/ship-318.png,ship
klsg,3,train,data/raw/SeabedObjects/ship/ship-319.png,ship
klsg,3,train,data/raw/SeabedObjects/ship/ship-320.png,ship
klsg,3,train,data/raw/SeabedObjects/ship/ship-321.png,ship
klsg,3,train,data/raw/SeabedObjects/ship/ship-322.png,ship
klsg,3,train,data/raw/SeabedObjects/ship/ship-325.png,ship
klsg,3,train,data/raw/SeabedObjects/ship/ship-326.png,ship
klsg,3,train,data/raw/SeabedObjects/ship/ship-327.png,ship
klsg,3,train,data/raw/SeabedObjects/ship/ship-330.png,ship
klsg,3,train,data/raw/SeabedObjects/ship/ship-332.png,ship
klsg,3,train,data/raw/SeabedObjects/ship/ship-333.png,ship
klsg,3,train,data/raw/SeabedObjects/ship/ship-334.png,ship
klsg,3,train,data/raw/SeabedObjects/ship/ship-339.png,ship
klsg,3,train,data/raw/SeabedObjects/ship/ship-340.png,ship
klsg,3,train,data/raw/SeabedObjects/ship/ship-341.png,ship
klsg,3,train,data/raw/SeabedObjects/ship/ship-344.png,ship
klsg,3,train,data/raw/SeabedObjects/ship/ship-346.png,ship
klsg,3,train,data/raw/SeabedObjects/ship/ship-347.png,ship
klsg,3,train,data/raw/SeabedObjects/ship/ship-348.png,ship
klsg,3,train,data/raw/SeabedObjects/ship/ship-349.png,ship
klsg,3,train,data/raw/SeabedObjects/ship/ship-350.png,ship
klsg,3,train,data/raw/SeabedObjects/ship/ship-351.png,ship
klsg,3,train,data/raw/SeabedObjects/ship/ship-352.png,ship
klsg,3,train,data/raw/SeabedObjects/ship/ship-353.png,ship
klsg,3,train,data/raw/SeabedObjects/ship/ship-354.png,ship
klsg,3,train,data/raw/SeabedObjects/ship/ship-357.png,ship
klsg,3,train,data/raw/SeabedObjects/ship/ship-359.png,ship
klsg,3,train,data/raw/SeabedObjects/ship/ship-361.png,ship
klsg,3,train,data/raw/SeabedObjects/ship/ship-362.png,ship
klsg,3,train,data/raw/SeabedObjects/ship/ship-363.png,ship
klsg,3,train,data/raw/SeabedObjects/ship/ship-365.png,ship
klsg,3,train,data/raw/SeabedObjects/ship/ship-366.png,ship
klsg,3,train,data/raw/SeabedObjects/ship/ship-367.png,ship
klsg,3,train,data/raw/SeabedObjects/ship/ship-368.png,ship
klsg,3,train,data/raw/SeabedObjects/ship/ship-369.png,ship
klsg,3,train,data/raw/SeabedObjects/ship/ship-370.png,ship
klsg,3,train,data/raw/SeabedObjects/ship/ship-371.png,ship
klsg,3,train,data/raw/SeabedObjects/ship/ship-372.png,ship
klsg,3,train,data/raw/SeabedObjects/ship/ship-373.png,ship
klsg,3,train,data/raw/SeabedObjects/ship/ship-374.png,ship
klsg,3,train,data/raw/SeabedObjects/ship/ship-375.png,ship
klsg,3,train,data/raw/SeabedObjects/ship/ship-376.png,ship
klsg,3,train,data/raw/SeabedObjects/ship/ship-377.png,ship
klsg,3,train,data/raw/SeabedObjects/ship/ship-378.png,ship
klsg,3,train,data/raw/SeabedObjects/ship/ship-379.png,ship
klsg,3,train,data/raw/SeabedObjects/ship/ship-380.png,ship
klsg,3,train,data/raw/SeabedObjects/ship/ship-381.png,ship
klsg,3,train,data/raw/SeabedObjects/ship/ship-383.png,ship
klsg,3,train,data/raw/SeabedObjects/ship/ship-384.png,ship
klsg,3,train,data/raw/SeabedObjects/ship/ship-385.png,ship
klsg,3,train,data/raw/SeabedObjects/ship/ship-386.png,ship
klsg,3,train,data/raw/SeabedObjects/ship/ship-387.png,ship
klsg,3,train,data/raw/SeabedObjects/ship/ship-389.png,ship
klsg,3,train,data/raw/SeabedObjects/ship/ship-390.png,ship
klsg,3,train,data/raw/SeabedObjects/ship/ship-391.png,ship
klsg,3,train,data/raw/SeabedObjects/ship/ship-392.png,ship
klsg,3,train,data/raw/SeabedObjects/ship/ship-394.png,ship
klsg,3,train,data/raw/SeabedObjects/ship/ship-395.png,ship
klsg,3,train,data/raw/SeabedObjects/ship/ship-396.png,ship
klsg,3,train,data/raw/SeabedObjects/ship/ship-397.png,ship
klsg,3,train,data/raw/SeabedObjects/ship/ship-399.png,ship
klsg,3,train,data/raw/SeabedObjects/ship/ship-400.png,ship
klsg,3,train,data/raw/SeabedObjects/ship/ship-401.png,ship
klsg,3,train,data/raw/SeabedObjects/ship/ship-402.png,ship
klsg,3,train,data/raw/SeabedObjects/ship/ship-403.png,ship
klsg,3,train,data/raw/SeabedObjects/ship/ship-404.png,ship
klsg,3,train,data/raw/SeabedObjects/ship/ship-405.png,ship
klsg,3,train,data/raw/SeabedObjects/ship/ship-406.png,ship
klsg,3,train,data/raw/SeabedObjects/ship/ship-407.png,ship
klsg,3,train,data/raw/SeabedObjects/ship/ship-408.png,ship
klsg,3,train,data/raw/SeabedObjects/ship/ship-409.png,ship
klsg,3,train,data/raw/SeabedObjects/ship/ship-410.png,ship
klsg,3,train,data/raw/SeabedObjects/ship/ship-411.png,ship
klsg,3,train,data/raw/SeabedObjects/ship/ship-412.png,ship
klsg,3,train,data/raw/SeabedObjects/ship/ship-413.png,ship
klsg,3,train,data/raw/SeabedObjects/ship/ship-414.png,ship
klsg,3,train,data/raw/SeabedObjects/ship/ship-415.png,ship
klsg,3,train,data/raw/SeabedObjects/ship/ship-416.png,ship
klsg,3,train,data/raw/SeabedObjects/ship/ship-417.png,ship
klsg,3,train,data/raw/SeabedObjects/ship/ship-418.png,ship
klsg,3,train,data/raw/SeabedObjects/ship/ship-419.png,ship
klsg,3,train,data/raw/SeabedObjects/ship/ship-421.png,ship
klsg,3,train,data/raw/SeabedObjects/ship/ship-422.png,ship
klsg,3,train,data/raw/SeabedObjects/ship/ship-423.png,ship
klsg,3,train,data/raw/SeabedObjects/ship/ship-424.png,ship
klsg,3,train,data/raw/SeabedObjects/ship/ship-425.png,ship
klsg,3,train,data/raw/SeabedObjects/ship/ship-426.png,ship
klsg,3,train,data/raw/SeabedObjects/ship/ship-428.png,ship
klsg,3,train,data/raw/SeabedObjects/ship/ship-429.png,ship
klsg,3,train,data/raw/SeabedObjects/ship/ship-430.png,ship
klsg,3,train,data/raw/SeabedObjects/ship/ship-431.png,ship
klsg,3,train,data/raw/SeabedObjects/ship/ship-432.png,ship
klsg,3,train,data/raw/SeabedObjects/ship/ship-433.png,ship
klsg,3,train,data/raw/SeabedObjects/ship/ship-434.png,ship
klsg,3,train,data/raw/SeabedObjects/ship/ship-435.png,ship
klsg,3,train,data/raw/SeabedObjects/ship/ship-436.png,ship
klsg,3,train,data/raw/SeabedObjects/ship/ship-438.png,ship
klsg,3,train,data/raw/SeabedObjects/ship/ship-441.png,ship
klsg,3,train,data/raw/SeabedObjects/ship/ship-443.png,ship
klsg,3,train,data/raw/SeabedObjects/ship/ship-444.png,ship
klsg,3,train,data/raw/SeabedObjects/ship/ship-445.png,ship
klsg,3,train,data/raw/SeabedObjects/ship/ship-447.png,ship
klsg,3,train,data/raw/SeabedObjects/ship/ship-448.png,ship
klsg,3,train,data/raw/SeabedObjects/ship/ship-449.png,ship
klsg,3,train,data/raw/SeabedObjects/ship/ship-450.png,ship
klsg,3,train,data/raw/SeabedObjects/ship/ship-451.png,ship
klsg,3,train,data/raw/SeabedObjects/ship/ship-452.png,ship
klsg,3,train,data/raw/SeabedObjects/ship/ship-455.png,ship
klsg,3,train,data/raw/SeabedObjects/ship/ship-456.png,ship
klsg,3,train,data/raw/SeabedObjects/ship/ship-457.png,ship
klsg,3,train,data/raw/SeabedObjects/ship/ship-459.png,ship
klsg,3,train,data/raw/SeabedObjects/ship/ship-460.png,ship
klsg,3,train,data/raw/SeabedObjects/ship/ship-461.png,ship
klsg,3,train,data/raw/SeabedObjects/ship/ship-462.png,ship
klsg,3,train,data/raw/SeabedObjects/ship/ship-463.png,ship
klsg,3,train,data/raw/SeabedObjects/ship/ship-466.png,ship
klsg,3,train,data/raw/SeabedObjects/ship/ship-467.png,ship
klsg,3,train,data/raw/SeabedObjects/ship/ship-468.png,ship
klsg,3,train,data/raw/SeabedObjects/ship/ship-469.png,ship
klsg,3,train,data/raw/SeabedObjects/ship/ship-470.png,ship
klsg,3,train,data/raw/SeabedObjects/ship/ship-471.png,ship
klsg,3,train,data/raw/SeabedObjects/ship/ship-472.png,ship
klsg,3,train,data/raw/SeabedObjects/ship/ship-473.png,ship
klsg,3,train,data/raw/SeabedObjects/ship/ship-475.png,ship
klsg,3,train,data/raw/SeabedObjects/ship/ship-476.png,ship
klsg,3,train,data/raw/SeabedObjects/ship/ship-477.png,ship
klsg,3,train,data/raw/SeabedObjects/ship/ship-479.png,ship
klsg,3,train,data/raw/SeabedObjects/ship/ship-482.png,ship
klsg,3,train,data/raw/SeabedObjects/ship/ship-483.png,ship
klsg,3,train,data/raw/SeabedObjects/ship/ship-484.png,ship
klsg,3,train,data/raw/SeabedObjects/ship/ship-485.png,ship
klsg,3,train,data/raw/SeabedObjects/ship/ship-486.png,ship
klsg,3,train,data/raw/SeabedObjects/ship/ship-487.png,ship
klsg,3,test,data/raw/SeabedObjects/airplane/plane-004.png,airplane
klsg,3,test,data/raw/SeabedObjects/airplane/plane-013.png,airplane
klsg,3,test,data/raw/SeabedObjects/airplane/plane-019.png,airplane
klsg,3,test,data/raw/SeabedObjects/airplane/plane-024.png,airplane
klsg,3,test,data/raw/SeabedObjects/airplane/plane-030.png,airplane
klsg,3,test,data/raw/SeabedObjects/airplane/plane-032.png,airplane
klsg,3,test,data/raw/SeabedObjects/airplane/plane-038.png,airplane
klsg,3,test,data/raw/SeabedObjects/airplane/plane-042.png,airplane
klsg,3,test,data/raw/SeabedObjects/airplane/plane-045.png,airplane
klsg,3,test,data/raw/SeabedObjects/airplane/plane-046.png,airplane
klsg,3,test,data/raw/SeabedObjects/airplane/plane-053.png,airplane
klsg,3,test,data/raw/SeabedObjects/airplane/plane-064.png,airplane
klsg,3,test,data/raw/SeabedObjects/airplane/plane-066.png,airplane
klsg,3,test,data/raw/SeabedObjects/ship/ship-001.png,ship
klsg,3,test,data/raw/SeabedObjects/ship/ship-003.png,ship
klsg,3,test,data/raw/SeabedObjects/ship/ship-005.png,ship
klsg,3,test,data/raw/SeabedObjects/ship/ship-015.png,ship
klsg,3,test,data/raw/SeabedObjects/ship/ship-016.png,ship
klsg,3,test,data/raw/SeabedObjects/ship/ship-025.png,ship
klsg,3,test,data/raw/SeabedObjects/ship/ship-036.png,ship
klsg,3,test,data/raw/SeabedObjects/ship/ship-042.png,ship
klsg,3,test,data/raw/SeabedObjects/ship/ship-054.png,ship
klsg,3,test,data/raw/SeabedObjects/ship/ship-061.png,ship
klsg,3,test,data/raw/SeabedObjects/ship/ship-071.png,ship
klsg,3,test,data/raw/SeabedObjects/ship/ship-073.png,ship
klsg,3,test,data/raw/SeabedObjects/ship/ship-082.png,ship
klsg,3,test,data/raw/SeabedObjects/ship/ship-088.png,ship
klsg,3,test,data/raw/SeabedObjects/ship/ship-093.png,ship
klsg,3,test,data/raw/SeabedObjects/ship/ship-106.png,ship
klsg,3,test,data/raw/SeabedObjects/ship/ship-112.png,ship
klsg,3,test,data/raw/SeabedObjects/ship/ship-118.png,ship
klsg,3,test,data/raw/SeabedObjects/ship/ship-119.png,ship
klsg,3,test,data/raw/SeabedObjects/ship/ship-120.png,ship
klsg,3,test,data/raw/SeabedObjects/ship/ship-121.png,ship
klsg,3,test,data/raw/SeabedObjects/ship/ship-122.png,ship
klsg,3,test,data/raw/SeabedObjects/ship/ship-123.png,ship
klsg,3,test,data/raw/SeabedObjects/ship/ship-124.png,ship
klsg,3,test,data/raw/SeabedObjects/ship/ship-130.png,ship
klsg,3,test,data/raw/SeabedObjects/ship/ship-131.png,ship
klsg,3,test,data/raw/SeabedObjects/ship/ship-135.png,ship
klsg,3,test,data/raw/SeabedObjects/ship/ship-139.png,ship
klsg,3,test,data/raw/SeabedObjects/ship/ship-140.png,ship
klsg,3,test,data/raw/SeabedObjects/ship/ship-142.png,ship
klsg,3,test,data/raw/SeabedObjects/ship/ship-144.png,ship
klsg,3,test,data/raw/SeabedObjects/ship/ship-148.png,ship
klsg,3,test,data/raw/SeabedObjects/ship/ship-152.png,ship
klsg,3,test,data/raw/SeabedObjects/ship/ship-166.png,ship
klsg,3,test,data/raw/SeabedObjects/ship/ship-167.png,ship
klsg,3,test,data/raw/SeabedObjects/ship/ship-182.png,ship
klsg,3,test,data/raw/SeabedObjects/ship/ship-194.png,ship
klsg,3,test,data/raw/SeabedObjects/ship/ship-195.png,ship
klsg,3,test,data/raw/SeabedObjects/ship/ship-202.png,ship
klsg,3,test,data/raw/SeabedObjects/ship/ship-207.png,ship
klsg,3,test,data/raw/SeabedObjects/ship/ship-208.png,ship
klsg,3,test,data/raw/SeabedObjects/ship/ship-223.png,ship
klsg,3,test,data/raw/SeabedObjects/ship/ship-226.png,ship
klsg,3,test,data/raw/SeabedObjects/ship/ship-243.png,ship
klsg,3,test,data/raw/SeabedObjects/ship/ship-260.png,ship
klsg,3,test,data/raw/SeabedObjects/ship/ship-262.png,ship
klsg,3,test,data/raw/SeabedObjects/ship/ship-265.png,ship
klsg,3,test,data/raw/SeabedObjects/ship/ship-266.png,ship
klsg,3,test,data/raw/SeabedObjects/ship/ship-271.png,ship
klsg,3,test,data/raw/SeabedObjects/ship/ship-273.png,ship
klsg,3,test,data/raw/SeabedObjects/ship/ship-277.png,ship
klsg,3,test,data/raw/SeabedObjects/ship/ship-280.png,ship
klsg,3,test,data/raw/SeabedObjects/ship/ship-288.png,ship
klsg,3,test,data/raw/SeabedObjects/ship/ship-294.png,ship
klsg,3,test,data/raw/SeabedObjects/ship/ship-295.png,ship
klsg,3,test,data/raw/SeabedObjects/ship/ship-304.png,ship
klsg,3,test,data/raw/SeabedObjects/ship/ship-310.png,ship
klsg,3,test,data/raw/SeabedObjects/ship/ship-311.png,ship
klsg,3,test,data/raw/SeabedObjects/ship/ship-315.png,ship
klsg,3,test,data/raw/SeabedObjects/ship/ship-317.png,ship
klsg,3,test,data/raw/SeabedObjects/ship/ship-323.png,ship
klsg,3,test,data/raw/SeabedObjects/ship/ship-324.png,ship
klsg,3,test,data/raw/SeabedObjects/ship/ship-328.png,ship
klsg,3,test,data/raw/SeabedObjects/ship/ship-329.png,ship
klsg,3,test,data/raw/SeabedObjects/ship/ship-331.png,ship
klsg,3,test,data/raw/SeabedObjects/ship/ship-335.png,ship
klsg,3,test,data/raw/SeabedObjects/ship/ship-336.png,ship
klsg,3,test,data/raw/SeabedObjects/ship/ship-337.png,ship
klsg,3,test,data/raw/SeabedObjects/ship/ship-338.png,ship
klsg,3,test,data/raw/SeabedObjects/ship/ship-342.png,ship
klsg,3,test,data/raw/SeabedObjects/ship/ship-343.png,ship
klsg,3,test,data/raw/SeabedObjects/ship/ship-345.png,ship
klsg,3,test,data/raw/SeabedObjects/ship/ship-355.png,ship
klsg,3,test,data/raw/SeabedObjects/ship/ship-356.png,ship
klsg,3,test,data/raw/SeabedObjects/ship/ship-358.png,ship
klsg,3,test,data/raw/SeabedObjects/ship/ship-360.png,ship
klsg,3,test,data/raw/SeabedObjects/ship/ship-364.png,ship
klsg,3,test,data/raw/SeabedObjects/ship/ship-382.png,ship
klsg,3,test,data/raw/SeabedObjects/ship/ship-388.png,ship
klsg,3,test,data/raw/SeabedObjects/ship/ship-393.png,ship
klsg,3,test,data/raw/SeabedObjects/ship/ship-398.png,ship
klsg,3,test,data/raw/SeabedObjects/ship/ship-420.png,ship
klsg,3,test,data/raw/SeabedObjects/ship/ship-427.png,ship
klsg,3,test,data/raw/SeabedObjects/ship/ship-437.png,ship
klsg,3,test,data/raw/SeabedObjects/ship/ship-439.png,ship
klsg,3,test,data/raw/SeabedObjects/ship/ship-440.png,ship
klsg,3,test,data/raw/SeabedObjects/ship/ship-442.png,ship
klsg,3,test,data/raw/SeabedObjects/ship/ship-446.png,ship
klsg,3,test,data/raw/SeabedObjects/ship/ship-453.png,ship
klsg,3,test,data/raw/SeabedObjects/ship/ship-454.png,ship
klsg,3,test,data/raw/SeabedObjects/ship/ship-458.png,ship
klsg,3,test,data/raw/SeabedObjects/ship/ship-464.png,ship
klsg,3,test,data/raw/SeabedObjects/ship/ship-465.png,ship
klsg,3,test,data/raw/SeabedObjects/ship/ship-474.png,ship
klsg,3,test,data/raw/SeabedObjects/ship/ship-478.png,ship
klsg,3,test,data/raw/SeabedObjects/ship/ship-480.png,ship
klsg,3,test,data/raw/SeabedObjects/ship/ship-481.png,ship
klsg,4,train,data/raw/SeabedObjects/airplane/plane-003.png,airplane
klsg,4,train,data/raw/SeabedObjects/airplane/plane-004.png,airplane
klsg,4,train,data/raw/SeabedObjects/airplane/plane-005.png,airplane
klsg,4,train,data/raw/SeabedObjects/airplane/plane-007.png,airplane
klsg,4,train,data/raw/SeabedObjects/airplane/plane-008.png,airplane
klsg,4,train,data/raw/SeabedObjects/airplane/plane-010.png,airplane
klsg,4,train,data/raw/SeabedObjects/airplane/plane-011.png,airplane
klsg,4,train,data/raw/SeabedObjects/airplane/plane-012.png,airplane
klsg,4,train,data/raw/SeabedObjects/airplane/plane-013.png,airplane
klsg,4,train,data/raw/SeabedObjects/airplane/plane-014.png,airplane
klsg,4,train,data/raw/SeabedObjects/airplane/plane-015.png,airplane
klsg,4,train,data/raw/SeabedObjects/airplane/plane-016.png,airplane
klsg,4,train,data/raw/SeabedObjects/airplane/plane-017.png,airplane
klsg,4,train,data/raw/SeabedObjects/airplane/plane-018.png,airplane
klsg,4,train,data/raw/SeabedObjects/airplane/plane-019.png,airplane
klsg,4,train,data/raw/SeabedObjects/airplane/plane-020.png,airplane
klsg,4,train,data/raw/SeabedObjects/airplane/plane-021.png,airplane
klsg,4,train,data/raw/SeabedObjects/airplane/plane-022.png,airplane
klsg,4,train,data/raw/SeabedObjects/airplane/plane-023.png,airplane
klsg,4,train,data/raw/SeabedObjects/airplane/plane-024.png,airplane
klsg,4,train,data/raw/SeabedObjects/airplane/plane-025.png,airplane
klsg,4,train,data/raw/SeabedObjects/airplane/plane-026.png,airplane
klsg,4,train,data/raw/SeabedObjects/airplane/plane-030.png,airplane
klsg,4,train,data/raw/SeabedObjects/airplane/plane-031.png,airplane
klsg,4,train,data/raw/SeabedObjects/airplane/plane-032.png,airplane
klsg,4,train,data/raw/SeabedObjects/airplane/plane-034.png,airplane
klsg,4,train,data/raw/SeabedObjects/airplane/plane-035.png,airplane
klsg,4,train,data/raw/SeabedObjects/airplane/plane-036.png,airplane
klsg,4,train,data/raw/SeabedObjects/airplane/plane-037.png,airplane
klsg,4,train,data/raw/SeabedObjects/airplane/plane-038.png,airplane
klsg,4,train,data/raw/SeabedObjects/airplane/plane-039.png,airplane
klsg,4,train,data/raw/SeabedObjects/airplane/plane-040.png,airplane
klsg,4,train,data/raw/SeabedObjects/airplane/plane-042.png,airplane
klsg,4,train,data/raw/SeabedObjects/airplane/plane-043.png,airplane
klsg,4,train,data/raw/SeabedObjects/airplane/plane-044.png,airplane
klsg,4,train,data/raw/SeabedObjects/airplane/plane-045.png,airplane
klsg,4,train,data/raw/SeabedObjects/airplane/plane-046.png,airplane
klsg,4,train,data/raw/SeabedObjects/airplane/plane-047.png,airplane
klsg,4,train,data/raw/SeabedObjects/airplane/plane-048.png,airplane
klsg,4,train,data/raw/SeabedObjects/airplane/plane-049.png,airplane
klsg,4,train,data/raw/SeabedObjects/airplane/plane-051.png,airplane
klsg,4,train,data/raw/SeabedObjects/airplane/plane-052.png,airplane
klsg,4,train,data/raw/SeabedObjects/airplane/plane-053.png,airplane
klsg,4,train,data/raw/SeabedObjects/airplane/plane-054.png,airplane
klsg,4,train,data/raw/SeabedObjects/airplane/plane-056.png,airplane
klsg,4,train,data/raw/SeabedObjects/airplane/plane-057.png,airplane
klsg,4,train,data/raw/SeabedObjects/airplane/plane-058.png,airplane
klsg,4,train,data/raw/SeabedObjects/airplane/plane-060.png,airplane
klsg,4,train,data/raw/SeabedObjects/airplane/plane-061.png,airplane
klsg,4,train,data/raw/SeabedObjects/airplane/plane-063.png,airplane
klsg,4,train,data/raw/SeabedObjects/airplane/plane-064.png,airplane
klsg,4,train,data/raw/SeabedObjects/airplane/plane-065.png,airplane
klsg,4,train,data/raw/SeabedObjects/airplane/plane-066.png,airplane
klsg,4,train,data/raw/SeabedObjects/ship/ship-001.png,ship
klsg,4,train,data/raw/SeabedObjects/ship/ship-002.png,ship
klsg,4,train,data/raw/SeabedObjects/ship/ship-003.png,ship
klsg,4,train,data/raw/SeabedObjects/ship/ship-004.png,ship
klsg,4,train,data/raw/SeabedObjects/ship/ship-005.png,ship
klsg,4,train,data/raw/SeabedObjects/ship/ship-006.png,ship
klsg,4,train,data/raw/SeabedObjects/ship/ship-007.png,ship
klsg,4,train,data/raw/SeabedObjects/ship/ship-008.png,ship
klsg,4,train,data/raw/SeabedObjects/ship/ship-009.png,ship
klsg,4,train,data/raw/SeabedObjects/ship/ship-011.png,ship
klsg,4,train,data/raw/SeabedObjects/ship/ship-012.png,ship
klsg,4,train,data/raw/SeabedObjects/ship/ship-015.png,ship
klsg,4,train,data/raw/SeabedObjects/ship/ship-016.png,ship
klsg,4,train,data/raw/SeabedObjects/ship/ship-017.png,ship
klsg,4,train,data/raw/SeabedObjects/ship/ship-018.png,ship
klsg,4,train,data/raw/SeabedObjects/ship/ship-020.png,ship
klsg,4,train,data/raw/SeabedObjects/ship/ship-021.png,ship
klsg,4,train,data/raw/SeabedObjects/ship/ship-022.png,ship
klsg,4,train,data/raw/SeabedObjects/ship/ship-023.png,ship
klsg,4,train,data/raw/SeabedObjects/ship/ship-024.png,ship
klsg,4,train,data/raw/SeabedObjects/ship/ship-025.png,ship
klsg,4,train,data/raw/SeabedObjects/ship/ship-026.png,ship
klsg,4,train,data/raw/SeabedObjects/ship/ship-028.png,ship
klsg,4,train,data/raw/SeabedObjects/ship/ship-029.png,ship
klsg,4,train,data/raw/SeabedObjects/ship/ship-030.png,ship
klsg,4,train,data/raw/SeabedObjects/ship/ship-031.png,ship
klsg,4,train,data/raw/SeabedObjects/ship/ship-033.png,ship
klsg,4,train,data/raw/SeabedObjects/ship/ship-036.png,ship
klsg,4,train,data/raw/SeabedObjects/ship/ship-037.png,ship
klsg,4,train,data/raw/SeabedObjects/ship/ship-040.png,ship
klsg,4,train,data/raw/SeabedObjects/ship/ship-041.png,ship
klsg,4,train,data/raw/SeabedObjects/ship/ship-042.png,ship
klsg,4,train,data/raw/SeabedObjects/ship/ship-043.png,ship
klsg,4,train,data/raw/SeabedObjects/ship/ship-044.png,ship
klsg,4,train,data/raw/SeabedObjects/ship/ship-046.png,ship
klsg,4,train,data/raw/SeabedObjects/ship/ship-047.png,ship
klsg,4,train,data/raw/SeabedObjects/ship/ship-048.png,ship
klsg,4,train,data/raw/SeabedObjects/ship/ship-050.png,ship
klsg,4,train,data/raw/SeabedObjects/ship/ship-051.png,ship
klsg,4,train,data/raw/SeabedObjects/ship/ship-053.png,ship
klsg,4,train,data/raw/SeabedObjects/ship/ship-054.png,ship
klsg,4,train,data/raw/SeabedObjects/ship/ship-057.png,ship
klsg,4,train,data/raw/SeabedObjects/ship/ship-058.png,ship
klsg,4,train,data/raw/SeabedObjects/ship/ship-059.png,ship
klsg,4,train,data/raw/SeabedObjects/ship/ship-061.png,ship
klsg,4,train,data/raw/SeabedObjects/ship/ship-063.png,ship
klsg,4,train,data/raw/SeabedObjects/ship/ship-065.png,ship
klsg,4,train,data/raw/SeabedObjects/ship/ship-066.png,ship
klsg,4,train,data/raw/SeabedObjects/ship/ship-067.png,ship
klsg,4,train,data/raw/SeabedObjects/ship/ship-068.png,ship
klsg,4,train,data/raw/SeabedObjects/ship/ship-069.png,ship
klsg,4,train,data/raw/SeabedObjects/ship/ship-070.png,ship
klsg,4,train,data/raw/SeabedObjects/ship/ship-071.png,ship
klsg,4,train,data/raw/SeabedObjects/ship/ship-072.png,ship
klsg,4,train,data/raw/SeabedObjects/ship/ship-073.png,ship
klsg,4,train,data/raw/SeabedObjects/ship/ship-074.png,ship
klsg,4,train,data/raw/SeabedObjects/ship/ship-076.png,ship
klsg,4,train,data/raw/SeabedObjects/ship/ship-077.png,ship
klsg,4,train,data/raw/SeabedObjects/ship/ship-078.png,ship
klsg,4,train,data/raw/SeabedObjects/ship/ship-079.png,ship
klsg,4,train,data/raw/SeabedObjects/ship/ship-080.png,ship
klsg,4,train,data/raw/SeabedObjects/ship/ship-081.png,ship
klsg,4,train,data/raw/SeabedObjects/ship/ship-082.png,ship
klsg,4,train,data/raw/SeabedObjects/ship/ship-083.png,ship
klsg,4,train,data/raw/SeabedObjects/ship/ship-084.png,ship
klsg,4,train,data/raw/SeabedObjects/ship/ship-086.png,ship
klsg,4,train,data/raw/SeabedObjects/ship/ship-087.png,ship
klsg,4,train,data/raw/SeabedObjects/ship/ship-088.png,ship
klsg,4,train,data/raw/SeabedObjects/ship/ship-089.png,ship
klsg,4,train,data/raw/SeabedObjects/ship/ship-090.png,ship
klsg,4,train,data/raw/SeabedObjects/ship/ship-091.png,ship
klsg,4,train,data/raw/SeabedObjects/ship/ship-092.png,ship
klsg,4,train,data/raw/SeabedObjects/ship/ship-093.png,ship
klsg,4,train,data/raw/SeabedObjects/ship/ship-094.png,ship
klsg,4,train,data/raw/SeabedObjects/ship/ship-095.png,ship
klsg,4,train,data/raw/SeabedObjects/ship/ship-096.png,ship
klsg,4,train,data/raw/SeabedObjects/ship/ship-097.png,ship
klsg,4,train,data/raw/SeabedObjects/ship/ship-098.png,ship
klsg,4,train,data/raw/SeabedObjects/ship/ship-099.png,ship
klsg,4,train,data/raw/SeabedObjects/ship/ship-100.png,ship
klsg,4,train,data/raw/SeabedObjects/ship/ship-102.png,ship
klsg,4,train,data/raw/SeabedObjects/ship/ship-103.png,ship
klsg,4,train,data/raw/SeabedObjects/ship/ship-104.png,ship
klsg,4,train,data/raw/SeabedObjects/ship/ship-105.png,ship
klsg,4,train,data/raw/SeabedObjects/ship/ship-106.png,ship
klsg,4,train,data/raw/SeabedObjects/ship/ship-107.png,ship
klsg,4,train,data/raw/SeabedObjects/ship/ship-108.png,ship
klsg,4,train,data/raw/SeabedObjects/ship/ship-109.png,ship
klsg,4,train,data/raw/SeabedObjects/ship/ship-110.png,ship
klsg,4,train,data/raw/SeabedObjects/ship/ship-111.png,ship
klsg,4,train,data/raw/SeabedObjects/ship/ship-112.png,ship
klsg,4,train,data/raw/SeabedObjects/ship/ship-115.png,ship
klsg,4,train,data/raw/SeabedObjects/ship/ship-116.png,ship
klsg,4,train,data/raw/SeabedObjects/ship/ship-118.png,ship
klsg,4,train,data/raw/SeabedObjects/ship/ship-119.png,ship
klsg,4,train,data/raw/SeabedObjects/ship/ship-120.png,ship
klsg,4,train,data/raw/SeabedObjects/ship/ship-121.png,ship
klsg,4,train,data/raw/SeabedObjects/ship/ship-122.png,ship
klsg,4,train,data/raw/SeabedObjects/ship/ship-123.png,ship
klsg,4,train,data/raw/SeabedObjects/ship/ship-124.png,ship
klsg,4,train,data/raw/SeabedObjects/ship/ship-125.png,ship
klsg,4,train,data/raw/SeabedObjects/ship/ship-126.png,ship
klsg,4,train,data/raw/SeabedObjects/ship/ship-127.png,ship
klsg,4,train,data/raw/SeabedObjects/ship/ship-129.png,ship
klsg,4,train,data/raw/SeabedObjects/ship/ship-130.png,ship
klsg,4,train,data/raw/SeabedObjects/ship/ship-131.png,ship
klsg,4,train,data/raw/SeabedObjects/ship/ship-132.png,ship
klsg,4,train,data/raw/SeabedObjects/ship/ship-133.png,ship
klsg,4,train,data/raw/SeabedObjects/ship/ship-134.png,ship
klsg,4,train,data/raw/SeabedObjects/ship/ship-135.png,ship
klsg,4,train,data/raw/SeabedObjects/ship/ship-137.png,ship
klsg,4,train,data/raw/SeabedObjects/ship/ship-138.png,ship
klsg,4,train,data/raw/SeabedObjects/ship/ship-139.png,ship
klsg,4,train,data/raw/SeabedObjects/ship/ship-140.png,ship
klsg,4,train,data/raw/SeabedObjects/ship/ship-141.png,ship
klsg,4,train,data/raw/SeabedObjects/ship/ship-142.png,ship
klsg,4,train,data/raw/SeabedObjects/ship/ship-143.png,ship
klsg,4,train,data/raw/SeabedObjects/ship/ship-144.png,ship
klsg,4,train,data/raw/SeabedObjects/ship/ship-147.png,ship
klsg,4,train,data/raw/SeabedObjects/ship/ship-148.png,ship
klsg,4,train,data/raw/SeabedObjects/ship/ship-149.png,ship
klsg,4,train,data/raw/SeabedObjects/ship/ship-150.png,ship
klsg,4,train,data/raw/SeabedObjects/ship/ship-151.png,ship
klsg,4,train,data/raw/SeabedObjects/ship/ship-152.png,ship
klsg,4,train,data/raw/SeabedObjects/ship/ship-153.png,ship
klsg,4,train,data/raw/SeabedObjects/ship/ship-154.png,ship
klsg,4,train,data/raw/SeabedObjects/ship/ship-156.png,ship
klsg,4,train,data/raw/SeabedObjects/ship/ship-157.png,ship
klsg,4,train,data/raw/SeabedObjects/ship/ship-158.png,ship
klsg,4,train,data/raw/SeabedObjects/ship/ship-159.png,ship
klsg,4,train,data/raw/SeabedObjects/ship/ship-162.png,ship
klsg,4,train,data/raw/SeabedObjects/ship/ship-164.png,ship
klsg,4,train,data/raw/SeabedObjects/ship/ship-165.png,ship
klsg,4,train,data/raw/SeabedObjects/ship/ship-166.png,ship
klsg,4,train,data/raw/SeabedObjects/ship/ship-167.png,ship
klsg,4,train,data/raw/SeabedObjects/ship/ship-168.png,ship
klsg,4,train,data/raw/SeabedObjects/ship/ship-169.png,ship
klsg,4,train,data/raw/SeabedObjects/ship/ship-170.png,ship
klsg,4,train,data/raw/SeabedObjects/ship/ship-172.png,ship
klsg,4,train,data/raw/SeabedObjects/ship/ship-173.png,ship
klsg,4,train,data/raw/SeabedObjects/ship/ship-174.png,ship
klsg,4,train,data/raw/SeabedObjects/ship/ship-175.png,ship
klsg,4,train,data/raw/SeabedObjects/ship/ship-176.png,ship
klsg,4,train,data/raw/SeabedObjects/ship/ship-178.png,ship
klsg,4,train,data/raw/SeabedObjects/ship/ship-179.png,ship
klsg,4,train,data/raw/SeabedObjects/ship/ship-180.png,ship
klsg,4,train,data/raw/SeabedObjects/ship/ship-181.png,ship
klsg,4,train,data/raw/SeabedObjects/ship/ship-182.png,ship
klsg,4,train,data/raw/SeabedObjects/ship/ship-183.png,ship
klsg,4,train,data/raw/SeabedObjects/ship/ship-184.png,ship
klsg,4,train,data/raw/SeabedObjects/ship/ship-185.png,ship
klsg,4,train,data/raw/SeabedObjects/ship/ship-186.png,ship
klsg,4,train,data/raw/SeabedObjects/ship/ship-187.png,ship
klsg,4,train,data/raw/SeabedObjects/ship/ship-188.png,ship
klsg,4,train,data/raw/SeabedObjects/ship/ship-190.png,ship
klsg,4,train,data/raw/SeabedObjects/ship/ship-191.png,ship
klsg,4,train,data/raw/SeabedObjects/ship/ship-192.png,ship
klsg,4,train,data/raw/SeabedObjects/ship/ship-193.png,ship
klsg,4,train,data/raw/SeabedObjects/ship/ship-194.png,ship
klsg,4,train,data/raw/SeabedObjects/ship/ship-195.png,ship
klsg,4,train,data/raw/SeabedObjects/ship/ship-196.png,ship
klsg,4,train,data/raw/SeabedObjects/ship/ship-197.png,ship
klsg,4,train,data/raw/SeabedObjects/ship/ship-198.png,ship
klsg,4,train,data/raw/SeabedObjects/ship/ship-200.png,ship
klsg,4,train,data/raw/SeabedObjects/ship/ship-201.png,ship
klsg,4,train,data/raw/SeabedObjects/ship/ship-202.png,ship
klsg,4,train,data/raw/SeabedObjects/ship/ship-203.png,ship
klsg,4,train,data/raw/SeabedObjects/ship/ship-204.png,ship
klsg,4,train,data/raw/SeabedObjects/ship/ship-205.png,ship
klsg,4,train,data/raw/SeabedObjects/ship/ship-206.png,ship
klsg,4,train,data/raw/SeabedObjects/ship/ship-207.png,ship
klsg,4,train,data/raw/SeabedObjects/ship/ship-208.png,ship
klsg,4,train,data/raw/SeabedObjects/ship/ship-209.png,ship
klsg,4,train,data/raw/SeabedObjects/ship/ship-210.png,ship
klsg,4,train,data/raw/SeabedObjects/ship/ship-211.png,ship
klsg,4,train,data/raw/SeabedObjects/ship/ship-212.png,ship
klsg,4,train,data/raw/SeabedObjects/ship/ship-213.png,ship
klsg,4,train,data/raw/SeabedObjects/ship/ship-214.png,ship
klsg,4,train,data/raw/SeabedObjects/ship/ship-215.png,ship
klsg,4,train,data/raw/SeabedObjects/ship/ship-216.png,ship
klsg,4,train,data/raw/SeabedObjects/ship/ship-217.png,ship
klsg,4,train,data/raw/SeabedObjects/ship/ship-218.png,ship
klsg,4,train,data/raw/SeabedObjects/ship/ship-219.png,ship
klsg,4,train,data/raw/SeabedObjects/ship/ship-220.png,ship
klsg,4,train,data/raw/SeabedObjects/ship/ship-222.png,ship
klsg,4,train,data/raw/SeabedObjects/ship/ship-223.png,ship
klsg,4,train,data/raw/SeabedObjects/ship/ship-224.png,ship
klsg,4,train,data/raw/SeabedObjects/ship/ship-225.png,ship
klsg,4,train,data/raw/SeabedObjects/ship/ship-226.png,ship
klsg,4,train,data/raw/SeabedObjects/ship/ship-227.png,ship
klsg,4,train,data/raw/SeabedObjects/ship/ship-228.png,ship
klsg,4,train,data/raw/SeabedObjects/ship/ship-229.png,ship
klsg,4,train,data/raw/SeabedObjects/ship/ship-232.png,ship
klsg,4,train,data/raw/SeabedObjects/ship/ship-233.png,ship
klsg,4,train,data/raw/SeabedObjects/ship/ship-235.png,ship
klsg,4,train,data/raw/SeabedObjects/ship/ship-236.png,ship
klsg,4,train,data/raw/SeabedObjects/ship/ship-238.png,ship
klsg,4,train,data/raw/SeabedObjects/ship/ship-239.png,ship
klsg,4,train,data/raw/SeabedObjects/ship/ship-240.png,ship
klsg,4,train,data/raw/SeabedObjects/ship/ship-241.png,ship
klsg,4,train,data/raw/SeabedObjects/ship/ship-242.png,ship
klsg,4,train,data/raw/SeabedObjects/ship/ship-243.png,ship
klsg,4,train,data/raw/SeabedObjects/ship/ship-245.png,ship
klsg,4,train,data/raw/SeabedObjects/ship/ship-246.png,ship
klsg,4,train,data/raw/SeabedObjects/ship/ship-247.png,ship
klsg,4,train,data/raw/SeabedObjects/ship/ship-248.png,ship
klsg,4,train,data/raw/SeabedObjects/ship/ship-249.png,ship
klsg,4,train,data/raw/SeabedObjects/ship/ship-250.png,ship
klsg,4,train,data/raw/SeabedObjects/ship/ship-251.png,ship
klsg,4,train,data/raw/SeabedObjects/ship/ship-252.png,ship
klsg,4,train,data/raw/SeabedObjects/ship/ship-255.png,ship
klsg,4,train,data/raw/SeabedObjects/ship/ship-256.png,ship
klsg,4,train,data/raw/SeabedObjects/ship/ship-258.png,ship
klsg,4,train,data/raw/SeabedObjects/ship/ship-259.png,ship
klsg,4,train,data/raw/SeabedObjects/ship/ship-260.png,ship
klsg,4,train,data/raw/SeabedObjects/ship/ship-261.png,ship
klsg,4,train,data/raw/SeabedObjects/ship/ship-262.png,ship
klsg,4,train,data/raw/SeabedObjects/ship/ship-263.png,ship
klsg,4,train,data/raw/SeabedObjects/ship/ship-264.png,ship
klsg,4,train,data/raw/SeabedObjects/ship/ship-265.png,ship
klsg,4,train,data/raw/SeabedObjects/ship/ship-266.png,ship
klsg,4,train,data/raw/SeabedObjects/ship/ship-269.png,ship
klsg,4,train,data/raw/SeabedObjects/ship/ship-271.png,ship
klsg,4,train,data/raw/SeabedObjects/ship/ship-273.png,ship
klsg,4,train,data/raw/SeabedObjects/ship/ship-274.png,ship
klsg,4,train,data/raw/SeabedObjects/ship/ship-275.png,ship
klsg,4,train,data/raw/SeabedObjects/ship/ship-276.png,ship
klsg,4,train,data/raw/SeabedObjects/ship/ship-277.png,ship
klsg,4,train,data/raw/SeabedObjects/ship/ship-278.png,ship
klsg,4,train,data/raw/SeabedObjects/ship/ship-279.png,ship
klsg,4,train,data/raw/SeabedObjects/ship/ship-280.png,ship
klsg,4,train,data/raw/SeabedObjects/ship/ship-281.png,ship
klsg,4,train,data/raw/SeabedObjects/ship/ship-282.png,ship
klsg,4,train,data/raw/SeabedObjects/ship/ship-284.png,ship
klsg,4,train,data/raw/SeabedObjects/ship/ship-285.png,ship
klsg,4,train,data/raw/SeabedObjects/ship/ship-287.png,ship
klsg,4,train,data/raw/SeabedObjects/ship/ship-288.png,ship
klsg,4,train,data/raw/SeabedObjects/ship/ship-289.png,ship
klsg,4,train,data/raw/SeabedObjects/ship/ship-291.png,ship
klsg,4,train,data/raw/SeabedObjects/ship/ship-293.png,ship
klsg,4,train,data/raw/SeabedObjects/ship/ship-294.png,ship
klsg,4,train,data/raw/SeabedObjects/ship/ship-295.png,ship
klsg,4,train,data/raw/SeabedObjects/ship/ship-296.png,ship
klsg,4,train,data/raw/SeabedObjects/ship/ship-298.png,ship
klsg,4,train,data/raw/SeabedObjects/ship/ship-299.png,ship
klsg,4,train,data/raw/SeabedObjects/ship/ship-300.png,ship
klsg,4,train,data/raw/SeabedObjects/ship/ship-302.png,ship
klsg,4,train,data/raw/SeabedObjects/ship/ship-304.png,ship
klsg,4,train,data/raw/SeabedObjects/ship/ship-306.png,ship
klsg,4,train,data/raw/SeabedObjects/ship/ship-307.png,ship
klsg,4,train,data/raw/SeabedObjects/ship/ship-308.png,ship
klsg,4,train,data/raw/SeabedObjects/ship/ship-309.png,ship
klsg,4,train,data/raw/SeabedObjects/ship/ship-310.png,ship
klsg,4,train,data/raw/SeabedObjects/ship/ship-311.png,ship
klsg,4,train,data/raw/SeabedObjects/ship/ship-315.png,ship
klsg,4,train,data/raw/SeabedObjects/ship/ship-316.png,ship
klsg,4,train,data/raw/SeabedObjects/ship/ship-317.png,ship
klsg,4,train,data/raw/SeabedObjects/ship/ship-318.png,ship
klsg,4,train,data/raw/SeabedObjects/ship/ship-320.png,ship
klsg,4,train,data/raw/SeabedObjects/ship/ship-321.png,ship
klsg,4,train,data/raw/SeabedObjects/ship/ship-323.png,ship
klsg,4,train,data/raw/SeabedObjects/ship/ship-324.png,ship
klsg,4,train,data/raw/SeabedObjects/ship/ship-328.png,ship
klsg,4,train,data/raw/SeabedObjects/ship/ship-329.png,ship
klsg,4,train,data/raw/SeabedObjects/ship/ship-331.png,ship
klsg,4,train,data/raw/SeabedObjects/ship/ship-333.png,ship
klsg,4,train,data/raw/SeabedObjects/ship/ship-334.png,ship
klsg,4,train,data/raw/SeabedObjects/ship/ship-335.png,ship
klsg,4,train,data/raw/SeabedObjects/ship/ship-336.png,ship
klsg,4,train,data/raw/SeabedObjects/ship/ship-337.png,ship
klsg,4,train,data/raw/SeabedObjects/ship/ship-338.png,ship
klsg,4,train,data/raw/SeabedObjects/ship/ship-339.png,ship
klsg,4,train,data/raw/SeabedObjects/ship/ship-341.png,ship
klsg,4,train,data/raw/SeabedObjects/ship/ship-342.png,ship
klsg,4,train,data/raw/SeabedObjects/ship/ship-343.png,ship
klsg,4,train,data/raw/SeabedObjects/ship/ship-344.png,ship
klsg,4,train,data/raw/SeabedObjects/ship/ship-345.png,ship
klsg,4,train,data/raw/SeabedObjects/ship/ship-346.png,ship
klsg,4,train,data/raw/SeabedObjects/ship/ship-347.png,ship
klsg,4,train,data/raw/SeabedObjects/ship/ship-348.png,ship
klsg,4,train,data/raw/SeabedObjects/ship/ship-349.png,ship
klsg,4,train,data/raw/SeabedObjects/ship/ship-350.png,ship
klsg,4,train,data/raw/SeabedObjects/ship/ship-351.png,ship
klsg,4,train,data/raw/SeabedObjects/ship/ship-353.png,ship
klsg,4,train,data/raw/SeabedObjects/ship/ship-355.png,ship
klsg,4,train,data/raw/SeabedObjects/ship/ship-356.png,ship
klsg,4,train,data/raw/SeabedObjects/ship/ship-357.png,ship
klsg,4,train,data/raw/SeabedObjects/ship/ship-358.png,ship
klsg,4,train,data/raw/SeabedObjects/ship/ship-359.png,ship
klsg,4,train,data/raw/SeabedObjects/ship/ship-360.png,ship
klsg,4,train,data/raw/SeabedObjects/ship/ship-362.png,ship
klsg,4,train,data/raw/SeabedObjects/ship/ship-364.png,ship
klsg,4,train,data/raw/SeabedObjects/ship/ship-365.png,ship
klsg,4,train,data/raw/SeabedObjects/ship/ship-367.png,ship
klsg,4,train,data/raw/SeabedObjects/ship/ship-368.png,ship
klsg,4,train,data/raw/SeabedObjects/ship/ship-369.png,ship
klsg,4,train,data/raw/SeabedObjects/ship/ship-370.png,ship
klsg,4,train,data/raw/SeabedObjects/ship/ship-371.png,ship
klsg,4,train,data/raw/SeabedObjects/ship/ship-372.png,ship
klsg,4,train,data/raw/SeabedObjects/ship/ship-373.png,ship
klsg,4,train,data/raw/SeabedObjects/ship/ship-375.png,ship
klsg,4,train,data/raw/SeabedObjects/ship/ship-376.png,ship
klsg,4,train,data/raw/SeabedObjects/ship/ship-377.png,ship
klsg,4,train,data/raw/SeabedObjects/ship/ship-378.png,ship
klsg,4,train,data/raw/SeabedObjects/ship/ship-379.png,ship
klsg,4,train,data/raw/SeabedObjects/ship/ship-380.png,ship
klsg,4,train,data/raw/SeabedObjects/ship/ship-382.png,ship
klsg,4,train,data/raw/SeabedObjects/ship/ship-383.png,ship
klsg,4,train,data/raw/SeabedObjects/ship/ship-384.png,ship
klsg,4,train,data/raw/SeabedObjects/ship/ship-385.png,ship
klsg,4,train,data/raw/SeabedObjects/ship/ship-386.png,ship
klsg,4,train,data/raw/SeabedObjects/ship/ship-388.png,ship
klsg,4,train,data/raw/SeabedObjects/ship/ship-390.png,ship
klsg,4,train,data/raw/SeabedObjects/ship/ship-392.png,ship
klsg,4,train,data/raw/SeabedObjects/ship/ship-393.png,ship
klsg,4,train,data/raw/SeabedObjects/ship/ship-395.png,ship
klsg,4,train,data/raw/SeabedObjects/ship/ship-397.png,ship
klsg,4,train,data/raw/SeabedObjects/ship/ship-398.png,ship
klsg,4,train,data/raw/SeabedObjects/ship/ship-400.png,ship
klsg,4,train,data/raw/SeabedObjects/ship/ship-402.png,ship
klsg,4,train,data/raw/SeabedObjects/ship/ship-403.png,ship
klsg,4,train,data/raw/SeabedObjects/ship/ship-404.png,ship
klsg,4,train,data/raw/SeabedObjects/ship/ship-405.png,ship
klsg,4,train,data/raw/SeabedObjects/ship/ship-406.png,ship
klsg,4,train,data/raw/SeabedObjects/ship/ship-408.png,ship
klsg,4,train,data/raw/SeabedObjects/ship/ship-410.png,ship
klsg,4,train,data/raw/SeabedObjects/ship/ship-411.png,ship
klsg,4,train,data/raw/SeabedObjects/ship/ship-412.png,ship
klsg,4,train,data/raw/SeabedObjects/ship/ship-413.png,ship
klsg,4,train,data/raw/SeabedObjects/ship/ship-414.png,ship
klsg,4,train,data/raw/SeabedObjects/ship/ship-416.png,ship
klsg,4,train,data/raw/SeabedObjects/ship/ship-417.png,ship
klsg,4,train,data/raw/SeabedObjects/ship/ship-419.png,ship
klsg,4,train,data/raw/SeabedObjects/ship/ship-420.png,ship
klsg,4,train,data/raw/SeabedObjects/ship/ship-421.png,ship
klsg,4,train,data/raw/SeabedObjects/ship/ship-422.png,ship
klsg,4,train,data/raw/SeabedObjects/ship/ship-423.png,ship
klsg,4,train,data/raw/SeabedObjects/ship/ship-425.png,ship
klsg,4,train,data/raw/SeabedObjects/ship/ship-426.png,ship
klsg,4,train,data/raw/SeabedObjects/ship/ship-427.png,ship
klsg,4,train,data/raw/SeabedObjects/ship/ship-428.png,ship
klsg,4,train,data/raw/SeabedObjects/ship/ship-430.png,ship
klsg,4,train,data/raw/SeabedObjects/ship/ship-433.png,ship
klsg,4,train,data/raw/SeabedObjects/ship/ship-434.png,ship
klsg,4,train,data/raw/SeabedObjects/ship/ship-435.png,ship
klsg,4,train,data/raw/SeabedObjects/ship/ship-436.png,ship
klsg,4,train,data/raw/SeabedObjects/ship/ship-437.png,ship
klsg,4,train,data/raw/SeabedObjects/ship/ship-438.png,ship
klsg,4,train,data/raw/SeabedObjects/ship/ship-439.png,ship
klsg,4,train,data/raw/SeabedObjects/ship/ship-440.png,ship
klsg,4,train,data/raw/SeabedObjects/ship/ship-441.png,ship
klsg,4,train,data/raw/SeabedObjects/ship/ship-442.png,ship
klsg,4,train,data/raw/SeabedObjects/ship/ship-443.png,ship
klsg,4,train,data/raw/SeabedObjects/ship/ship-444.png,ship
klsg,4,train,data/raw/SeabedObjects/ship/ship-445.png,ship
klsg,4,train,data/raw/SeabedObjects/ship/ship-446.png,ship
klsg,4,train,data/raw/SeabedObjects/ship/ship-447.png,ship
klsg,4,train,data/raw/SeabedObjects/ship/ship-449.png,ship
klsg,4,train,data/raw/SeabedObjects/ship/ship-451.png,ship
klsg,4,train,data/raw/SeabedObjects/ship/ship-452.png,ship
klsg,4,train,data/raw/SeabedObjects/ship/ship-453.png,ship
klsg,4,train,data/raw/SeabedObjects/ship/ship-454.png,ship
klsg,4,train,data/raw/SeabedObjects/ship/ship-455.png,ship
klsg,4,train,data/raw/SeabedObjects/ship/ship-456.png,ship
klsg,4,train,data/raw/SeabedObjects/ship/ship-457.png,ship
klsg,4,train,data/raw/SeabedObjects/ship/ship-458.png,ship
klsg,4,train,data/raw/SeabedObjects/ship/ship-459.png,ship
klsg,4,train,data/raw/SeabedObjects/ship/ship-460.png,ship
klsg,4,train,data/raw/SeabedObjects/ship/ship-461.png,ship
klsg,4,train,data/raw/SeabedObjects/ship/ship-463.png,ship
klsg,4,train,data/raw/SeabedObjects/ship/ship-464.png,ship
klsg,4,train,data/raw/SeabedObjects/ship/ship-465.png,ship
klsg,4,train,data/raw/SeabedObjects/ship/ship-466.png,ship
klsg,4,train,data/raw/SeabedObjects/ship/ship-468.png,ship
klsg,4,train,data/raw/SeabedObjects/ship/ship-469.png,ship
klsg,4,train,data/raw/SeabedObjects/ship/ship-470.png,ship
klsg,4,train,data/raw/SeabedObjects/ship/ship-471.png,ship
klsg,4,train,data/raw/SeabedObjects/ship/ship-473.png,ship
klsg,4,train,data/raw/SeabedObjects/ship/ship-474.png,ship
klsg,4,train,data/raw/SeabedObjects/ship/ship-475.png,ship
klsg,4,train,data/raw/SeabedObjects/ship/ship-476.png,ship
klsg,4,train,data/raw/SeabedObjects/ship/ship-477.png,ship
klsg,4,train,data/raw/SeabedObjects/ship/ship-478.png,ship
klsg,4,train,data/raw/SeabedObjects/ship/ship-479.png,ship
klsg,4,train,data/raw/SeabedObjects/ship/ship-480.png,ship
klsg,4,train,data/raw/SeabedObjects/ship/ship-481.png,ship
klsg,4,train,data/raw/SeabedObjects/ship/ship-482.png,ship
klsg,4,train,data/raw/SeabedObjects/ship/ship-484.png,ship
klsg,4,train,data/raw/SeabedObjects/ship/ship-485.png,ship
klsg,4,train,data/raw/SeabedObjects/ship/ship-486.png,ship
klsg,4,test,data/raw/SeabedObjects/airplane/plane-001.png,airplane
klsg,4,test,data/raw/SeabedObjects/airplane/plane-002.png,airplane
klsg,4,test,data/raw/SeabedObjects/airplane/plane-006.png,airplane
klsg,4,test,data/raw/SeabedObjects/airplane/plane-009.png,airplane
klsg,4,test,data/raw/SeabedObjects/airplane/plane-027.png,airplane
klsg,4,test,data/raw/SeabedObjects/airplane/plane-028.png,airplane
klsg,4,test,data/raw/SeabedObjects/airplane/plane-029.png,airplane
klsg,4,test,data/raw/SeabedObjects/airplane/plane-033.png,airplane
klsg,4,test,data/raw/SeabedObjects/airplane/plane-041.png,airplane
klsg,4,test,data/raw/SeabedObjects/airplane/plane-050.png,airplane
klsg,4,test,data/raw/SeabedObjects/airplane/plane-055.png,airplane
klsg,4,test,data/raw/SeabedObjects/airplane/plane-059.png,airplane
klsg,4,test,data/raw/SeabedObjects/airplane/plane-062.png,airplane
klsg,4,test,data/raw/SeabedObjects/ship/ship-010.png,ship
klsg,4,test,data/raw/SeabedObjects/ship/ship-013.png,ship
klsg,4,test,data/raw/SeabedObjects/ship/ship-014.png,ship
klsg,4,test,data/raw/SeabedObjects/ship/ship-019.png,ship
klsg,4,test,data/raw/SeabedObjects/ship/ship-027.png,ship
klsg,4,test,data/raw/SeabedObjects/ship/ship-032.png,ship
klsg,4,test,data/raw/SeabedObjects/ship/ship-034.png,ship
klsg,4,test,data/raw/SeabedObjects/ship/ship-035.png,ship
klsg,4,test,data/raw/SeabedObjects/ship/ship-038.png,ship
klsg,4,test,data/raw/SeabedObjects/ship/ship-039.png,ship
klsg,4,test,data/raw/SeabedObjects/ship/ship-045.png,ship
klsg,4,test,data/raw/SeabedObjects/ship/ship-049.png,ship
klsg,4,test,data/raw/SeabedObjects/ship/ship-052.png,ship
klsg,4,test,data/raw/SeabedObjects/ship/ship-055.png,ship
klsg,4,test,data/raw/SeabedObjects/ship/ship-056.png,ship
klsg,4,test,data/raw/SeabedObjects/ship/ship-060.png,ship
klsg,4,test,data/raw/SeabedObjects/ship/ship-062.png,ship
klsg,4,test,data/raw/SeabedObjects/ship/ship-064.png,ship
klsg,4,test,data/raw/SeabedObjects/ship/ship-075.png,ship
klsg,4,test,data/raw/SeabedObjects/ship/ship-085.png,ship
klsg,4,test,data/raw/SeabedObjects/ship/ship-101.png,ship
klsg,4,test,data/raw/SeabedObjects/ship/ship-113.png,ship
klsg,4,test,data/raw/SeabedObjects/ship/ship-114.png,ship
klsg,4,test,data/raw/SeabedObjects/ship/ship-117.png,ship
klsg,4,test,data/raw/SeabedObjects/ship/ship-128.png,ship
klsg,4,test,data/raw/SeabedObjects/ship/ship-136.png,ship
klsg,4,test,data/raw/SeabedObjects/ship/ship-145.png,ship
klsg,4,test,data/raw/SeabedObjects/ship/ship-146.png,ship
klsg,4,test,data/raw/SeabedObjects/ship/ship-155.png,ship
klsg,4,test,data/raw/SeabedObjects/ship/ship-160.png,ship
klsg,4,test,data/raw/SeabedObjects/ship/ship-161.png,ship
klsg,4,test,data/raw/SeabedObjects/ship/ship-163.png,ship
klsg,4,test,data/raw/SeabedObjects/ship/ship-171.png,ship
klsg,4,test,data/raw/SeabedObjects/ship/ship-177.png,ship
klsg,4,test,data/raw/SeabedObjects/ship/ship-189.png,ship
klsg,4,test,data/raw/SeabedObjects/ship/ship-199.png,ship
klsg,4,test,data/raw/SeabedObjects/ship/ship-221.png,ship
klsg,4,test,data/raw/SeabedObjects/ship/ship-230.png,ship
klsg,4,test,data/raw/SeabedObjects/ship/ship-231.png,ship
klsg,4,test,data/raw/SeabedObjects/ship/ship-234.png,ship
klsg,4,test,data/raw/SeabedObjects/ship/ship-237.png,ship
klsg,4,test,data/raw/SeabedObjects/ship/ship-244.png,ship
klsg,4,test,data/raw/SeabedObjects/ship/ship-253.png,ship
klsg,4,test,data/raw/SeabedObjects/ship/ship-254.png,ship
klsg,4,test,data/raw/SeabedObjects/ship/ship-257.png,ship
klsg,4,test,data/raw/SeabedObjects/ship/ship-267.png,ship
klsg,4,test,data/raw/SeabedObjects/ship/ship-268.png,ship
klsg,4,test,data/raw/SeabedObjects/ship/ship-270.png,ship
klsg,4,test,data/raw/SeabedObjects/ship/ship-272.png,ship
klsg,4,test,data/raw/SeabedObjects/ship/ship-283.png,ship
klsg,4,test,data/raw/SeabedObjects/ship/ship-286.png,ship
klsg,4,test,data/raw/SeabedObjects/ship/ship-290.png,ship
klsg,4,test,data/raw/SeabedObjects/ship/ship-292.png,ship
klsg,4,test,data/raw/SeabedObjects/ship/ship-297.png,ship
klsg,4,test,data/raw/SeabedObjects/ship/ship-301.png,ship
klsg,4,test,data/raw/SeabedObjects/ship/ship-303.png,ship
klsg,4,test,data/raw/SeabedObjects/ship/ship-305.png,ship
klsg,4,test,data/raw/SeabedObjects/ship/ship-312.png,ship
klsg,4,test,data/raw/SeabedObjects/ship/ship-313.png,ship
klsg,4,test,data/raw/SeabedObjects/ship/ship-314.png,ship
klsg,4,test,data/raw/SeabedObjects/ship/ship-319.png,ship
klsg,4,test,data/raw/SeabedObjects/ship/ship-322.png,ship
klsg,4,test,data/raw/SeabedObjects/ship/ship-325.png,ship
klsg,4,test,data/raw/SeabedObjects/ship/ship-326.png,ship
klsg,4,test,data/raw/SeabedObjects/ship/ship-327.png,ship
klsg,4,test,data/raw/SeabedObjects/ship/ship-330.png,ship
klsg,4,test,data/raw/SeabedObjects/ship/ship-332.png,ship
klsg,4,test,data/raw/SeabedObjects/ship/ship-340.png,ship
klsg,4,test,data/raw/SeabedObjects/ship/ship-352.png,ship
klsg,4,test,data/raw/SeabedObjects/ship/ship-354.png,ship
klsg,4,test,data/raw/SeabedObjects/ship/ship-361.png,ship
klsg,4,test,data/raw/SeabedObjects/ship/ship-363.png,ship
klsg,4,test,data/raw/SeabedObjects/ship/ship-366.png,ship
klsg,4,test,data/raw/SeabedObjects/ship/ship-374.png,ship
klsg,4,test,data/raw/SeabedObjects/ship/ship-381.png,ship
klsg,4,test,data/raw/SeabedObjects/ship/ship-387.png,ship
klsg,4,test,data/raw/SeabedObjects/ship/ship-389.png,ship
klsg,4,test,data/raw/SeabedObjects/ship/ship-391.png,ship
klsg,4,test,data/raw/SeabedObjects/ship/ship-394.png,ship
klsg,4,test,data/raw/SeabedObjects/ship/ship-396.png,ship
klsg,4,test,data/raw/SeabedObjects/ship/ship-399.png,ship
klsg,4,test,data/raw/SeabedObjects/ship/ship-401.png,ship
klsg,4,test,data/raw/SeabedObjects/ship/ship-407.png,ship
klsg,4,test,data/raw/SeabedObjects/ship/ship-409.png,ship
klsg,4,test,data/raw/SeabedObjects/ship/ship-415.png,ship
klsg,4,test,data/raw/SeabedObjects/ship/ship-418.png,ship
klsg,4,test,data/raw/SeabedObjects/ship/ship-424.png,ship
klsg,4,test,data/raw/SeabedObjects/ship/ship-429.png,ship
klsg,4,test,data/raw/SeabedObjects/ship/ship-431.png,ship
klsg,4,test,data/raw/SeabedObjects/ship/ship-432.png,ship
klsg,4,test,data/raw/SeabedObjects/ship/ship-448.png,ship
klsg,4,test,data/raw/SeabedObjects/ship/ship-450.png,ship
klsg,4,test,data/raw/SeabedObjects/ship/ship-462.png,ship
klsg,4,test,data/raw/SeabedObjects/ship/ship-467.png,ship
klsg,4,test,data/raw/SeabedObjects/ship/ship-472.png,ship
klsg,4,test,data/raw/SeabedObjects/ship/ship-483.png,ship
klsg,4,test,data/raw/SeabedObjects/ship/ship-487.png,ship
